Board_ID,Difficulty,Algorithm,Threads,Rep,Time_s,Correct
easy_001,Easy,Serial,1,1,0.016457111,1
easy_001,Easy,Serial,1,2,0.016411515,1
easy_001,Easy,Serial,1,3,0.016606360,1
easy_001,Easy,Serial,1,4,0.016240665,1
easy_001,Easy,Serial,1,5,0.016217038,1
easy_001,Easy,Serial-MRV,1,1,0.003876135,1
easy_001,Easy,Serial-MRV,1,2,0.003841872,1
easy_001,Easy,Serial-MRV,1,3,0.003842035,1
easy_001,Easy,Serial-MRV,1,4,0.003856839,1
easy_001,Easy,Serial-MRV,1,5,0.003840657,1
easy_001,Easy,DLX,1,1,0.000440515,1
easy_001,Easy,DLX,1,2,0.000283490,1
easy_001,Easy,DLX,1,3,0.000282322,1
easy_001,Easy,DLX,1,4,0.000288209,1
easy_001,Easy,DLX,1,5,0.000281155,1
easy_001,Easy,DLX-OMP,4,1,0.000959226,1
easy_001,Easy,DLX-OMP,4,2,0.000776890,1
easy_001,Easy,DLX-OMP,4,3,0.000698907,1
easy_001,Easy,DLX-OMP,4,4,0.000498869,1
easy_001,Easy,DLX-OMP,4,5,0.000698512,1
easy_001,Easy,DLX-OMP,8,1,0.001538618,1
easy_001,Easy,DLX-OMP,8,2,0.000543380,1
easy_001,Easy,DLX-OMP,8,3,0.000768537,1
easy_001,Easy,DLX-OMP,8,4,0.000506104,1
easy_001,Easy,DLX-OMP,8,5,0.000722917,1
easy_001,Easy,DLX-OMP,16,1,0.001633298,1
easy_001,Easy,DLX-OMP,16,2,0.000779132,1
easy_001,Easy,DLX-OMP,16,3,0.000548927,1
easy_001,Easy,DLX-OMP,16,4,0.000730353,1
easy_001,Easy,DLX-OMP,16,5,0.000741382,1
easy_001,Easy,OpenMP,4,1,0.004293130,1
easy_001,Easy,OpenMP,4,2,0.003937873,1
easy_001,Easy,OpenMP,4,3,0.003942909,1
easy_001,Easy,OpenMP,4,4,0.003983426,1
easy_001,Easy,OpenMP,4,5,0.003967777,1
easy_001,Easy,OpenMP,8,1,0.004113772,1
easy_001,Easy,OpenMP,8,2,0.003965781,1
easy_001,Easy,OpenMP,8,3,0.004013450,1
easy_001,Easy,OpenMP,8,4,0.003981236,1
easy_001,Easy,OpenMP,8,5,0.003999030,1
easy_001,Easy,OpenMP,16,1,0.004475624,1
easy_001,Easy,OpenMP,16,2,0.004163156,1
easy_001,Easy,OpenMP,16,3,0.004433351,1
easy_001,Easy,OpenMP,16,4,0.004047836,1
easy_001,Easy,OpenMP,16,5,0.004092607,1
easy_002,Easy,Serial,1,1,0.005139306,1
easy_002,Easy,Serial,1,2,0.005047001,1
easy_002,Easy,Serial,1,3,0.005062221,1
easy_002,Easy,Serial,1,4,0.005044585,1
easy_002,Easy,Serial,1,5,0.005065566,1
easy_002,Easy,Serial-MRV,1,1,0.002394770,1
easy_002,Easy,Serial-MRV,1,2,0.002396507,1
easy_002,Easy,Serial-MRV,1,3,0.002412856,1
easy_002,Easy,Serial-MRV,1,4,0.002398220,1
easy_002,Easy,Serial-MRV,1,5,0.002396498,1
easy_002,Easy,DLX,1,1,0.000176283,1
easy_002,Easy,DLX,1,2,0.000163711,1
easy_002,Easy,DLX,1,3,0.000161451,1
easy_002,Easy,DLX,1,4,0.000160510,1
easy_002,Easy,DLX,1,5,0.000161039,1
easy_002,Easy,DLX-OMP,4,1,0.000409808,1
easy_002,Easy,DLX-OMP,4,2,0.000441515,1
easy_002,Easy,DLX-OMP,4,3,0.000423433,1
easy_002,Easy,DLX-OMP,4,4,0.000419204,1
easy_002,Easy,DLX-OMP,4,5,0.000410015,1
easy_002,Easy,DLX-OMP,8,1,0.000626702,1
easy_002,Easy,DLX-OMP,8,2,0.000437707,1
easy_002,Easy,DLX-OMP,8,3,0.000410424,1
easy_002,Easy,DLX-OMP,8,4,0.000580567,1
easy_002,Easy,DLX-OMP,8,5,0.000411442,1
easy_002,Easy,DLX-OMP,16,1,0.001922593,1
easy_002,Easy,DLX-OMP,16,2,0.000443748,1
easy_002,Easy,DLX-OMP,16,3,0.000638483,1
easy_002,Easy,DLX-OMP,16,4,0.000462117,1
easy_002,Easy,DLX-OMP,16,5,0.000604236,1
easy_002,Easy,OpenMP,4,1,0.004431485,1
easy_002,Easy,OpenMP,4,2,0.004285085,1
easy_002,Easy,OpenMP,4,3,0.004252941,1
easy_002,Easy,OpenMP,4,4,0.004283182,1
easy_002,Easy,OpenMP,4,5,0.004178440,1
easy_002,Easy,OpenMP,8,1,0.004269880,1
easy_002,Easy,OpenMP,8,2,0.004240355,1
easy_002,Easy,OpenMP,8,3,0.004313532,1
easy_002,Easy,OpenMP,8,4,0.004345280,1
easy_002,Easy,OpenMP,8,5,0.004226322,1
easy_002,Easy,OpenMP,16,1,0.004524713,1
easy_002,Easy,OpenMP,16,2,0.004379863,1
easy_002,Easy,OpenMP,16,3,0.004397656,1
easy_002,Easy,OpenMP,16,4,0.004363218,1
easy_002,Easy,OpenMP,16,5,0.002678377,1
easy_003,Easy,Serial,1,1,0.053406523,1
easy_003,Easy,Serial,1,2,0.054015924,1
easy_003,Easy,Serial,1,3,0.048292158,1
easy_003,Easy,Serial,1,4,0.043703195,1
easy_003,Easy,Serial,1,5,0.043682630,1
easy_003,Easy,Serial-MRV,1,1,0.003533768,1
easy_003,Easy,Serial-MRV,1,2,0.003531699,1
easy_003,Easy,Serial-MRV,1,3,0.003537504,1
easy_003,Easy,Serial-MRV,1,4,0.003907151,1
easy_003,Easy,Serial-MRV,1,5,0.003590626,1
easy_003,Easy,DLX,1,1,0.000207581,1
easy_003,Easy,DLX,1,2,0.000165799,1
easy_003,Easy,DLX,1,3,0.000163684,1
easy_003,Easy,DLX,1,4,0.000163104,1
easy_003,Easy,DLX,1,5,0.000163128,1
easy_003,Easy,DLX-OMP,4,1,0.000415630,1
easy_003,Easy,DLX-OMP,4,2,0.000308266,1
easy_003,Easy,DLX-OMP,4,3,0.000295629,1
easy_003,Easy,DLX-OMP,4,4,0.000467697,1
easy_003,Easy,DLX-OMP,4,5,0.000288196,1
easy_003,Easy,DLX-OMP,8,1,0.000748082,1
easy_003,Easy,DLX-OMP,8,2,0.000606217,1
easy_003,Easy,DLX-OMP,8,3,0.000586090,1
easy_003,Easy,DLX-OMP,8,4,0.000424558,1
easy_003,Easy,DLX-OMP,8,5,0.000412844,1
easy_003,Easy,DLX-OMP,16,1,0.001331311,1
easy_003,Easy,DLX-OMP,16,2,0.000583367,1
easy_003,Easy,DLX-OMP,16,3,0.000656363,1
easy_003,Easy,DLX-OMP,16,4,0.000629835,1
easy_003,Easy,DLX-OMP,16,5,0.000500316,1
easy_003,Easy,OpenMP,4,1,0.006408155,1
easy_003,Easy,OpenMP,4,2,0.006347331,1
easy_003,Easy,OpenMP,4,3,0.003804970,1
easy_003,Easy,OpenMP,4,4,0.003824353,1
easy_003,Easy,OpenMP,4,5,0.006251777,1
easy_003,Easy,OpenMP,8,1,0.006444217,1
easy_003,Easy,OpenMP,8,2,0.006345821,1
easy_003,Easy,OpenMP,8,3,0.006230655,1
easy_003,Easy,OpenMP,8,4,0.006292817,1
easy_003,Easy,OpenMP,8,5,0.006368969,1
easy_003,Easy,OpenMP,16,1,0.006679145,1
easy_003,Easy,OpenMP,16,2,0.004654976,1
easy_003,Easy,OpenMP,16,3,0.004594285,1
easy_003,Easy,OpenMP,16,4,0.004647468,1
easy_003,Easy,OpenMP,16,5,0.006535730,1
easy_004,Easy,Serial,1,1,0.004803372,1
easy_004,Easy,Serial,1,2,0.004063108,1
easy_004,Easy,Serial,1,3,0.004058361,1
easy_004,Easy,Serial,1,4,0.004059823,1
easy_004,Easy,Serial,1,5,0.004064727,1
easy_004,Easy,Serial-MRV,1,1,0.002996317,1
easy_004,Easy,Serial-MRV,1,2,0.002890091,1
easy_004,Easy,Serial-MRV,1,3,0.002878701,1
easy_004,Easy,Serial-MRV,1,4,0.002907490,1
easy_004,Easy,Serial-MRV,1,5,0.002887277,1
easy_004,Easy,DLX,1,1,0.000224171,1
easy_004,Easy,DLX,1,2,0.000192518,1
easy_004,Easy,DLX,1,3,0.000190204,1
easy_004,Easy,DLX,1,4,0.000196395,1
easy_004,Easy,DLX,1,5,0.000188057,1
easy_004,Easy,DLX-OMP,4,1,0.000449277,1
easy_004,Easy,DLX-OMP,4,2,0.000362408,1
easy_004,Easy,DLX-OMP,4,3,0.000339685,1
easy_004,Easy,DLX-OMP,4,4,0.000461703,1
easy_004,Easy,DLX-OMP,4,5,0.000441177,1
easy_004,Easy,DLX-OMP,8,1,0.000604620,1
easy_004,Easy,DLX-OMP,8,2,0.000496437,1
easy_004,Easy,DLX-OMP,8,3,0.000452780,1
easy_004,Easy,DLX-OMP,8,4,0.000588763,1
easy_004,Easy,DLX-OMP,8,5,0.000629423,1
easy_004,Easy,DLX-OMP,16,1,0.000952551,1
easy_004,Easy,DLX-OMP,16,2,0.000704980,1
easy_004,Easy,DLX-OMP,16,3,0.000479393,1
easy_004,Easy,DLX-OMP,16,4,0.000776046,1
easy_004,Easy,DLX-OMP,16,5,0.000475128,1
easy_004,Easy,OpenMP,4,1,0.004554580,1
easy_004,Easy,OpenMP,4,2,0.003086845,1
easy_004,Easy,OpenMP,4,3,0.003049285,1
easy_004,Easy,OpenMP,4,4,0.004382137,1
easy_004,Easy,OpenMP,4,5,0.004360703,1
easy_004,Easy,OpenMP,8,1,0.004530193,1
easy_004,Easy,OpenMP,8,2,0.004410693,1
easy_004,Easy,OpenMP,8,3,0.004346155,1
easy_004,Easy,OpenMP,8,4,0.004405526,1
easy_004,Easy,OpenMP,8,5,0.004332965,1
easy_004,Easy,OpenMP,16,1,0.005999413,1
easy_004,Easy,OpenMP,16,2,0.003746429,1
easy_004,Easy,OpenMP,16,3,0.004417141,1
easy_004,Easy,OpenMP,16,4,0.003743365,1
easy_004,Easy,OpenMP,16,5,0.004385961,1
easy_005,Easy,Serial,1,1,0.001312964,1
easy_005,Easy,Serial,1,2,0.001298839,1
easy_005,Easy,Serial,1,3,0.001191665,1
easy_005,Easy,Serial,1,4,0.000987445,1
easy_005,Easy,Serial,1,5,0.000990523,1
easy_005,Easy,Serial-MRV,1,1,0.003743488,1
easy_005,Easy,Serial-MRV,1,2,0.003776559,1
easy_005,Easy,Serial-MRV,1,3,0.003774376,1
easy_005,Easy,Serial-MRV,1,4,0.003771205,1
easy_005,Easy,Serial-MRV,1,5,0.003767664,1
easy_005,Easy,DLX,1,1,0.000293676,1
easy_005,Easy,DLX,1,2,0.000283387,1
easy_005,Easy,DLX,1,3,0.000297103,1
easy_005,Easy,DLX,1,4,0.000281642,1
easy_005,Easy,DLX,1,5,0.000279099,1
easy_005,Easy,DLX-OMP,4,1,0.000635290,1
easy_005,Easy,DLX-OMP,4,2,0.000530979,1
easy_005,Easy,DLX-OMP,4,3,0.000532154,1
easy_005,Easy,DLX-OMP,4,4,0.000519109,1
easy_005,Easy,DLX-OMP,4,5,0.000498999,1
easy_005,Easy,DLX-OMP,8,1,0.000640783,1
easy_005,Easy,DLX-OMP,8,2,0.000500257,1
easy_005,Easy,DLX-OMP,8,3,0.000555351,1
easy_005,Easy,DLX-OMP,8,4,0.000498892,1
easy_005,Easy,DLX-OMP,8,5,0.000519353,1
easy_005,Easy,DLX-OMP,16,1,0.001133431,1
easy_005,Easy,DLX-OMP,16,2,0.000737340,1
easy_005,Easy,DLX-OMP,16,3,0.000591029,1
easy_005,Easy,DLX-OMP,16,4,0.000563671,1
easy_005,Easy,DLX-OMP,16,5,0.000859388,1
easy_005,Easy,OpenMP,4,1,0.006181274,1
easy_005,Easy,OpenMP,4,2,0.005718611,1
easy_005,Easy,OpenMP,4,3,0.005772862,1
easy_005,Easy,OpenMP,4,4,0.005700520,1
easy_005,Easy,OpenMP,4,5,0.005758309,1
easy_005,Easy,OpenMP,8,1,0.004565904,1
easy_005,Easy,OpenMP,8,2,0.005643854,1
easy_005,Easy,OpenMP,8,3,0.005670278,1
easy_005,Easy,OpenMP,8,4,0.005687508,1
easy_005,Easy,OpenMP,8,5,0.005761029,1
easy_005,Easy,OpenMP,16,1,0.007536648,1
easy_005,Easy,OpenMP,16,2,0.005836439,1
easy_005,Easy,OpenMP,16,3,0.003546275,1
easy_005,Easy,OpenMP,16,4,0.005814178,1
easy_005,Easy,OpenMP,16,5,0.004476668,1
easy_006,Easy,Serial,1,1,0.005026882,1
easy_006,Easy,Serial,1,2,0.004947494,1
easy_006,Easy,Serial,1,3,0.004939375,1
easy_006,Easy,Serial,1,4,0.004964391,1
easy_006,Easy,Serial,1,5,0.004946660,1
easy_006,Easy,Serial-MRV,1,1,0.006185398,1
easy_006,Easy,Serial-MRV,1,2,0.006264250,1
easy_006,Easy,Serial-MRV,1,3,0.006613683,1
easy_006,Easy,Serial-MRV,1,4,0.006250751,1
easy_006,Easy,Serial-MRV,1,5,0.006230171,1
easy_006,Easy,DLX,1,1,0.000321747,1
easy_006,Easy,DLX,1,2,0.000287521,1
easy_006,Easy,DLX,1,3,0.000288703,1
easy_006,Easy,DLX,1,4,0.000285909,1
easy_006,Easy,DLX,1,5,0.000286828,1
easy_006,Easy,DLX-OMP,4,1,0.000625011,1
easy_006,Easy,DLX-OMP,4,2,0.000522877,1
easy_006,Easy,DLX-OMP,4,3,0.000544765,1
easy_006,Easy,DLX-OMP,4,4,0.000520688,1
easy_006,Easy,DLX-OMP,4,5,0.000528433,1
easy_006,Easy,DLX-OMP,8,1,0.000659761,1
easy_006,Easy,DLX-OMP,8,2,0.000662421,1
easy_006,Easy,DLX-OMP,8,3,0.000530889,1
easy_006,Easy,DLX-OMP,8,4,0.000662188,1
easy_006,Easy,DLX-OMP,8,5,0.000530466,1
easy_006,Easy,DLX-OMP,16,1,0.000850831,1
easy_006,Easy,DLX-OMP,16,2,0.000515208,1
easy_006,Easy,DLX-OMP,16,3,0.000546974,1
easy_006,Easy,DLX-OMP,16,4,0.000744312,1
easy_006,Easy,DLX-OMP,16,5,0.000508077,1
easy_006,Easy,OpenMP,4,1,0.006456335,1
easy_006,Easy,OpenMP,4,2,0.006310343,1
easy_006,Easy,OpenMP,4,3,0.006330273,1
easy_006,Easy,OpenMP,4,4,0.006270460,1
easy_006,Easy,OpenMP,4,5,0.006353169,1
easy_006,Easy,OpenMP,8,1,0.006493004,1
easy_006,Easy,OpenMP,8,2,0.006364636,1
easy_006,Easy,OpenMP,8,3,0.006402039,1
easy_006,Easy,OpenMP,8,4,0.006350136,1
easy_006,Easy,OpenMP,8,5,0.006374076,1
easy_006,Easy,OpenMP,16,1,0.007581413,1
easy_006,Easy,OpenMP,16,2,0.006502261,1
easy_006,Easy,OpenMP,16,3,0.006439448,1
easy_006,Easy,OpenMP,16,4,0.006493378,1
easy_006,Easy,OpenMP,16,5,0.006425583,1
easy_007,Easy,Serial,1,1,0.015592284,1
easy_007,Easy,Serial,1,2,0.015166673,1
easy_007,Easy,Serial,1,3,0.015140535,1
easy_007,Easy,Serial,1,4,0.015158617,1
easy_007,Easy,Serial,1,5,0.015314233,1
easy_007,Easy,Serial-MRV,1,1,0.003923349,1
easy_007,Easy,Serial-MRV,1,2,0.003919962,1
easy_007,Easy,Serial-MRV,1,3,0.003917666,1
easy_007,Easy,Serial-MRV,1,4,0.003939174,1
easy_007,Easy,Serial-MRV,1,5,0.003918116,1
easy_007,Easy,DLX,1,1,0.000383652,1
easy_007,Easy,DLX,1,2,0.000284092,1
easy_007,Easy,DLX,1,3,0.000290559,1
easy_007,Easy,DLX,1,4,0.000280811,1
easy_007,Easy,DLX,1,5,0.000280590,1
easy_007,Easy,DLX-OMP,4,1,0.001408812,1
easy_007,Easy,DLX-OMP,4,2,0.000650340,1
easy_007,Easy,DLX-OMP,4,3,0.000507512,1
easy_007,Easy,DLX-OMP,4,4,0.000513509,1
easy_007,Easy,DLX-OMP,4,5,0.000623049,1
easy_007,Easy,DLX-OMP,8,1,0.000738589,1
easy_007,Easy,DLX-OMP,8,2,0.000684092,1
easy_007,Easy,DLX-OMP,8,3,0.000504969,1
easy_007,Easy,DLX-OMP,8,4,0.000525716,1
easy_007,Easy,DLX-OMP,8,5,0.000666973,1
easy_007,Easy,DLX-OMP,16,1,0.000884904,1
easy_007,Easy,DLX-OMP,16,2,0.000511500,1
easy_007,Easy,DLX-OMP,16,3,0.000744168,1
easy_007,Easy,DLX-OMP,16,4,0.000651852,1
easy_007,Easy,DLX-OMP,16,5,0.000735649,1
easy_007,Easy,OpenMP,4,1,0.004092691,1
easy_007,Easy,OpenMP,4,2,0.003941544,1
easy_007,Easy,OpenMP,4,3,0.004025851,1
easy_007,Easy,OpenMP,4,4,0.004023124,1
easy_007,Easy,OpenMP,4,5,0.004395764,1
easy_007,Easy,OpenMP,8,1,0.002569551,1
easy_007,Easy,OpenMP,8,2,0.002495619,1
easy_007,Easy,OpenMP,8,3,0.003944127,1
easy_007,Easy,OpenMP,8,4,0.002496065,1
easy_007,Easy,OpenMP,8,5,0.004041118,1
easy_007,Easy,OpenMP,16,1,0.005702427,1
easy_007,Easy,OpenMP,16,2,0.004089559,1
easy_007,Easy,OpenMP,16,3,0.004079409,1
easy_007,Easy,OpenMP,16,4,0.004113400,1
easy_007,Easy,OpenMP,16,5,0.002504862,1
easy_008,Easy,Serial,1,1,0.000117198,1
easy_008,Easy,Serial,1,2,0.000086678,1
easy_008,Easy,Serial,1,3,0.000086175,1
easy_008,Easy,Serial,1,4,0.000086034,1
easy_008,Easy,Serial,1,5,0.000085703,1
easy_008,Easy,Serial-MRV,1,1,0.001780801,1
easy_008,Easy,Serial-MRV,1,2,0.001732908,1
easy_008,Easy,Serial-MRV,1,3,0.001731054,1
easy_008,Easy,Serial-MRV,1,4,0.001732448,1
easy_008,Easy,Serial-MRV,1,5,0.001748738,1
easy_008,Easy,DLX,1,1,0.000161188,1
easy_008,Easy,DLX,1,2,0.000155559,1
easy_008,Easy,DLX,1,3,0.000154465,1
easy_008,Easy,DLX,1,4,0.000159603,1
easy_008,Easy,DLX,1,5,0.000153053,1
easy_008,Easy,DLX-OMP,4,1,0.000360647,1
easy_008,Easy,DLX-OMP,4,2,0.000449167,1
easy_008,Easy,DLX-OMP,4,3,0.000299391,1
easy_008,Easy,DLX-OMP,4,4,0.000298831,1
easy_008,Easy,DLX-OMP,4,5,0.000298845,1
easy_008,Easy,DLX-OMP,8,1,0.000522208,1
easy_008,Easy,DLX-OMP,8,2,0.000426252,1
easy_008,Easy,DLX-OMP,8,3,0.000287438,1
easy_008,Easy,DLX-OMP,8,4,0.000547963,1
easy_008,Easy,DLX-OMP,8,5,0.000426336,1
easy_008,Easy,DLX-OMP,16,1,0.000823617,1
easy_008,Easy,DLX-OMP,16,2,0.000556646,1
easy_008,Easy,DLX-OMP,16,3,0.000435634,1
easy_008,Easy,DLX-OMP,16,4,0.000556434,1
easy_008,Easy,DLX-OMP,16,5,0.000577953,1
easy_008,Easy,OpenMP,4,1,0.001991728,1
easy_008,Easy,OpenMP,4,2,0.003054657,1
easy_008,Easy,OpenMP,4,3,0.001928056,1
easy_008,Easy,OpenMP,4,4,0.001847362,1
easy_008,Easy,OpenMP,4,5,0.001848655,1
easy_008,Easy,OpenMP,8,1,0.003135960,1
easy_008,Easy,OpenMP,8,2,0.003154649,1
easy_008,Easy,OpenMP,8,3,0.003120276,1
easy_008,Easy,OpenMP,8,4,0.003103548,1
easy_008,Easy,OpenMP,8,5,0.003064376,1
easy_008,Easy,OpenMP,16,1,0.003381244,1
easy_008,Easy,OpenMP,16,2,0.003166916,1
easy_008,Easy,OpenMP,16,3,0.003185506,1
easy_008,Easy,OpenMP,16,4,0.003128173,1
easy_008,Easy,OpenMP,16,5,0.003184740,1
easy_009,Easy,Serial,1,1,0.000310995,1
easy_009,Easy,Serial,1,2,0.000305425,1
easy_009,Easy,Serial,1,3,0.000334731,1
easy_009,Easy,Serial,1,4,0.000304902,1
easy_009,Easy,Serial,1,5,0.000304881,1
easy_009,Easy,Serial-MRV,1,1,0.001791007,1
easy_009,Easy,Serial-MRV,1,2,0.001762041,1
easy_009,Easy,Serial-MRV,1,3,0.001757210,1
easy_009,Easy,Serial-MRV,1,4,0.001754075,1
easy_009,Easy,Serial-MRV,1,5,0.001768481,1
easy_009,Easy,DLX,1,1,0.000163137,1
easy_009,Easy,DLX,1,2,0.000150871,1
easy_009,Easy,DLX,1,3,0.000150095,1
easy_009,Easy,DLX,1,4,0.000148737,1
easy_009,Easy,DLX,1,5,0.000148593,1
easy_009,Easy,DLX-OMP,4,1,0.000369632,1
easy_009,Easy,DLX-OMP,4,2,0.000298866,1
easy_009,Easy,DLX-OMP,4,3,0.000405870,1
easy_009,Easy,DLX-OMP,4,4,0.000414065,1
easy_009,Easy,DLX-OMP,4,5,0.000402722,1
easy_009,Easy,DLX-OMP,8,1,0.000505648,1
easy_009,Easy,DLX-OMP,8,2,0.000539660,1
easy_009,Easy,DLX-OMP,8,3,0.000302326,1
easy_009,Easy,DLX-OMP,8,4,0.000549157,1
easy_009,Easy,DLX-OMP,8,5,0.000408703,1
easy_009,Easy,DLX-OMP,16,1,0.001632895,1
easy_009,Easy,DLX-OMP,16,2,0.000488674,1
easy_009,Easy,DLX-OMP,16,3,0.000399535,1
easy_009,Easy,DLX-OMP,16,4,0.000576080,1
easy_009,Easy,DLX-OMP,16,5,0.000414089,1
easy_009,Easy,OpenMP,4,1,0.001998477,1
easy_009,Easy,OpenMP,4,2,0.001971878,1
easy_009,Easy,OpenMP,4,3,0.002355985,1
easy_009,Easy,OpenMP,4,4,0.003107595,1
easy_009,Easy,OpenMP,4,5,0.002052028,1
easy_009,Easy,OpenMP,8,1,0.003248340,1
easy_009,Easy,OpenMP,8,2,0.003184041,1
easy_009,Easy,OpenMP,8,3,0.003166105,1
easy_009,Easy,OpenMP,8,4,0.003162833,1
easy_009,Easy,OpenMP,8,5,0.003129297,1
easy_009,Easy,OpenMP,16,1,0.003573979,1
easy_009,Easy,OpenMP,16,2,0.003193206,1
easy_009,Easy,OpenMP,16,3,0.003172088,1
easy_009,Easy,OpenMP,16,4,0.003229767,1
easy_009,Easy,OpenMP,16,5,0.002139716,1
easy_010,Easy,Serial,1,1,0.000146609,1
easy_010,Easy,Serial,1,2,0.000114143,1
easy_010,Easy,Serial,1,3,0.000113500,1
easy_010,Easy,Serial,1,4,0.000113331,1
easy_010,Easy,Serial,1,5,0.000113081,1
easy_010,Easy,Serial-MRV,1,1,0.001774367,1
easy_010,Easy,Serial-MRV,1,2,0.001766407,1
easy_010,Easy,Serial-MRV,1,3,0.001735827,1
easy_010,Easy,Serial-MRV,1,4,0.001754727,1
easy_010,Easy,Serial-MRV,1,5,0.001734853,1
easy_010,Easy,DLX,1,1,0.000174101,1
easy_010,Easy,DLX,1,2,0.000170364,1
easy_010,Easy,DLX,1,3,0.000176972,1
easy_010,Easy,DLX,1,4,0.000166857,1
easy_010,Easy,DLX,1,5,0.000166499,1
easy_010,Easy,DLX-OMP,4,1,0.000386490,1
easy_010,Easy,DLX-OMP,4,2,0.000348850,1
easy_010,Easy,DLX-OMP,4,3,0.000312372,1
easy_010,Easy,DLX-OMP,4,4,0.000421759,1
easy_010,Easy,DLX-OMP,4,5,0.000424242,1
easy_010,Easy,DLX-OMP,8,1,0.000694957,1
easy_010,Easy,DLX-OMP,8,2,0.000412828,1
easy_010,Easy,DLX-OMP,8,3,0.000576208,1
easy_010,Easy,DLX-OMP,8,4,0.000411547,1
easy_010,Easy,DLX-OMP,8,5,0.000436127,1
easy_010,Easy,DLX-OMP,16,1,0.001524704,1
easy_010,Easy,DLX-OMP,16,2,0.000454949,1
easy_010,Easy,DLX-OMP,16,3,0.000431128,1
easy_010,Easy,DLX-OMP,16,4,0.000433059,1
easy_010,Easy,DLX-OMP,16,5,0.000358570,1
easy_010,Easy,OpenMP,4,1,0.002913306,1
easy_010,Easy,OpenMP,4,2,0.002791872,1
easy_010,Easy,OpenMP,4,3,0.002789343,1
easy_010,Easy,OpenMP,4,4,0.002772386,1
easy_010,Easy,OpenMP,4,5,0.002782420,1
easy_010,Easy,OpenMP,8,1,0.002915893,1
easy_010,Easy,OpenMP,8,2,0.001877589,1
easy_010,Easy,OpenMP,8,3,0.002809450,1
easy_010,Easy,OpenMP,8,4,0.002810680,1
easy_010,Easy,OpenMP,8,5,0.002814334,1
easy_010,Easy,OpenMP,16,1,0.003108357,1
easy_010,Easy,OpenMP,16,2,0.001926775,1
easy_010,Easy,OpenMP,16,3,0.002771737,1
easy_010,Easy,OpenMP,16,4,0.002860521,1
easy_010,Easy,OpenMP,16,5,0.002871705,1
easy_011,Easy,Serial,1,1,0.000934858,1
easy_011,Easy,Serial,1,2,0.000930912,1
easy_011,Easy,Serial,1,3,0.000927855,1
easy_011,Easy,Serial,1,4,0.000925279,1
easy_011,Easy,Serial,1,5,0.000913645,1
easy_011,Easy,Serial-MRV,1,1,0.002960585,1
easy_011,Easy,Serial-MRV,1,2,0.002965220,1
easy_011,Easy,Serial-MRV,1,3,0.002967604,1
easy_011,Easy,Serial-MRV,1,4,0.002973400,1
easy_011,Easy,Serial-MRV,1,5,0.002966254,1
easy_011,Easy,DLX,1,1,0.000179142,1
easy_011,Easy,DLX,1,2,0.000174222,1
easy_011,Easy,DLX,1,3,0.000172937,1
easy_011,Easy,DLX,1,4,0.000181409,1
easy_011,Easy,DLX,1,5,0.000172229,1
easy_011,Easy,DLX-OMP,4,1,0.000388856,1
easy_011,Easy,DLX-OMP,4,2,0.000339775,1
easy_011,Easy,DLX-OMP,4,3,0.000315574,1
easy_011,Easy,DLX-OMP,4,4,0.000313031,1
easy_011,Easy,DLX-OMP,4,5,0.000433865,1
easy_011,Easy,DLX-OMP,8,1,0.000649170,1
easy_011,Easy,DLX-OMP,8,2,0.000448466,1
easy_011,Easy,DLX-OMP,8,3,0.000317359,1
easy_011,Easy,DLX-OMP,8,4,0.000441568,1
easy_011,Easy,DLX-OMP,8,5,0.000415237,1
easy_011,Easy,DLX-OMP,16,1,0.001994187,1
easy_011,Easy,DLX-OMP,16,2,0.000924165,1
easy_011,Easy,DLX-OMP,16,3,0.000594953,1
easy_011,Easy,DLX-OMP,16,4,0.000569310,1
easy_011,Easy,DLX-OMP,16,5,0.000456998,1
easy_011,Easy,OpenMP,4,1,0.004865706,1
easy_011,Easy,OpenMP,4,2,0.004784680,1
easy_011,Easy,OpenMP,4,3,0.004790886,1
easy_011,Easy,OpenMP,4,4,0.004793082,1
easy_011,Easy,OpenMP,4,5,0.004777378,1
easy_011,Easy,OpenMP,8,1,0.004873255,1
easy_011,Easy,OpenMP,8,2,0.004833689,1
easy_011,Easy,OpenMP,8,3,0.004829498,1
easy_011,Easy,OpenMP,8,4,0.004803458,1
easy_011,Easy,OpenMP,8,5,0.004831356,1
easy_011,Easy,OpenMP,16,1,0.005230710,1
easy_011,Easy,OpenMP,16,2,0.004893599,1
easy_011,Easy,OpenMP,16,3,0.004907511,1
easy_011,Easy,OpenMP,16,4,0.004974435,1
easy_011,Easy,OpenMP,16,5,0.003253571,1
easy_012,Easy,Serial,1,1,0.006217628,1
easy_012,Easy,Serial,1,2,0.006159057,1
easy_012,Easy,Serial,1,3,0.006146582,1
easy_012,Easy,Serial,1,4,0.006144473,1
easy_012,Easy,Serial,1,5,0.006147448,1
easy_012,Easy,Serial-MRV,1,1,0.002719707,1
easy_012,Easy,Serial-MRV,1,2,0.002741152,1
easy_012,Easy,Serial-MRV,1,3,0.002737196,1
easy_012,Easy,Serial-MRV,1,4,0.002738669,1
easy_012,Easy,Serial-MRV,1,5,0.002735266,1
easy_012,Easy,DLX,1,1,0.000188084,1
easy_012,Easy,DLX,1,2,0.000180110,1
easy_012,Easy,DLX,1,3,0.000178598,1
easy_012,Easy,DLX,1,4,0.000178690,1
easy_012,Easy,DLX,1,5,0.000177857,1
easy_012,Easy,DLX-OMP,4,1,0.000401181,1
easy_012,Easy,DLX-OMP,4,2,0.000335761,1
easy_012,Easy,DLX-OMP,4,3,0.000453184,1
easy_012,Easy,DLX-OMP,4,4,0.000424202,1
easy_012,Easy,DLX-OMP,4,5,0.000447446,1
easy_012,Easy,DLX-OMP,8,1,0.000533492,1
easy_012,Easy,DLX-OMP,8,2,0.000593937,1
easy_012,Easy,DLX-OMP,8,3,0.000598227,1
easy_012,Easy,DLX-OMP,8,4,0.000419994,1
easy_012,Easy,DLX-OMP,8,5,0.000930664,1
easy_012,Easy,DLX-OMP,16,1,0.001635847,1
easy_012,Easy,DLX-OMP,16,2,0.000611778,1
easy_012,Easy,DLX-OMP,16,3,0.000677537,1
easy_012,Easy,DLX-OMP,16,4,0.000412219,1
easy_012,Easy,DLX-OMP,16,5,0.000521277,1
easy_012,Easy,OpenMP,4,1,0.004519982,1
easy_012,Easy,OpenMP,4,2,0.004364266,1
easy_012,Easy,OpenMP,4,3,0.004355478,1
easy_012,Easy,OpenMP,4,4,0.004396258,1
easy_012,Easy,OpenMP,4,5,0.004361488,1
easy_012,Easy,OpenMP,8,1,0.004554694,1
easy_012,Easy,OpenMP,8,2,0.004427788,1
easy_012,Easy,OpenMP,8,3,0.004452366,1
easy_012,Easy,OpenMP,8,4,0.004419108,1
easy_012,Easy,OpenMP,8,5,0.004394257,1
easy_012,Easy,OpenMP,16,1,0.004770343,1
easy_012,Easy,OpenMP,16,2,0.004544803,1
easy_012,Easy,OpenMP,16,3,0.004519724,1
easy_012,Easy,OpenMP,16,4,0.004508378,1
easy_012,Easy,OpenMP,16,5,0.004496315,1
easy_013,Easy,Serial,1,1,0.042280097,1
easy_013,Easy,Serial,1,2,0.044813496,1
easy_013,Easy,Serial,1,3,0.045214187,1
easy_013,Easy,Serial,1,4,0.045353571,1
easy_013,Easy,Serial,1,5,0.030572562,1
easy_013,Easy,Serial-MRV,1,1,0.002336091,1
easy_013,Easy,Serial-MRV,1,2,0.002319314,1
easy_013,Easy,Serial-MRV,1,3,0.002318152,1
easy_013,Easy,Serial-MRV,1,4,0.002337066,1
easy_013,Easy,Serial-MRV,1,5,0.002318062,1
easy_013,Easy,DLX,1,1,0.000167221,1
easy_013,Easy,DLX,1,2,0.000164132,1
easy_013,Easy,DLX,1,3,0.000168208,1
easy_013,Easy,DLX,1,4,0.000161771,1
easy_013,Easy,DLX,1,5,0.000161618,1
easy_013,Easy,DLX-OMP,4,1,0.000365166,1
easy_013,Easy,DLX-OMP,4,2,0.000326949,1
easy_013,Easy,DLX-OMP,4,3,0.000427014,1
easy_013,Easy,DLX-OMP,4,4,0.000433875,1
easy_013,Easy,DLX-OMP,4,5,0.000408248,1
easy_013,Easy,DLX-OMP,8,1,0.000533146,1
easy_013,Easy,DLX-OMP,8,2,0.000552027,1
easy_013,Easy,DLX-OMP,8,3,0.000294820,1
easy_013,Easy,DLX-OMP,8,4,0.000441533,1
easy_013,Easy,DLX-OMP,8,5,0.000582794,1
easy_013,Easy,DLX-OMP,16,1,0.000681037,1
easy_013,Easy,DLX-OMP,16,2,0.000450449,1
easy_013,Easy,DLX-OMP,16,3,0.000567236,1
easy_013,Easy,DLX-OMP,16,4,0.000588368,1
easy_013,Easy,DLX-OMP,16,5,0.000298809,1
easy_013,Easy,OpenMP,4,1,0.004292922,1
easy_013,Easy,OpenMP,4,2,0.002588153,1
easy_013,Easy,OpenMP,4,3,0.002504588,1
easy_013,Easy,OpenMP,4,4,0.004161940,1
easy_013,Easy,OpenMP,4,5,0.004179111,1
easy_013,Easy,OpenMP,8,1,0.004355352,1
easy_013,Easy,OpenMP,8,2,0.002619420,1
easy_013,Easy,OpenMP,8,3,0.002602085,1
easy_013,Easy,OpenMP,8,4,0.002585521,1
easy_013,Easy,OpenMP,8,5,0.004220261,1
easy_013,Easy,OpenMP,16,1,0.005123155,1
easy_013,Easy,OpenMP,16,2,0.004207607,1
easy_013,Easy,OpenMP,16,3,0.004282532,1
easy_013,Easy,OpenMP,16,4,0.004299596,1
easy_013,Easy,OpenMP,16,5,0.004252435,1
easy_014,Easy,Serial,1,1,0.035317322,1
easy_014,Easy,Serial,1,2,0.036670024,1
easy_014,Easy,Serial,1,3,0.036654359,1
easy_014,Easy,Serial,1,4,0.036717666,1
easy_014,Easy,Serial,1,5,0.033185232,1
easy_014,Easy,Serial-MRV,1,1,0.002692835,1
easy_014,Easy,Serial-MRV,1,2,0.002719366,1
easy_014,Easy,Serial-MRV,1,3,0.002724159,1
easy_014,Easy,Serial-MRV,1,4,0.002717306,1
easy_014,Easy,Serial-MRV,1,5,0.002715931,1
easy_014,Easy,DLX,1,1,0.000179963,1
easy_014,Easy,DLX,1,2,0.000169407,1
easy_014,Easy,DLX,1,3,0.000168034,1
easy_014,Easy,DLX,1,4,0.000166213,1
easy_014,Easy,DLX,1,5,0.000166105,1
easy_014,Easy,DLX-OMP,4,1,0.000365366,1
easy_014,Easy,DLX-OMP,4,2,0.000303479,1
easy_014,Easy,DLX-OMP,4,3,0.000455254,1
easy_014,Easy,DLX-OMP,4,4,0.000297880,1
easy_014,Easy,DLX-OMP,4,5,0.000427983,1
easy_014,Easy,DLX-OMP,8,1,0.000541552,1
easy_014,Easy,DLX-OMP,8,2,0.000564902,1
easy_014,Easy,DLX-OMP,8,3,0.000580002,1
easy_014,Easy,DLX-OMP,8,4,0.000295564,1
easy_014,Easy,DLX-OMP,8,5,0.000435464,1
easy_014,Easy,DLX-OMP,16,1,0.001226653,1
easy_014,Easy,DLX-OMP,16,2,0.000620751,1
easy_014,Easy,DLX-OMP,16,3,0.000562209,1
easy_014,Easy,DLX-OMP,16,4,0.000607856,1
easy_014,Easy,DLX-OMP,16,5,0.000561322,1
easy_014,Easy,OpenMP,4,1,0.004929673,1
easy_014,Easy,OpenMP,4,2,0.002983152,1
easy_014,Easy,OpenMP,4,3,0.004831643,1
easy_014,Easy,OpenMP,4,4,0.002981924,1
easy_014,Easy,OpenMP,4,5,0.004778137,1
easy_014,Easy,OpenMP,8,1,0.004988267,1
easy_014,Easy,OpenMP,8,2,0.004944225,1
easy_014,Easy,OpenMP,8,3,0.004900974,1
easy_014,Easy,OpenMP,8,4,0.004903453,1
easy_014,Easy,OpenMP,8,5,0.004884508,1
easy_014,Easy,OpenMP,16,1,0.005315932,1
easy_014,Easy,OpenMP,16,2,0.004992335,1
easy_014,Easy,OpenMP,16,3,0.004805132,1
easy_014,Easy,OpenMP,16,4,0.004900019,1
easy_014,Easy,OpenMP,16,5,0.005173243,1
easy_015,Easy,Serial,1,1,0.003355802,1
easy_015,Easy,Serial,1,2,0.003203824,1
easy_015,Easy,Serial,1,3,0.003196068,1
easy_015,Easy,Serial,1,4,0.003213622,1
easy_015,Easy,Serial,1,5,0.003204145,1
easy_015,Easy,Serial-MRV,1,1,0.002543143,1
easy_015,Easy,Serial-MRV,1,2,0.002536364,1
easy_015,Easy,Serial-MRV,1,3,0.002547547,1
easy_015,Easy,Serial-MRV,1,4,0.002532277,1
easy_015,Easy,Serial-MRV,1,5,0.002531259,1
easy_015,Easy,DLX,1,1,0.000204299,1
easy_015,Easy,DLX,1,2,0.000196116,1
easy_015,Easy,DLX,1,3,0.000195940,1
easy_015,Easy,DLX,1,4,0.000195272,1
easy_015,Easy,DLX,1,5,0.000200256,1
easy_015,Easy,DLX-OMP,4,1,0.000433050,1
easy_015,Easy,DLX-OMP,4,2,0.000369749,1
easy_015,Easy,DLX-OMP,4,3,0.000365902,1
easy_015,Easy,DLX-OMP,4,4,0.000442522,1
easy_015,Easy,DLX-OMP,4,5,0.000440531,1
easy_015,Easy,DLX-OMP,8,1,0.000543448,1
easy_015,Easy,DLX-OMP,8,2,0.000380214,1
easy_015,Easy,DLX-OMP,8,3,0.000448121,1
easy_015,Easy,DLX-OMP,8,4,0.000376636,1
easy_015,Easy,DLX-OMP,8,5,0.000587663,1
easy_015,Easy,DLX-OMP,16,1,0.002144142,1
easy_015,Easy,DLX-OMP,16,2,0.000533446,1
easy_015,Easy,DLX-OMP,16,3,0.000441481,1
easy_015,Easy,DLX-OMP,16,4,0.000472816,1
easy_015,Easy,DLX-OMP,16,5,0.000362740,1
easy_015,Easy,OpenMP,4,1,0.002877589,1
easy_015,Easy,OpenMP,4,2,0.003758753,1
easy_015,Easy,OpenMP,4,3,0.002746984,1
easy_015,Easy,OpenMP,4,4,0.003663478,1
easy_015,Easy,OpenMP,4,5,0.003716753,1
easy_015,Easy,OpenMP,8,1,0.002868535,1
easy_015,Easy,OpenMP,8,2,0.003762057,1
easy_015,Easy,OpenMP,8,3,0.003774356,1
easy_015,Easy,OpenMP,8,4,0.003720538,1
easy_015,Easy,OpenMP,8,5,0.003739083,1
easy_015,Easy,OpenMP,16,1,0.004103500,1
easy_015,Easy,OpenMP,16,2,0.003736209,1
easy_015,Easy,OpenMP,16,3,0.003803224,1
easy_015,Easy,OpenMP,16,4,0.003805680,1
easy_015,Easy,OpenMP,16,5,0.003801612,1
easy_016,Easy,Serial,1,1,0.000120742,1
easy_016,Easy,Serial,1,2,0.000115898,1
easy_016,Easy,Serial,1,3,0.000114991,1
easy_016,Easy,Serial,1,4,0.000114591,1
easy_016,Easy,Serial,1,5,0.000114526,1
easy_016,Easy,Serial-MRV,1,1,0.002011789,1
easy_016,Easy,Serial-MRV,1,2,0.001969884,1
easy_016,Easy,Serial-MRV,1,3,0.001960282,1
easy_016,Easy,Serial-MRV,1,4,0.001963606,1
easy_016,Easy,Serial-MRV,1,5,0.001963612,1
easy_016,Easy,DLX,1,1,0.000194954,1
easy_016,Easy,DLX,1,2,0.000188909,1
easy_016,Easy,DLX,1,3,0.000185973,1
easy_016,Easy,DLX,1,4,0.000186517,1
easy_016,Easy,DLX,1,5,0.000195906,1
easy_016,Easy,DLX-OMP,4,1,0.000464379,1
easy_016,Easy,DLX-OMP,4,2,0.000372641,1
easy_016,Easy,DLX-OMP,4,3,0.000348671,1
easy_016,Easy,DLX-OMP,4,4,0.000435169,1
easy_016,Easy,DLX-OMP,4,5,0.000443571,1
easy_016,Easy,DLX-OMP,8,1,0.000697568,1
easy_016,Easy,DLX-OMP,8,2,0.000351828,1
easy_016,Easy,DLX-OMP,8,3,0.000597377,1
easy_016,Easy,DLX-OMP,8,4,0.000572853,1
easy_016,Easy,DLX-OMP,8,5,0.000442316,1
easy_016,Easy,DLX-OMP,16,1,0.001998698,1
easy_016,Easy,DLX-OMP,16,2,0.000452268,1
easy_016,Easy,DLX-OMP,16,3,0.000488404,1
easy_016,Easy,DLX-OMP,16,4,0.000583852,1
easy_016,Easy,DLX-OMP,16,5,0.000613412,1
easy_016,Easy,OpenMP,4,1,0.002898395,1
easy_016,Easy,OpenMP,4,2,0.003187340,1
easy_016,Easy,OpenMP,4,3,0.002796481,1
easy_016,Easy,OpenMP,4,4,0.002790013,1
easy_016,Easy,OpenMP,4,5,0.002787453,1
easy_016,Easy,OpenMP,8,1,0.002893696,1
easy_016,Easy,OpenMP,8,2,0.002852679,1
easy_016,Easy,OpenMP,8,3,0.002814547,1
easy_016,Easy,OpenMP,8,4,0.002846972,1
easy_016,Easy,OpenMP,8,5,0.002825886,1
easy_016,Easy,OpenMP,16,1,0.003132053,1
easy_016,Easy,OpenMP,16,2,0.002906871,1
easy_016,Easy,OpenMP,16,3,0.002888890,1
easy_016,Easy,OpenMP,16,4,0.002294267,1
easy_016,Easy,OpenMP,16,5,0.002845299,1
easy_017,Easy,Serial,1,1,0.011657010,1
easy_017,Easy,Serial,1,2,0.011537908,1
easy_017,Easy,Serial,1,3,0.011521249,1
easy_017,Easy,Serial,1,4,0.011519021,1
easy_017,Easy,Serial,1,5,0.011519266,1
easy_017,Easy,Serial-MRV,1,1,0.003723611,1
easy_017,Easy,Serial-MRV,1,2,0.003753844,1
easy_017,Easy,Serial-MRV,1,3,0.003726944,1
easy_017,Easy,Serial-MRV,1,4,0.003751570,1
easy_017,Easy,Serial-MRV,1,5,0.003731868,1
easy_017,Easy,DLX,1,1,0.000225573,1
easy_017,Easy,DLX,1,2,0.000220594,1
easy_017,Easy,DLX,1,3,0.000226599,1
easy_017,Easy,DLX,1,4,0.000218572,1
easy_017,Easy,DLX,1,5,0.000219148,1
easy_017,Easy,DLX-OMP,4,1,0.000485723,1
easy_017,Easy,DLX-OMP,4,2,0.000396069,1
easy_017,Easy,DLX-OMP,4,3,0.000469176,1
easy_017,Easy,DLX-OMP,4,4,0.000472180,1
easy_017,Easy,DLX-OMP,4,5,0.000453376,1
easy_017,Easy,DLX-OMP,8,1,0.000678258,1
easy_017,Easy,DLX-OMP,8,2,0.000633658,1
easy_017,Easy,DLX-OMP,8,3,0.000456026,1
easy_017,Easy,DLX-OMP,8,4,0.000478695,1
easy_017,Easy,DLX-OMP,8,5,0.000453498,1
easy_017,Easy,DLX-OMP,16,1,0.002072003,1
easy_017,Easy,DLX-OMP,16,2,0.000668349,1
easy_017,Easy,DLX-OMP,16,3,0.000650936,1
easy_017,Easy,DLX-OMP,16,4,0.000600823,1
easy_017,Easy,DLX-OMP,16,5,0.000831283,1
easy_017,Easy,OpenMP,4,1,0.005195033,1
easy_017,Easy,OpenMP,4,2,0.003097278,1
easy_017,Easy,OpenMP,4,3,0.004974662,1
easy_017,Easy,OpenMP,4,4,0.004986482,1
easy_017,Easy,OpenMP,4,5,0.005066465,1
easy_017,Easy,OpenMP,8,1,0.005231461,1
easy_017,Easy,OpenMP,8,2,0.005092946,1
easy_017,Easy,OpenMP,8,3,0.005102065,1
easy_017,Easy,OpenMP,8,4,0.005033896,1
easy_017,Easy,OpenMP,8,5,0.005105804,1
easy_017,Easy,OpenMP,16,1,0.005238176,1
easy_017,Easy,OpenMP,16,2,0.005086942,1
easy_017,Easy,OpenMP,16,3,0.005137716,1
easy_017,Easy,OpenMP,16,4,0.005188816,1
easy_017,Easy,OpenMP,16,5,0.005130748,1
easy_018,Easy,Serial,1,1,0.000985843,1
easy_018,Easy,Serial,1,2,0.000862649,1
easy_018,Easy,Serial,1,3,0.000881836,1
easy_018,Easy,Serial,1,4,0.000885702,1
easy_018,Easy,Serial,1,5,0.000869609,1
easy_018,Easy,Serial-MRV,1,1,0.004131254,1
easy_018,Easy,Serial-MRV,1,2,0.004141393,1
easy_018,Easy,Serial-MRV,1,3,0.004159055,1
easy_018,Easy,Serial-MRV,1,4,0.004141791,1
easy_018,Easy,Serial-MRV,1,5,0.004153870,1
easy_018,Easy,DLX,1,1,0.000166219,1
easy_018,Easy,DLX,1,2,0.000158560,1
easy_018,Easy,DLX,1,3,0.000156884,1
easy_018,Easy,DLX,1,4,0.000162184,1
easy_018,Easy,DLX,1,5,0.000156533,1
easy_018,Easy,DLX-OMP,4,1,0.000363467,1
easy_018,Easy,DLX-OMP,4,2,0.000319591,1
easy_018,Easy,DLX-OMP,4,3,0.000420909,1
easy_018,Easy,DLX-OMP,4,4,0.000413279,1
easy_018,Easy,DLX-OMP,4,5,0.000412550,1
easy_018,Easy,DLX-OMP,8,1,0.000508974,1
easy_018,Easy,DLX-OMP,8,2,0.000421586,1
easy_018,Easy,DLX-OMP,8,3,0.000554543,1
easy_018,Easy,DLX-OMP,8,4,0.000569419,1
easy_018,Easy,DLX-OMP,8,5,0.000402323,1
easy_018,Easy,DLX-OMP,16,1,0.001306126,1
easy_018,Easy,DLX-OMP,16,2,0.000557294,1
easy_018,Easy,DLX-OMP,16,3,0.000438016,1
easy_018,Easy,DLX-OMP,16,4,0.000549540,1
easy_018,Easy,DLX-OMP,16,5,0.000343077,1
easy_018,Easy,OpenMP,4,1,0.002257702,1
easy_018,Easy,OpenMP,4,2,0.003638920,1
easy_018,Easy,OpenMP,4,3,0.003453672,1
easy_018,Easy,OpenMP,4,4,0.003601831,1
easy_018,Easy,OpenMP,4,5,0.002723695,1
easy_018,Easy,OpenMP,8,1,0.003652719,1
easy_018,Easy,OpenMP,8,2,0.003605392,1
easy_018,Easy,OpenMP,8,3,0.003664948,1
easy_018,Easy,OpenMP,8,4,0.003639110,1
easy_018,Easy,OpenMP,8,5,0.003638993,1
easy_018,Easy,OpenMP,16,1,0.004672825,1
easy_018,Easy,OpenMP,16,2,0.003696108,1
easy_018,Easy,OpenMP,16,3,0.003696079,1
easy_018,Easy,OpenMP,16,4,0.003807137,1
easy_018,Easy,OpenMP,16,5,0.003728374,1
easy_019,Easy,Serial,1,1,0.002301645,1
easy_019,Easy,Serial,1,2,0.002194332,1
easy_019,Easy,Serial,1,3,0.002162037,1
easy_019,Easy,Serial,1,4,0.002180761,1
easy_019,Easy,Serial,1,5,0.002185321,1
easy_019,Easy,Serial-MRV,1,1,0.005032679,1
easy_019,Easy,Serial-MRV,1,2,0.005054596,1
easy_019,Easy,Serial-MRV,1,3,0.005034900,1
easy_019,Easy,Serial-MRV,1,4,0.005050481,1
easy_019,Easy,Serial-MRV,1,5,0.005032570,1
easy_019,Easy,DLX,1,1,0.000219370,1
easy_019,Easy,DLX,1,2,0.000207084,1
easy_019,Easy,DLX,1,3,0.000204846,1
easy_019,Easy,DLX,1,4,0.000203249,1
easy_019,Easy,DLX,1,5,0.000203725,1
easy_019,Easy,DLX-OMP,4,1,0.000474620,1
easy_019,Easy,DLX-OMP,4,2,0.000386941,1
easy_019,Easy,DLX-OMP,4,3,0.000489365,1
easy_019,Easy,DLX-OMP,4,4,0.000452434,1
easy_019,Easy,DLX-OMP,4,5,0.000447015,1
easy_019,Easy,DLX-OMP,8,1,0.000713032,1
easy_019,Easy,DLX-OMP,8,2,0.000445293,1
easy_019,Easy,DLX-OMP,8,3,0.000438827,1
easy_019,Easy,DLX-OMP,8,4,0.000474072,1
easy_019,Easy,DLX-OMP,8,5,0.000442493,1
easy_019,Easy,DLX-OMP,16,1,0.001418566,1
easy_019,Easy,DLX-OMP,16,2,0.000469099,1
easy_019,Easy,DLX-OMP,16,3,0.000486731,1
easy_019,Easy,DLX-OMP,16,4,0.000677566,1
easy_019,Easy,DLX-OMP,16,5,0.000592456,1
easy_019,Easy,OpenMP,4,1,0.006854944,1
easy_019,Easy,OpenMP,4,2,0.005250609,1
easy_019,Easy,OpenMP,4,3,0.006791068,1
easy_019,Easy,OpenMP,4,4,0.006749933,1
easy_019,Easy,OpenMP,4,5,0.006827599,1
easy_019,Easy,OpenMP,8,1,0.007277157,1
easy_019,Easy,OpenMP,8,2,0.006759825,1
easy_019,Easy,OpenMP,8,3,0.006746586,1
easy_019,Easy,OpenMP,8,4,0.006793710,1
easy_019,Easy,OpenMP,8,5,0.006748788,1
easy_019,Easy,OpenMP,16,1,0.007132099,1
easy_019,Easy,OpenMP,16,2,0.006922482,1
easy_019,Easy,OpenMP,16,3,0.006861349,1
easy_019,Easy,OpenMP,16,4,0.006838125,1
easy_019,Easy,OpenMP,16,5,0.006815901,1
easy_020,Easy,Serial,1,1,0.000226234,1
easy_020,Easy,Serial,1,2,0.000252337,1
easy_020,Easy,Serial,1,3,0.000221300,1
easy_020,Easy,Serial,1,4,0.000221183,1
easy_020,Easy,Serial,1,5,0.000221055,1
easy_020,Easy,Serial-MRV,1,1,0.001602443,1
easy_020,Easy,Serial-MRV,1,2,0.001571782,1
easy_020,Easy,Serial-MRV,1,3,0.001563611,1
easy_020,Easy,Serial-MRV,1,4,0.001567864,1
easy_020,Easy,Serial-MRV,1,5,0.001561466,1
easy_020,Easy,DLX,1,1,0.000166999,1
easy_020,Easy,DLX,1,2,0.000154495,1
easy_020,Easy,DLX,1,3,0.000152679,1
easy_020,Easy,DLX,1,4,0.000152322,1
easy_020,Easy,DLX,1,5,0.000150293,1
easy_020,Easy,DLX-OMP,4,1,0.000387464,1
easy_020,Easy,DLX-OMP,4,2,0.000430775,1
easy_020,Easy,DLX-OMP,4,3,0.000283881,1
easy_020,Easy,DLX-OMP,4,4,0.000415798,1
easy_020,Easy,DLX-OMP,4,5,0.000398553,1
easy_020,Easy,DLX-OMP,8,1,0.000515348,1
easy_020,Easy,DLX-OMP,8,2,0.000543350,1
easy_020,Easy,DLX-OMP,8,3,0.000592420,1
easy_020,Easy,DLX-OMP,8,4,0.000572335,1
easy_020,Easy,DLX-OMP,8,5,0.000398990,1
easy_020,Easy,DLX-OMP,16,1,0.000798159,1
easy_020,Easy,DLX-OMP,16,2,0.000567657,1
easy_020,Easy,DLX-OMP,16,3,0.000434364,1
easy_020,Easy,DLX-OMP,16,4,0.000395054,1
easy_020,Easy,DLX-OMP,16,5,0.000319622,1
easy_020,Easy,OpenMP,4,1,0.002847039,1
easy_020,Easy,OpenMP,4,2,0.002749513,1
easy_020,Easy,OpenMP,4,3,0.002828989,1
easy_020,Easy,OpenMP,4,4,0.002741658,1
easy_020,Easy,OpenMP,4,5,0.002805453,1
easy_020,Easy,OpenMP,8,1,0.001809388,1
easy_020,Easy,OpenMP,8,2,0.002769911,1
easy_020,Easy,OpenMP,8,3,0.002765632,1
easy_020,Easy,OpenMP,8,4,0.002831829,1
easy_020,Easy,OpenMP,8,5,0.002840560,1
easy_020,Easy,OpenMP,16,1,0.004303754,1
easy_020,Easy,OpenMP,16,2,0.002869199,1
easy_020,Easy,OpenMP,16,3,0.001800091,1
easy_020,Easy,OpenMP,16,4,0.002880649,1
easy_020,Easy,OpenMP,16,5,0.002797196,1
easy_021,Easy,Serial,1,1,0.000407759,1
easy_021,Easy,Serial,1,2,0.000244598,1
easy_021,Easy,Serial,1,3,0.000271645,1
easy_021,Easy,Serial,1,4,0.000243559,1
easy_021,Easy,Serial,1,5,0.000243269,1
easy_021,Easy,Serial-MRV,1,1,0.002774831,1
easy_021,Easy,Serial-MRV,1,2,0.002738592,1
easy_021,Easy,Serial-MRV,1,3,0.002722006,1
easy_021,Easy,Serial-MRV,1,4,0.002717264,1
easy_021,Easy,Serial-MRV,1,5,0.002738957,1
easy_021,Easy,DLX,1,1,0.000228112,1
easy_021,Easy,DLX,1,2,0.000229913,1
easy_021,Easy,DLX,1,3,0.000220220,1
easy_021,Easy,DLX,1,4,0.000219456,1
easy_021,Easy,DLX,1,5,0.000217960,1
easy_021,Easy,DLX-OMP,4,1,0.000495614,1
easy_021,Easy,DLX-OMP,4,2,0.000484229,1
easy_021,Easy,DLX-OMP,4,3,0.000489426,1
easy_021,Easy,DLX-OMP,4,4,0.000398155,1
easy_021,Easy,DLX-OMP,4,5,0.000474604,1
easy_021,Easy,DLX-OMP,8,1,0.000564870,1
easy_021,Easy,DLX-OMP,8,2,0.000404764,1
easy_021,Easy,DLX-OMP,8,3,0.000460201,1
easy_021,Easy,DLX-OMP,8,4,0.000422722,1
easy_021,Easy,DLX-OMP,8,5,0.000402622,1
easy_021,Easy,DLX-OMP,16,1,0.000912499,1
easy_021,Easy,DLX-OMP,16,2,0.000648753,1
easy_021,Easy,DLX-OMP,16,3,0.000454968,1
easy_021,Easy,DLX-OMP,16,4,0.000664209,1
easy_021,Easy,DLX-OMP,16,5,0.000637123,1
easy_021,Easy,OpenMP,4,1,0.003603397,1
easy_021,Easy,OpenMP,4,2,0.003508056,1
easy_021,Easy,OpenMP,4,3,0.003493070,1
easy_021,Easy,OpenMP,4,4,0.003490697,1
easy_021,Easy,OpenMP,4,5,0.003509397,1
easy_021,Easy,OpenMP,8,1,0.003614730,1
easy_021,Easy,OpenMP,8,2,0.003548880,1
easy_021,Easy,OpenMP,8,3,0.003514457,1
easy_021,Easy,OpenMP,8,4,0.003531238,1
easy_021,Easy,OpenMP,8,5,0.003514186,1
easy_021,Easy,OpenMP,16,1,0.004086542,1
easy_021,Easy,OpenMP,16,2,0.003569052,1
easy_021,Easy,OpenMP,16,3,0.003596804,1
easy_021,Easy,OpenMP,16,4,0.003578695,1
easy_021,Easy,OpenMP,16,5,0.003597843,1
easy_022,Easy,Serial,1,1,0.003690856,1
easy_022,Easy,Serial,1,2,0.003592592,1
easy_022,Easy,Serial,1,3,0.003609912,1
easy_022,Easy,Serial,1,4,0.003591362,1
easy_022,Easy,Serial,1,5,0.003603878,1
easy_022,Easy,Serial-MRV,1,1,0.004518835,1
easy_022,Easy,Serial-MRV,1,2,0.004536091,1
easy_022,Easy,Serial-MRV,1,3,0.004534785,1
easy_022,Easy,Serial-MRV,1,4,0.004518446,1
easy_022,Easy,Serial-MRV,1,5,0.004534448,1
easy_022,Easy,DLX,1,1,0.000228435,1
easy_022,Easy,DLX,1,2,0.000230756,1
easy_022,Easy,DLX,1,3,0.000221985,1
easy_022,Easy,DLX,1,4,0.000222529,1
easy_022,Easy,DLX,1,5,0.000220956,1
easy_022,Easy,DLX-OMP,4,1,0.000496391,1
easy_022,Easy,DLX-OMP,4,2,0.000419279,1
easy_022,Easy,DLX-OMP,4,3,0.000433091,1
easy_022,Easy,DLX-OMP,4,4,0.000466413,1
easy_022,Easy,DLX-OMP,4,5,0.000472741,1
easy_022,Easy,DLX-OMP,8,1,0.000584340,1
easy_022,Easy,DLX-OMP,8,2,0.000480759,1
easy_022,Easy,DLX-OMP,8,3,0.000596384,1
easy_022,Easy,DLX-OMP,8,4,0.000615963,1
easy_022,Easy,DLX-OMP,8,5,0.000635898,1
easy_022,Easy,DLX-OMP,16,1,0.001795858,1
easy_022,Easy,DLX-OMP,16,2,0.000570860,1
easy_022,Easy,DLX-OMP,16,3,0.000452573,1
easy_022,Easy,DLX-OMP,16,4,0.000416486,1
easy_022,Easy,DLX-OMP,16,5,0.000298375,1
easy_022,Easy,OpenMP,4,1,0.003483191,1
easy_022,Easy,OpenMP,4,2,0.003499515,1
easy_022,Easy,OpenMP,4,3,0.005605686,1
easy_022,Easy,OpenMP,4,4,0.005722726,1
easy_022,Easy,OpenMP,4,5,0.003446713,1
easy_022,Easy,OpenMP,8,1,0.005750012,1
easy_022,Easy,OpenMP,8,2,0.005785661,1
easy_022,Easy,OpenMP,8,3,0.005742608,1
easy_022,Easy,OpenMP,8,4,0.005785948,1
easy_022,Easy,OpenMP,8,5,0.003449710,1
easy_022,Easy,OpenMP,16,1,0.006120226,1
easy_022,Easy,OpenMP,16,2,0.005753658,1
easy_022,Easy,OpenMP,16,3,0.003462089,1
easy_022,Easy,OpenMP,16,4,0.005835667,1
easy_022,Easy,OpenMP,16,5,0.005725078,1
easy_023,Easy,Serial,1,1,0.007225832,1
easy_023,Easy,Serial,1,2,0.007058257,1
easy_023,Easy,Serial,1,3,0.007046867,1
easy_023,Easy,Serial,1,4,0.007057589,1
easy_023,Easy,Serial,1,5,0.007055819,1
easy_023,Easy,Serial-MRV,1,1,0.002654071,1
easy_023,Easy,Serial-MRV,1,2,0.002670906,1
easy_023,Easy,Serial-MRV,1,3,0.002689620,1
easy_023,Easy,Serial-MRV,1,4,0.003022965,1
easy_023,Easy,Serial-MRV,1,5,0.003496215,1
easy_023,Easy,DLX,1,1,0.000230944,1
easy_023,Easy,DLX,1,2,0.000218189,1
easy_023,Easy,DLX,1,3,0.000217651,1
easy_023,Easy,DLX,1,4,0.000217183,1
easy_023,Easy,DLX,1,5,0.000223801,1
easy_023,Easy,DLX-OMP,4,1,0.000468976,1
easy_023,Easy,DLX-OMP,4,2,0.000395534,1
easy_023,Easy,DLX-OMP,4,3,0.000465052,1
easy_023,Easy,DLX-OMP,4,4,0.000384271,1
easy_023,Easy,DLX-OMP,4,5,0.000466411,1
easy_023,Easy,DLX-OMP,8,1,0.000745973,1
easy_023,Easy,DLX-OMP,8,2,0.000458009,1
easy_023,Easy,DLX-OMP,8,3,0.000487107,1
easy_023,Easy,DLX-OMP,8,4,0.000466053,1
easy_023,Easy,DLX-OMP,8,5,0.000471646,1
easy_023,Easy,DLX-OMP,16,1,0.000899866,1
easy_023,Easy,DLX-OMP,16,2,0.000606942,1
easy_023,Easy,DLX-OMP,16,3,0.000496120,1
easy_023,Easy,DLX-OMP,16,4,0.000617565,1
easy_023,Easy,DLX-OMP,16,5,0.000493960,1
easy_023,Easy,OpenMP,4,1,0.003722457,1
easy_023,Easy,OpenMP,4,2,0.004728773,1
easy_023,Easy,OpenMP,4,3,0.004772425,1
easy_023,Easy,OpenMP,4,4,0.003678888,1
easy_023,Easy,OpenMP,4,5,0.004739324,1
easy_023,Easy,OpenMP,8,1,0.004883569,1
easy_023,Easy,OpenMP,8,2,0.003720780,1
easy_023,Easy,OpenMP,8,3,0.004795813,1
easy_023,Easy,OpenMP,8,4,0.004837130,1
easy_023,Easy,OpenMP,8,5,0.004818141,1
easy_023,Easy,OpenMP,16,1,0.005888076,1
easy_023,Easy,OpenMP,16,2,0.004895702,1
easy_023,Easy,OpenMP,16,3,0.004880887,1
easy_023,Easy,OpenMP,16,4,0.004890252,1
easy_023,Easy,OpenMP,16,5,0.004889283,1
easy_024,Easy,Serial,1,1,0.034638007,1
easy_024,Easy,Serial,1,2,0.036724787,1
easy_024,Easy,Serial,1,3,0.036840862,1
easy_024,Easy,Serial,1,4,0.036783542,1
easy_024,Easy,Serial,1,5,0.041205211,1
easy_024,Easy,Serial-MRV,1,1,0.005796617,1
easy_024,Easy,Serial-MRV,1,2,0.005804503,1
easy_024,Easy,Serial-MRV,1,3,0.005782587,1
easy_024,Easy,Serial-MRV,1,4,0.005798362,1
easy_024,Easy,Serial-MRV,1,5,0.005795910,1
easy_024,Easy,DLX,1,1,0.000302352,1
easy_024,Easy,DLX,1,2,0.000292935,1
easy_024,Easy,DLX,1,3,0.000289561,1
easy_024,Easy,DLX,1,4,0.000298577,1
easy_024,Easy,DLX,1,5,0.000291580,1
easy_024,Easy,DLX-OMP,4,1,0.000656470,1
easy_024,Easy,DLX-OMP,4,2,0.000554103,1
easy_024,Easy,DLX-OMP,4,3,0.000537934,1
easy_024,Easy,DLX-OMP,4,4,0.000519646,1
easy_024,Easy,DLX-OMP,4,5,0.000518719,1
easy_024,Easy,DLX-OMP,8,1,0.000671685,1
easy_024,Easy,DLX-OMP,8,2,0.000650584,1
easy_024,Easy,DLX-OMP,8,3,0.000514407,1
easy_024,Easy,DLX-OMP,8,4,0.000533189,1
easy_024,Easy,DLX-OMP,8,5,0.000672289,1
easy_024,Easy,DLX-OMP,16,1,0.001631849,1
easy_024,Easy,DLX-OMP,16,2,0.000758164,1
easy_024,Easy,DLX-OMP,16,3,0.000539473,1
easy_024,Easy,DLX-OMP,16,4,0.000711304,1
easy_024,Easy,DLX-OMP,16,5,0.000549373,1
easy_024,Easy,OpenMP,4,1,0.006093092,1
easy_024,Easy,OpenMP,4,2,0.005967764,1
easy_024,Easy,OpenMP,4,3,0.005986783,1
easy_024,Easy,OpenMP,4,4,0.005993674,1
easy_024,Easy,OpenMP,4,5,0.006317064,1
easy_024,Easy,OpenMP,8,1,0.006273828,1
easy_024,Easy,OpenMP,8,2,0.006033874,1
easy_024,Easy,OpenMP,8,3,0.006062447,1
easy_024,Easy,OpenMP,8,4,0.006051678,1
easy_024,Easy,OpenMP,8,5,0.006026846,1
easy_024,Easy,OpenMP,16,1,0.007708392,1
easy_024,Easy,OpenMP,16,2,0.006085150,1
easy_024,Easy,OpenMP,16,3,0.006117330,1
easy_024,Easy,OpenMP,16,4,0.006140937,1
easy_024,Easy,OpenMP,16,5,0.006147828,1
easy_025,Easy,Serial,1,1,0.034954283,1
easy_025,Easy,Serial,1,2,0.034859490,1
easy_025,Easy,Serial,1,3,0.035324550,1
easy_025,Easy,Serial,1,4,0.035208917,1
easy_025,Easy,Serial,1,5,0.035192504,1
easy_025,Easy,Serial-MRV,1,1,0.008838486,1
easy_025,Easy,Serial-MRV,1,2,0.008863394,1
easy_025,Easy,Serial-MRV,1,3,0.008854931,1
easy_025,Easy,Serial-MRV,1,4,0.008863198,1
easy_025,Easy,Serial-MRV,1,5,0.008716554,1
easy_025,Easy,DLX,1,1,0.000230815,1
easy_025,Easy,DLX,1,2,0.000170452,1
easy_025,Easy,DLX,1,3,0.000168282,1
easy_025,Easy,DLX,1,4,0.000168312,1
easy_025,Easy,DLX,1,5,0.000167860,1
easy_025,Easy,DLX-OMP,4,1,0.000872105,1
easy_025,Easy,DLX-OMP,4,2,0.000656908,1
easy_025,Easy,DLX-OMP,4,3,0.000428919,1
easy_025,Easy,DLX-OMP,4,4,0.000554592,1
easy_025,Easy,DLX-OMP,4,5,0.000423479,1
easy_025,Easy,DLX-OMP,8,1,0.000645499,1
easy_025,Easy,DLX-OMP,8,2,0.000588068,1
easy_025,Easy,DLX-OMP,8,3,0.000421254,1
easy_025,Easy,DLX-OMP,8,4,0.000591755,1
easy_025,Easy,DLX-OMP,8,5,0.000571057,1
easy_025,Easy,DLX-OMP,16,1,0.001578989,1
easy_025,Easy,DLX-OMP,16,2,0.000623706,1
easy_025,Easy,DLX-OMP,16,3,0.000322535,1
easy_025,Easy,DLX-OMP,16,4,0.000471338,1
easy_025,Easy,DLX-OMP,16,5,0.000571499,1
easy_025,Easy,OpenMP,4,1,0.005645241,1
easy_025,Easy,OpenMP,4,2,0.005576306,1
easy_025,Easy,OpenMP,4,3,0.005489512,1
easy_025,Easy,OpenMP,4,4,0.003421254,1
easy_025,Easy,OpenMP,4,5,0.003321321,1
easy_025,Easy,OpenMP,8,1,0.005589700,1
easy_025,Easy,OpenMP,8,2,0.005573185,1
easy_025,Easy,OpenMP,8,3,0.005492424,1
easy_025,Easy,OpenMP,8,4,0.005570584,1
easy_025,Easy,OpenMP,8,5,0.005564082,1
easy_025,Easy,OpenMP,16,1,0.006582051,1
easy_025,Easy,OpenMP,16,2,0.005749920,1
easy_025,Easy,OpenMP,16,3,0.005691692,1
easy_025,Easy,OpenMP,16,4,0.005630642,1
easy_025,Easy,OpenMP,16,5,0.005691175,1
easy_026,Easy,Serial,1,1,0.002479563,1
easy_026,Easy,Serial,1,2,0.002369085,1
easy_026,Easy,Serial,1,3,0.002344867,1
easy_026,Easy,Serial,1,4,0.002344164,1
easy_026,Easy,Serial,1,5,0.002324539,1
easy_026,Easy,Serial-MRV,1,1,0.002998850,1
easy_026,Easy,Serial-MRV,1,2,0.002975894,1
easy_026,Easy,Serial-MRV,1,3,0.002973598,1
easy_026,Easy,Serial-MRV,1,4,0.002989597,1
easy_026,Easy,Serial-MRV,1,5,0.003017380,1
easy_026,Easy,DLX,1,1,0.000178707,1
easy_026,Easy,DLX,1,2,0.000165976,1
easy_026,Easy,DLX,1,3,0.000165057,1
easy_026,Easy,DLX,1,4,0.000164455,1
easy_026,Easy,DLX,1,5,0.000164517,1
easy_026,Easy,DLX-OMP,4,1,0.000374541,1
easy_026,Easy,DLX-OMP,4,2,0.000301015,1
easy_026,Easy,DLX-OMP,4,3,0.000305808,1
easy_026,Easy,DLX-OMP,4,4,0.000454192,1
easy_026,Easy,DLX-OMP,4,5,0.000413857,1
easy_026,Easy,DLX-OMP,8,1,0.000407934,1
easy_026,Easy,DLX-OMP,8,2,0.000434111,1
easy_026,Easy,DLX-OMP,8,3,0.000574420,1
easy_026,Easy,DLX-OMP,8,4,0.000294506,1
easy_026,Easy,DLX-OMP,8,5,0.000293437,1
easy_026,Easy,DLX-OMP,16,1,0.001896153,1
easy_026,Easy,DLX-OMP,16,2,0.000648611,1
easy_026,Easy,DLX-OMP,16,3,0.000462033,1
easy_026,Easy,DLX-OMP,16,4,0.000626531,1
easy_026,Easy,DLX-OMP,16,5,0.000469377,1
easy_026,Easy,OpenMP,4,1,0.005445690,1
easy_026,Easy,OpenMP,4,2,0.005369527,1
easy_026,Easy,OpenMP,4,3,0.005364319,1
easy_026,Easy,OpenMP,4,4,0.005363340,1
easy_026,Easy,OpenMP,4,5,0.005333738,1
easy_026,Easy,OpenMP,8,1,0.005526312,1
easy_026,Easy,OpenMP,8,2,0.005433815,1
easy_026,Easy,OpenMP,8,3,0.005396321,1
easy_026,Easy,OpenMP,8,4,0.005351011,1
easy_026,Easy,OpenMP,8,5,0.005394243,1
easy_026,Easy,OpenMP,16,1,0.006507751,1
easy_026,Easy,OpenMP,16,2,0.005470110,1
easy_026,Easy,OpenMP,16,3,0.005492748,1
easy_026,Easy,OpenMP,16,4,0.005456743,1
easy_026,Easy,OpenMP,16,5,0.005433551,1
easy_027,Easy,Serial,1,1,0.003237142,1
easy_027,Easy,Serial,1,2,0.003153658,1
easy_027,Easy,Serial,1,3,0.003150439,1
easy_027,Easy,Serial,1,4,0.003147165,1
easy_027,Easy,Serial,1,5,0.003167376,1
easy_027,Easy,Serial-MRV,1,1,0.003220909,1
easy_027,Easy,Serial-MRV,1,2,0.003246167,1
easy_027,Easy,Serial-MRV,1,3,0.003264909,1
easy_027,Easy,Serial-MRV,1,4,0.003248325,1
easy_027,Easy,Serial-MRV,1,5,0.003252084,1
easy_027,Easy,DLX,1,1,0.000221718,1
easy_027,Easy,DLX,1,2,0.000213674,1
easy_027,Easy,DLX,1,3,0.000221473,1
easy_027,Easy,DLX,1,4,0.000212447,1
easy_027,Easy,DLX,1,5,0.000228263,1
easy_027,Easy,DLX-OMP,4,1,0.000507948,1
easy_027,Easy,DLX-OMP,4,2,0.000392864,1
easy_027,Easy,DLX-OMP,4,3,0.000411773,1
easy_027,Easy,DLX-OMP,4,4,0.000460337,1
easy_027,Easy,DLX-OMP,4,5,0.000448488,1
easy_027,Easy,DLX-OMP,8,1,0.000572921,1
easy_027,Easy,DLX-OMP,8,2,0.000465722,1
easy_027,Easy,DLX-OMP,8,3,0.000582019,1
easy_027,Easy,DLX-OMP,8,4,0.000830524,1
easy_027,Easy,DLX-OMP,8,5,0.000507991,1
easy_027,Easy,DLX-OMP,16,1,0.001058183,1
easy_027,Easy,DLX-OMP,16,2,0.000481375,1
easy_027,Easy,DLX-OMP,16,3,0.000672714,1
easy_027,Easy,DLX-OMP,16,4,0.000685268,1
easy_027,Easy,DLX-OMP,16,5,0.000478494,1
easy_027,Easy,OpenMP,4,1,0.004528836,1
easy_027,Easy,OpenMP,4,2,0.004417393,1
easy_027,Easy,OpenMP,4,3,0.004100006,1
easy_027,Easy,OpenMP,4,4,0.004059286,1
easy_027,Easy,OpenMP,4,5,0.004387012,1
easy_027,Easy,OpenMP,8,1,0.004552832,1
easy_027,Easy,OpenMP,8,2,0.004458806,1
easy_027,Easy,OpenMP,8,3,0.004438597,1
easy_027,Easy,OpenMP,8,4,0.004478176,1
easy_027,Easy,OpenMP,8,5,0.004119571,1
easy_027,Easy,OpenMP,16,1,0.004888855,1
easy_027,Easy,OpenMP,16,2,0.004183594,1
easy_027,Easy,OpenMP,16,3,0.004544882,1
easy_027,Easy,OpenMP,16,4,0.004499430,1
easy_027,Easy,OpenMP,16,5,0.004550325,1
easy_028,Easy,Serial,1,1,0.000910842,1
easy_028,Easy,Serial,1,2,0.000901120,1
easy_028,Easy,Serial,1,3,0.000905064,1
easy_028,Easy,Serial,1,4,0.000894929,1
easy_028,Easy,Serial,1,5,0.000875189,1
easy_028,Easy,Serial-MRV,1,1,0.005582286,1
easy_028,Easy,Serial-MRV,1,2,0.005621515,1
easy_028,Easy,Serial-MRV,1,3,0.005617978,1
easy_028,Easy,Serial-MRV,1,4,0.005593888,1
easy_028,Easy,Serial-MRV,1,5,0.005613716,1
easy_028,Easy,DLX,1,1,0.000273598,1
easy_028,Easy,DLX,1,2,0.000264645,1
easy_028,Easy,DLX,1,3,0.000273004,1
easy_028,Easy,DLX,1,4,0.000262051,1
easy_028,Easy,DLX,1,5,0.000260627,1
easy_028,Easy,DLX-OMP,4,1,0.000585115,1
easy_028,Easy,DLX-OMP,4,2,0.000499321,1
easy_028,Easy,DLX-OMP,4,3,0.000494399,1
easy_028,Easy,DLX-OMP,4,4,0.000491636,1
easy_028,Easy,DLX-OMP,4,5,0.000489750,1
easy_028,Easy,DLX-OMP,8,1,0.000620773,1
easy_028,Easy,DLX-OMP,8,2,0.000648577,1
easy_028,Easy,DLX-OMP,8,3,0.000659670,1
easy_028,Easy,DLX-OMP,8,4,0.000653586,1
easy_028,Easy,DLX-OMP,8,5,0.000486453,1
easy_028,Easy,DLX-OMP,16,1,0.002424205,1
easy_028,Easy,DLX-OMP,16,2,0.000660296,1
easy_028,Easy,DLX-OMP,16,3,0.000523490,1
easy_028,Easy,DLX-OMP,16,4,0.000495063,1
easy_028,Easy,DLX-OMP,16,5,0.000677344,1
easy_028,Easy,OpenMP,4,1,0.006283298,1
easy_028,Easy,OpenMP,4,2,0.006511170,1
easy_028,Easy,OpenMP,4,3,0.006149219,1
easy_028,Easy,OpenMP,4,4,0.006152020,1
easy_028,Easy,OpenMP,4,5,0.006155938,1
easy_028,Easy,OpenMP,8,1,0.006326628,1
easy_028,Easy,OpenMP,8,2,0.006170905,1
easy_028,Easy,OpenMP,8,3,0.006200423,1
easy_028,Easy,OpenMP,8,4,0.006218414,1
easy_028,Easy,OpenMP,8,5,0.006180957,1
easy_028,Easy,OpenMP,16,1,0.006590096,1
easy_028,Easy,OpenMP,16,2,0.006255877,1
easy_028,Easy,OpenMP,16,3,0.006246523,1
easy_028,Easy,OpenMP,16,4,0.006320557,1
easy_028,Easy,OpenMP,16,5,0.006292691,1
easy_029,Easy,Serial,1,1,0.002518768,1
easy_029,Easy,Serial,1,2,0.002478505,1
easy_029,Easy,Serial,1,3,0.002448851,1
easy_029,Easy,Serial,1,4,0.002451605,1
easy_029,Easy,Serial,1,5,0.002448974,1
easy_029,Easy,Serial-MRV,1,1,0.004147869,1
easy_029,Easy,Serial-MRV,1,2,0.004149856,1
easy_029,Easy,Serial-MRV,1,3,0.004172900,1
easy_029,Easy,Serial-MRV,1,4,0.004158943,1
easy_029,Easy,Serial-MRV,1,5,0.004152934,1
easy_029,Easy,DLX,1,1,0.000271181,1
easy_029,Easy,DLX,1,2,0.000272883,1
easy_029,Easy,DLX,1,3,0.000251888,1
easy_029,Easy,DLX,1,4,0.000261353,1
easy_029,Easy,DLX,1,5,0.000251116,1
easy_029,Easy,DLX-OMP,4,1,0.000567826,1
easy_029,Easy,DLX-OMP,4,2,0.000515660,1
easy_029,Easy,DLX-OMP,4,3,0.000481412,1
easy_029,Easy,DLX-OMP,4,4,0.000476650,1
easy_029,Easy,DLX-OMP,4,5,0.000485820,1
easy_029,Easy,DLX-OMP,8,1,0.000765254,1
easy_029,Easy,DLX-OMP,8,2,0.000893623,1
easy_029,Easy,DLX-OMP,8,3,0.000524061,1
easy_029,Easy,DLX-OMP,8,4,0.000503004,1
easy_029,Easy,DLX-OMP,8,5,0.000670380,1
easy_029,Easy,DLX-OMP,16,1,0.002381867,1
easy_029,Easy,DLX-OMP,16,2,0.000524796,1
easy_029,Easy,DLX-OMP,16,3,0.000728384,1
easy_029,Easy,DLX-OMP,16,4,0.000502263,1
easy_029,Easy,DLX-OMP,16,5,0.000544598,1
easy_029,Easy,OpenMP,4,1,0.004717114,1
easy_029,Easy,OpenMP,4,2,0.004561936,1
easy_029,Easy,OpenMP,4,3,0.004601958,1
easy_029,Easy,OpenMP,4,4,0.004539817,1
easy_029,Easy,OpenMP,4,5,0.004620363,1
easy_029,Easy,OpenMP,8,1,0.004766479,1
easy_029,Easy,OpenMP,8,2,0.004636826,1
easy_029,Easy,OpenMP,8,3,0.004649667,1
easy_029,Easy,OpenMP,8,4,0.004655504,1
easy_029,Easy,OpenMP,8,5,0.004581325,1
easy_029,Easy,OpenMP,16,1,0.005113786,1
easy_029,Easy,OpenMP,16,2,0.004679609,1
easy_029,Easy,OpenMP,16,3,0.004729826,1
easy_029,Easy,OpenMP,16,4,0.004820257,1
easy_029,Easy,OpenMP,16,5,0.004752242,1
easy_030,Easy,Serial,1,1,0.001322606,1
easy_030,Easy,Serial,1,2,0.001306287,1
easy_030,Easy,Serial,1,3,0.001310832,1
easy_030,Easy,Serial,1,4,0.001281131,1
easy_030,Easy,Serial,1,5,0.001279640,1
easy_030,Easy,Serial-MRV,1,1,0.003533763,1
easy_030,Easy,Serial-MRV,1,2,0.003567872,1
easy_030,Easy,Serial-MRV,1,3,0.003544383,1
easy_030,Easy,Serial-MRV,1,4,0.003539997,1
easy_030,Easy,Serial-MRV,1,5,0.003559723,1
easy_030,Easy,DLX,1,1,0.000284475,1
easy_030,Easy,DLX,1,2,0.000276179,1
easy_030,Easy,DLX,1,3,0.000286137,1
easy_030,Easy,DLX,1,4,0.000272541,1
easy_030,Easy,DLX,1,5,0.000272404,1
easy_030,Easy,DLX-OMP,4,1,0.000623979,1
easy_030,Easy,DLX-OMP,4,2,0.000525699,1
easy_030,Easy,DLX-OMP,4,3,0.000505357,1
easy_030,Easy,DLX-OMP,4,4,0.000499920,1
easy_030,Easy,DLX-OMP,4,5,0.000506631,1
easy_030,Easy,DLX-OMP,8,1,0.000616961,1
easy_030,Easy,DLX-OMP,8,2,0.000496720,1
easy_030,Easy,DLX-OMP,8,3,0.000659791,1
easy_030,Easy,DLX-OMP,8,4,0.000662440,1
easy_030,Easy,DLX-OMP,8,5,0.000510909,1
easy_030,Easy,DLX-OMP,16,1,0.001085542,1
easy_030,Easy,DLX-OMP,16,2,0.000600058,1
easy_030,Easy,DLX-OMP,16,3,0.000695082,1
easy_030,Easy,DLX-OMP,16,4,0.000498295,1
easy_030,Easy,DLX-OMP,16,5,0.000684656,1
easy_030,Easy,OpenMP,4,1,0.003709012,1
easy_030,Easy,OpenMP,4,2,0.003563360,1
easy_030,Easy,OpenMP,4,3,0.003920369,1
easy_030,Easy,OpenMP,4,4,0.003625769,1
easy_030,Easy,OpenMP,4,5,0.003560106,1
easy_030,Easy,OpenMP,8,1,0.003688766,1
easy_030,Easy,OpenMP,8,2,0.003614837,1
easy_030,Easy,OpenMP,8,3,0.003597690,1
easy_030,Easy,OpenMP,8,4,0.003573542,1
easy_030,Easy,OpenMP,8,5,0.003614970,1
easy_030,Easy,OpenMP,16,1,0.004028350,1
easy_030,Easy,OpenMP,16,2,0.003656118,1
easy_030,Easy,OpenMP,16,3,0.003650751,1
easy_030,Easy,OpenMP,16,4,0.003677613,1
easy_030,Easy,OpenMP,16,5,0.003643172,1
easy_031,Easy,Serial,1,1,0.000142638,1
easy_031,Easy,Serial,1,2,0.000138757,1
easy_031,Easy,Serial,1,3,0.000138236,1
easy_031,Easy,Serial,1,4,0.000137836,1
easy_031,Easy,Serial,1,5,0.000174448,1
easy_031,Easy,Serial-MRV,1,1,0.002998345,1
easy_031,Easy,Serial-MRV,1,2,0.002926923,1
easy_031,Easy,Serial-MRV,1,3,0.002918864,1
easy_031,Easy,Serial-MRV,1,4,0.002939732,1
easy_031,Easy,Serial-MRV,1,5,0.002919678,1
easy_031,Easy,DLX,1,1,0.000279225,1
easy_031,Easy,DLX,1,2,0.000270048,1
easy_031,Easy,DLX,1,3,0.000269898,1
easy_031,Easy,DLX,1,4,0.000279075,1
easy_031,Easy,DLX,1,5,0.000268713,1
easy_031,Easy,DLX-OMP,4,1,0.000604237,1
easy_031,Easy,DLX-OMP,4,2,0.000513369,1
easy_031,Easy,DLX-OMP,4,3,0.000501088,1
easy_031,Easy,DLX-OMP,4,4,0.000488133,1
easy_031,Easy,DLX-OMP,4,5,0.000514737,1
easy_031,Easy,DLX-OMP,8,1,0.000622304,1
easy_031,Easy,DLX-OMP,8,2,0.000675716,1
easy_031,Easy,DLX-OMP,8,3,0.000656224,1
easy_031,Easy,DLX-OMP,8,4,0.000670183,1
easy_031,Easy,DLX-OMP,8,5,0.000491464,1
easy_031,Easy,DLX-OMP,16,1,0.001620383,1
easy_031,Easy,DLX-OMP,16,2,0.000650880,1
easy_031,Easy,DLX-OMP,16,3,0.000545606,1
easy_031,Easy,DLX-OMP,16,4,0.000531600,1
easy_031,Easy,DLX-OMP,16,5,0.000649022,1
easy_031,Easy,OpenMP,4,1,0.003093042,1
easy_031,Easy,OpenMP,4,2,0.002975405,1
easy_031,Easy,OpenMP,4,3,0.002956821,1
easy_031,Easy,OpenMP,4,4,0.002946916,1
easy_031,Easy,OpenMP,4,5,0.002958629,1
easy_031,Easy,OpenMP,8,1,0.003080707,1
easy_031,Easy,OpenMP,8,2,0.002987589,1
easy_031,Easy,OpenMP,8,3,0.003003155,1
easy_031,Easy,OpenMP,8,4,0.002991711,1
easy_031,Easy,OpenMP,8,5,0.002961743,1
easy_031,Easy,OpenMP,16,1,0.003352935,1
easy_031,Easy,OpenMP,16,2,0.003052188,1
easy_031,Easy,OpenMP,16,3,0.003022754,1
easy_031,Easy,OpenMP,16,4,0.003009742,1
easy_031,Easy,OpenMP,16,5,0.003038291,1
easy_032,Easy,Serial,1,1,0.005326054,1
easy_032,Easy,Serial,1,2,0.003779483,1
easy_032,Easy,Serial,1,3,0.002957522,1
easy_032,Easy,Serial,1,4,0.002955339,1
easy_032,Easy,Serial,1,5,0.002975437,1
easy_032,Easy,Serial-MRV,1,1,0.002639525,1
easy_032,Easy,Serial-MRV,1,2,0.002651228,1
easy_032,Easy,Serial-MRV,1,3,0.002648819,1
easy_032,Easy,Serial-MRV,1,4,0.002671079,1
easy_032,Easy,Serial-MRV,1,5,0.002650118,1
easy_032,Easy,DLX,1,1,0.000168718,1
easy_032,Easy,DLX,1,2,0.000163499,1
easy_032,Easy,DLX,1,3,0.000162259,1
easy_032,Easy,DLX,1,4,0.000161831,1
easy_032,Easy,DLX,1,5,0.000168035,1
easy_032,Easy,DLX-OMP,4,1,0.000358148,1
easy_032,Easy,DLX-OMP,4,2,0.000310534,1
easy_032,Easy,DLX-OMP,4,3,0.000439794,1
easy_032,Easy,DLX-OMP,4,4,0.000426637,1
easy_032,Easy,DLX-OMP,4,5,0.000419371,1
easy_032,Easy,DLX-OMP,8,1,0.000526203,1
easy_032,Easy,DLX-OMP,8,2,0.000316783,1
easy_032,Easy,DLX-OMP,8,3,0.000414826,1
easy_032,Easy,DLX-OMP,8,4,0.000439123,1
easy_032,Easy,DLX-OMP,8,5,0.000564070,1
easy_032,Easy,DLX-OMP,16,1,0.001515861,1
easy_032,Easy,DLX-OMP,16,2,0.000300367,1
easy_032,Easy,DLX-OMP,16,3,0.000419921,1
easy_032,Easy,DLX-OMP,16,4,0.000598491,1
easy_032,Easy,DLX-OMP,16,5,0.000601583,1
easy_032,Easy,OpenMP,4,1,0.004827584,1
easy_032,Easy,OpenMP,4,2,0.004721780,1
easy_032,Easy,OpenMP,4,3,0.004736588,1
easy_032,Easy,OpenMP,4,4,0.002890074,1
easy_032,Easy,OpenMP,4,5,0.004640184,1
easy_032,Easy,OpenMP,8,1,0.004805537,1
easy_032,Easy,OpenMP,8,2,0.004672343,1
easy_032,Easy,OpenMP,8,3,0.004792159,1
easy_032,Easy,OpenMP,8,4,0.004741987,1
easy_032,Easy,OpenMP,8,5,0.004785020,1
easy_032,Easy,OpenMP,16,1,0.003859539,1
easy_032,Easy,OpenMP,16,2,0.004717509,1
easy_032,Easy,OpenMP,16,3,0.004866989,1
easy_032,Easy,OpenMP,16,4,0.002950514,1
easy_032,Easy,OpenMP,16,5,0.004826940,1
easy_033,Easy,Serial,1,1,0.000894407,1
easy_033,Easy,Serial,1,2,0.000765491,1
easy_033,Easy,Serial,1,3,0.000742215,1
easy_033,Easy,Serial,1,4,0.000737949,1
easy_033,Easy,Serial,1,5,0.000758559,1
easy_033,Easy,Serial-MRV,1,1,0.002439544,1
easy_033,Easy,Serial-MRV,1,2,0.002480163,1
easy_033,Easy,Serial-MRV,1,3,0.002462777,1
easy_033,Easy,Serial-MRV,1,4,0.002457672,1
easy_033,Easy,Serial-MRV,1,5,0.002466119,1
easy_033,Easy,DLX,1,1,0.000168992,1
easy_033,Easy,DLX,1,2,0.000162591,1
easy_033,Easy,DLX,1,3,0.000161346,1
easy_033,Easy,DLX,1,4,0.000160914,1
easy_033,Easy,DLX,1,5,0.000160726,1
easy_033,Easy,DLX-OMP,4,1,0.000359123,1
easy_033,Easy,DLX-OMP,4,2,0.000435915,1
easy_033,Easy,DLX-OMP,4,3,0.000451904,1
easy_033,Easy,DLX-OMP,4,4,0.000423403,1
easy_033,Easy,DLX-OMP,4,5,0.000419354,1
easy_033,Easy,DLX-OMP,8,1,0.000653944,1
easy_033,Easy,DLX-OMP,8,2,0.000434551,1
easy_033,Easy,DLX-OMP,8,3,0.000293482,1
easy_033,Easy,DLX-OMP,8,4,0.000582836,1
easy_033,Easy,DLX-OMP,8,5,0.000409774,1
easy_033,Easy,DLX-OMP,16,1,0.001823351,1
easy_033,Easy,DLX-OMP,16,2,0.000371009,1
easy_033,Easy,DLX-OMP,16,3,0.000490030,1
easy_033,Easy,DLX-OMP,16,4,0.000597062,1
easy_033,Easy,DLX-OMP,16,5,0.000589673,1
easy_033,Easy,OpenMP,4,1,0.004502274,1
easy_033,Easy,OpenMP,4,2,0.004387688,1
easy_033,Easy,OpenMP,4,3,0.004366125,1
easy_033,Easy,OpenMP,4,4,0.003168081,1
easy_033,Easy,OpenMP,4,5,0.004361625,1
easy_033,Easy,OpenMP,8,1,0.003388408,1
easy_033,Easy,OpenMP,8,2,0.004413446,1
easy_033,Easy,OpenMP,8,3,0.003292614,1
easy_033,Easy,OpenMP,8,4,0.004431563,1
easy_033,Easy,OpenMP,8,5,0.004422254,1
easy_033,Easy,OpenMP,16,1,0.005500495,1
easy_033,Easy,OpenMP,16,2,0.004470534,1
easy_033,Easy,OpenMP,16,3,0.004500413,1
easy_033,Easy,OpenMP,16,4,0.004456398,1
easy_033,Easy,OpenMP,16,5,0.004491465,1
easy_034,Easy,Serial,1,1,0.000759455,1
easy_034,Easy,Serial,1,2,0.000737654,1
easy_034,Easy,Serial,1,3,0.000712710,1
easy_034,Easy,Serial,1,4,0.000741717,1
easy_034,Easy,Serial,1,5,0.000740172,1
easy_034,Easy,Serial-MRV,1,1,0.002002943,1
easy_034,Easy,Serial-MRV,1,2,0.002013381,1
easy_034,Easy,Serial-MRV,1,3,0.002012169,1
easy_034,Easy,Serial-MRV,1,4,0.002028059,1
easy_034,Easy,Serial-MRV,1,5,0.002010813,1
easy_034,Easy,DLX,1,1,0.000195473,1
easy_034,Easy,DLX,1,2,0.000188509,1
easy_034,Easy,DLX,1,3,0.000197128,1
easy_034,Easy,DLX,1,4,0.000187351,1
easy_034,Easy,DLX,1,5,0.000185372,1
easy_034,Easy,DLX-OMP,4,1,0.000438758,1
easy_034,Easy,DLX-OMP,4,2,0.000445842,1
easy_034,Easy,DLX-OMP,4,3,0.000437128,1
easy_034,Easy,DLX-OMP,4,4,0.000430012,1
easy_034,Easy,DLX-OMP,4,5,0.000427281,1
easy_034,Easy,DLX-OMP,8,1,0.000515768,1
easy_034,Easy,DLX-OMP,8,2,0.000606995,1
easy_034,Easy,DLX-OMP,8,3,0.000557550,1
easy_034,Easy,DLX-OMP,8,4,0.000438674,1
easy_034,Easy,DLX-OMP,8,5,0.000348109,1
easy_034,Easy,DLX-OMP,16,1,0.001020320,1
easy_034,Easy,DLX-OMP,16,2,0.000613605,1
easy_034,Easy,DLX-OMP,16,3,0.000429068,1
easy_034,Easy,DLX-OMP,16,4,0.000614854,1
easy_034,Easy,DLX-OMP,16,5,0.000576839,1
easy_034,Easy,OpenMP,4,1,0.002993283,1
easy_034,Easy,OpenMP,4,2,0.002900065,1
easy_034,Easy,OpenMP,4,3,0.002847870,1
easy_034,Easy,OpenMP,4,4,0.002139828,1
easy_034,Easy,OpenMP,4,5,0.002882645,1
easy_034,Easy,OpenMP,8,1,0.002982074,1
easy_034,Easy,OpenMP,8,2,0.002870521,1
easy_034,Easy,OpenMP,8,3,0.002852515,1
easy_034,Easy,OpenMP,8,4,0.002899388,1
easy_034,Easy,OpenMP,8,5,0.002896810,1
easy_034,Easy,OpenMP,16,1,0.003399014,1
easy_034,Easy,OpenMP,16,2,0.003266217,1
easy_034,Easy,OpenMP,16,3,0.002957037,1
easy_034,Easy,OpenMP,16,4,0.002911552,1
easy_034,Easy,OpenMP,16,5,0.002943167,1
easy_035,Easy,Serial,1,1,0.000397884,1
easy_035,Easy,Serial,1,2,0.000393841,1
easy_035,Easy,Serial,1,3,0.000424092,1
easy_035,Easy,Serial,1,4,0.000393747,1
easy_035,Easy,Serial,1,5,0.000427436,1
easy_035,Easy,Serial-MRV,1,1,0.003227381,1
easy_035,Easy,Serial-MRV,1,2,0.003206824,1
easy_035,Easy,Serial-MRV,1,3,0.003191139,1
easy_035,Easy,Serial-MRV,1,4,0.003191426,1
easy_035,Easy,Serial-MRV,1,5,0.003190240,1
easy_035,Easy,DLX,1,1,0.000219882,1
easy_035,Easy,DLX,1,2,0.000216160,1
easy_035,Easy,DLX,1,3,0.000223250,1
easy_035,Easy,DLX,1,4,0.000213058,1
easy_035,Easy,DLX,1,5,0.000213114,1
easy_035,Easy,DLX-OMP,4,1,0.000481155,1
easy_035,Easy,DLX-OMP,4,2,0.000476458,1
easy_035,Easy,DLX-OMP,4,3,0.000474472,1
easy_035,Easy,DLX-OMP,4,4,0.000444530,1
easy_035,Easy,DLX-OMP,4,5,0.000380361,1
easy_035,Easy,DLX-OMP,8,1,0.000728117,1
easy_035,Easy,DLX-OMP,8,2,0.000465315,1
easy_035,Easy,DLX-OMP,8,3,0.000448582,1
easy_035,Easy,DLX-OMP,8,4,0.000608152,1
easy_035,Easy,DLX-OMP,8,5,0.000450833,1
easy_035,Easy,DLX-OMP,16,1,0.001421057,1
easy_035,Easy,DLX-OMP,16,2,0.000602653,1
easy_035,Easy,DLX-OMP,16,3,0.000645299,1
easy_035,Easy,DLX-OMP,16,4,0.000508204,1
easy_035,Easy,DLX-OMP,16,5,0.000626733,1
easy_035,Easy,OpenMP,4,1,0.004492175,1
easy_035,Easy,OpenMP,4,2,0.004384660,1
easy_035,Easy,OpenMP,4,3,0.003404666,1
easy_035,Easy,OpenMP,4,4,0.004341838,1
easy_035,Easy,OpenMP,4,5,0.004393042,1
easy_035,Easy,OpenMP,8,1,0.004538773,1
easy_035,Easy,OpenMP,8,2,0.004414751,1
easy_035,Easy,OpenMP,8,3,0.004425008,1
easy_035,Easy,OpenMP,8,4,0.004408320,1
easy_035,Easy,OpenMP,8,5,0.004413972,1
easy_035,Easy,OpenMP,16,1,0.005468856,1
easy_035,Easy,OpenMP,16,2,0.004452760,1
easy_035,Easy,OpenMP,16,3,0.004483440,1
easy_035,Easy,OpenMP,16,4,0.005021893,1
easy_035,Easy,OpenMP,16,5,0.004540058,1
easy_036,Easy,Serial,1,1,0.008042405,1
easy_036,Easy,Serial,1,2,0.007909524,1
easy_036,Easy,Serial,1,3,0.008652016,1
easy_036,Easy,Serial,1,4,0.008434796,1
easy_036,Easy,Serial,1,5,0.008432297,1
easy_036,Easy,Serial-MRV,1,1,0.005573636,1
easy_036,Easy,Serial-MRV,1,2,0.005642637,1
easy_036,Easy,Serial-MRV,1,3,0.005625720,1
easy_036,Easy,Serial-MRV,1,4,0.005630985,1
easy_036,Easy,Serial-MRV,1,5,0.005618263,1
easy_036,Easy,DLX,1,1,0.000236560,1
easy_036,Easy,DLX,1,2,0.000232649,1
easy_036,Easy,DLX,1,3,0.000239227,1
easy_036,Easy,DLX,1,4,0.000230904,1
easy_036,Easy,DLX,1,5,0.000230869,1
easy_036,Easy,DLX-OMP,4,1,0.000591993,1
easy_036,Easy,DLX-OMP,4,2,0.000486476,1
easy_036,Easy,DLX-OMP,4,3,0.000437090,1
easy_036,Easy,DLX-OMP,4,4,0.000461933,1
easy_036,Easy,DLX-OMP,4,5,0.000470734,1
easy_036,Easy,DLX-OMP,8,1,0.000580477,1
easy_036,Easy,DLX-OMP,8,2,0.000636223,1
easy_036,Easy,DLX-OMP,8,3,0.000635559,1
easy_036,Easy,DLX-OMP,8,4,0.000470943,1
easy_036,Easy,DLX-OMP,8,5,0.000476675,1
easy_036,Easy,DLX-OMP,16,1,0.001454002,1
easy_036,Easy,DLX-OMP,16,2,0.000654265,1
easy_036,Easy,DLX-OMP,16,3,0.000471012,1
easy_036,Easy,DLX-OMP,16,4,0.000655785,1
easy_036,Easy,DLX-OMP,16,5,0.000651886,1
easy_036,Easy,OpenMP,4,1,0.007210244,1
easy_036,Easy,OpenMP,4,2,0.007102129,1
easy_036,Easy,OpenMP,4,3,0.007090339,1
easy_036,Easy,OpenMP,4,4,0.007085444,1
easy_036,Easy,OpenMP,4,5,0.007133412,1
easy_036,Easy,OpenMP,8,1,0.007191647,1
easy_036,Easy,OpenMP,8,2,0.007113176,1
easy_036,Easy,OpenMP,8,3,0.007152127,1
easy_036,Easy,OpenMP,8,4,0.007495961,1
easy_036,Easy,OpenMP,8,5,0.007123234,1
easy_036,Easy,OpenMP,16,1,0.007568060,1
easy_036,Easy,OpenMP,16,2,0.007231732,1
easy_036,Easy,OpenMP,16,3,0.007209824,1
easy_036,Easy,OpenMP,16,4,0.007214503,1
easy_036,Easy,OpenMP,16,5,0.007229720,1
easy_037,Easy,Serial,1,1,0.010101042,1
easy_037,Easy,Serial,1,2,0.009993832,1
easy_037,Easy,Serial,1,3,0.009993081,1
easy_037,Easy,Serial,1,4,0.009992947,1
easy_037,Easy,Serial,1,5,0.009991376,1
easy_037,Easy,Serial-MRV,1,1,0.003984737,1
easy_037,Easy,Serial-MRV,1,2,0.003961243,1
easy_037,Easy,Serial-MRV,1,3,0.003979797,1
easy_037,Easy,Serial-MRV,1,4,0.003963976,1
easy_037,Easy,Serial-MRV,1,5,0.003977251,1
easy_037,Easy,DLX,1,1,0.000293202,1
easy_037,Easy,DLX,1,2,0.000293255,1
easy_037,Easy,DLX,1,3,0.000281048,1
easy_037,Easy,DLX,1,4,0.000279872,1
easy_037,Easy,DLX,1,5,0.000278702,1
easy_037,Easy,DLX-OMP,4,1,0.000614062,1
easy_037,Easy,DLX-OMP,4,2,0.000522122,1
easy_037,Easy,DLX-OMP,4,3,0.000515040,1
easy_037,Easy,DLX-OMP,4,4,0.000525183,1
easy_037,Easy,DLX-OMP,4,5,0.000507388,1
easy_037,Easy,DLX-OMP,8,1,0.000796449,1
easy_037,Easy,DLX-OMP,8,2,0.000528069,1
easy_037,Easy,DLX-OMP,8,3,0.000499426,1
easy_037,Easy,DLX-OMP,8,4,0.000527886,1
easy_037,Easy,DLX-OMP,8,5,0.000505747,1
easy_037,Easy,DLX-OMP,16,1,0.002039419,1
easy_037,Easy,DLX-OMP,16,2,0.000664530,1
easy_037,Easy,DLX-OMP,16,3,0.000688775,1
easy_037,Easy,DLX-OMP,16,4,0.000515194,1
easy_037,Easy,DLX-OMP,16,5,0.000701243,1
easy_037,Easy,OpenMP,4,1,0.004186803,1
easy_037,Easy,OpenMP,4,2,0.004053423,1
easy_037,Easy,OpenMP,4,3,0.004033553,1
easy_037,Easy,OpenMP,4,4,0.004061826,1
easy_037,Easy,OpenMP,4,5,0.004080627,1
easy_037,Easy,OpenMP,8,1,0.004216911,1
easy_037,Easy,OpenMP,8,2,0.004106604,1
easy_037,Easy,OpenMP,8,3,0.004084389,1
easy_037,Easy,OpenMP,8,4,0.004081188,1
easy_037,Easy,OpenMP,8,5,0.004107552,1
easy_037,Easy,OpenMP,16,1,0.004434426,1
easy_037,Easy,OpenMP,16,2,0.004156675,1
easy_037,Easy,OpenMP,16,3,0.004144044,1
easy_037,Easy,OpenMP,16,4,0.004205491,1
easy_037,Easy,OpenMP,16,5,0.004151966,1
easy_038,Easy,Serial,1,1,0.002710604,1
easy_038,Easy,Serial,1,2,0.002614299,1
easy_038,Easy,Serial,1,3,0.002600203,1
easy_038,Easy,Serial,1,4,0.002580687,1
easy_038,Easy,Serial,1,5,0.002574840,1
easy_038,Easy,Serial-MRV,1,1,0.003350502,1
easy_038,Easy,Serial-MRV,1,2,0.003385118,1
easy_038,Easy,Serial-MRV,1,3,0.003365106,1
easy_038,Easy,Serial-MRV,1,4,0.003366918,1
easy_038,Easy,Serial-MRV,1,5,0.003380026,1
easy_038,Easy,DLX,1,1,0.000297496,1
easy_038,Easy,DLX,1,2,0.000278779,1
easy_038,Easy,DLX,1,3,0.000275975,1
easy_038,Easy,DLX,1,4,0.000276161,1
easy_038,Easy,DLX,1,5,0.000283237,1
easy_038,Easy,DLX-OMP,4,1,0.000599695,1
easy_038,Easy,DLX-OMP,4,2,0.000528730,1
easy_038,Easy,DLX-OMP,4,3,0.000515134,1
easy_038,Easy,DLX-OMP,4,4,0.000506935,1
easy_038,Easy,DLX-OMP,4,5,0.000516105,1
easy_038,Easy,DLX-OMP,8,1,0.000763010,1
easy_038,Easy,DLX-OMP,8,2,0.000526614,1
easy_038,Easy,DLX-OMP,8,3,0.000683361,1
easy_038,Easy,DLX-OMP,8,4,0.000514988,1
easy_038,Easy,DLX-OMP,8,5,0.000516456,1
easy_038,Easy,DLX-OMP,16,1,0.002463876,1
easy_038,Easy,DLX-OMP,16,2,0.000698095,1
easy_038,Easy,DLX-OMP,16,3,0.000562622,1
easy_038,Easy,DLX-OMP,16,4,0.000663115,1
easy_038,Easy,DLX-OMP,16,5,0.000567839,1
easy_038,Easy,OpenMP,4,1,0.003545667,1
easy_038,Easy,OpenMP,4,2,0.003390926,1
easy_038,Easy,OpenMP,4,3,0.003383590,1
easy_038,Easy,OpenMP,4,4,0.003420226,1
easy_038,Easy,OpenMP,4,5,0.003804673,1
easy_038,Easy,OpenMP,8,1,0.003475560,1
easy_038,Easy,OpenMP,8,2,0.003482157,1
easy_038,Easy,OpenMP,8,3,0.003391726,1
easy_038,Easy,OpenMP,8,4,0.003445592,1
easy_038,Easy,OpenMP,8,5,0.003465665,1
easy_038,Easy,OpenMP,16,1,0.003673767,1
easy_038,Easy,OpenMP,16,2,0.003509529,1
easy_038,Easy,OpenMP,16,3,0.003511886,1
easy_038,Easy,OpenMP,16,4,0.003523098,1
easy_038,Easy,OpenMP,16,5,0.003562947,1
easy_039,Easy,Serial,1,1,0.006890612,1
easy_039,Easy,Serial,1,2,0.006651425,1
easy_039,Easy,Serial,1,3,0.006634312,1
easy_039,Easy,Serial,1,4,0.006648563,1
easy_039,Easy,Serial,1,5,0.006649120,1
easy_039,Easy,Serial-MRV,1,1,0.003700795,1
easy_039,Easy,Serial-MRV,1,2,0.003708175,1
easy_039,Easy,Serial-MRV,1,3,0.003723760,1
easy_039,Easy,Serial-MRV,1,4,0.003707695,1
easy_039,Easy,Serial-MRV,1,5,0.003722591,1
easy_039,Easy,DLX,1,1,0.000177775,1
easy_039,Easy,DLX,1,2,0.000164790,1
easy_039,Easy,DLX,1,3,0.000163905,1
easy_039,Easy,DLX,1,4,0.000163636,1
easy_039,Easy,DLX,1,5,0.000162656,1
easy_039,Easy,DLX-OMP,4,1,0.000378692,1
easy_039,Easy,DLX-OMP,4,2,0.000310220,1
easy_039,Easy,DLX-OMP,4,3,0.000428462,1
easy_039,Easy,DLX-OMP,4,4,0.000434118,1
easy_039,Easy,DLX-OMP,4,5,0.000411687,1
easy_039,Easy,DLX-OMP,8,1,0.000507775,1
easy_039,Easy,DLX-OMP,8,2,0.000550752,1
easy_039,Easy,DLX-OMP,8,3,0.000435639,1
easy_039,Easy,DLX-OMP,8,4,0.000414820,1
easy_039,Easy,DLX-OMP,8,5,0.000429757,1
easy_039,Easy,DLX-OMP,16,1,0.000829721,1
easy_039,Easy,DLX-OMP,16,2,0.000575322,1
easy_039,Easy,DLX-OMP,16,3,0.000455844,1
easy_039,Easy,DLX-OMP,16,4,0.000420228,1
easy_039,Easy,DLX-OMP,16,5,0.000446622,1
easy_039,Easy,OpenMP,4,1,0.006704079,1
easy_039,Easy,OpenMP,4,2,0.006530674,1
easy_039,Easy,OpenMP,4,3,0.006499710,1
easy_039,Easy,OpenMP,4,4,0.006525872,1
easy_039,Easy,OpenMP,4,5,0.006847071,1
easy_039,Easy,OpenMP,8,1,0.006729540,1
easy_039,Easy,OpenMP,8,2,0.006650900,1
easy_039,Easy,OpenMP,8,3,0.006635768,1
easy_039,Easy,OpenMP,8,4,0.006592571,1
easy_039,Easy,OpenMP,8,5,0.006643321,1
easy_039,Easy,OpenMP,16,1,0.007662193,1
easy_039,Easy,OpenMP,16,2,0.006611465,1
easy_039,Easy,OpenMP,16,3,0.004584993,1
easy_039,Easy,OpenMP,16,4,0.006644458,1
easy_039,Easy,OpenMP,16,5,0.006718340,1
easy_040,Easy,Serial,1,1,0.005840465,1
easy_040,Easy,Serial,1,2,0.005769468,1
easy_040,Easy,Serial,1,3,0.005794153,1
easy_040,Easy,Serial,1,4,0.005775026,1
easy_040,Easy,Serial,1,5,0.005769854,1
easy_040,Easy,Serial-MRV,1,1,0.002877657,1
easy_040,Easy,Serial-MRV,1,2,0.002893312,1
easy_040,Easy,Serial-MRV,1,3,0.002889373,1
easy_040,Easy,Serial-MRV,1,4,0.002886917,1
easy_040,Easy,Serial-MRV,1,5,0.002891507,1
easy_040,Easy,DLX,1,1,0.000202007,1
easy_040,Easy,DLX,1,2,0.000190358,1
easy_040,Easy,DLX,1,3,0.000188319,1
easy_040,Easy,DLX,1,4,0.000187420,1
easy_040,Easy,DLX,1,5,0.000187760,1
easy_040,Easy,DLX-OMP,4,1,0.000413520,1
easy_040,Easy,DLX-OMP,4,2,0.000350284,1
easy_040,Easy,DLX-OMP,4,3,0.000479944,1
easy_040,Easy,DLX-OMP,4,4,0.000335203,1
easy_040,Easy,DLX-OMP,4,5,0.000336938,1
easy_040,Easy,DLX-OMP,8,1,0.000511356,1
easy_040,Easy,DLX-OMP,8,2,0.000589065,1
easy_040,Easy,DLX-OMP,8,3,0.000579126,1
easy_040,Easy,DLX-OMP,8,4,0.000447414,1
easy_040,Easy,DLX-OMP,8,5,0.000431327,1
easy_040,Easy,DLX-OMP,16,1,0.000782176,1
easy_040,Easy,DLX-OMP,16,2,0.000455448,1
easy_040,Easy,DLX-OMP,16,3,0.000610853,1
easy_040,Easy,DLX-OMP,16,4,0.000531565,1
easy_040,Easy,DLX-OMP,16,5,0.000440424,1
easy_040,Easy,OpenMP,4,1,0.004821061,1
easy_040,Easy,OpenMP,4,2,0.004417637,1
easy_040,Easy,OpenMP,4,3,0.004392871,1
easy_040,Easy,OpenMP,4,4,0.004406500,1
easy_040,Easy,OpenMP,4,5,0.004401878,1
easy_040,Easy,OpenMP,8,1,0.004541792,1
easy_040,Easy,OpenMP,8,2,0.004445289,1
easy_040,Easy,OpenMP,8,3,0.004447771,1
easy_040,Easy,OpenMP,8,4,0.004462207,1
easy_040,Easy,OpenMP,8,5,0.004435957,1
easy_040,Easy,OpenMP,16,1,0.004846382,1
easy_040,Easy,OpenMP,16,2,0.004553160,1
easy_040,Easy,OpenMP,16,3,0.004495456,1
easy_040,Easy,OpenMP,16,4,0.004543270,1
easy_040,Easy,OpenMP,16,5,0.004489399,1
easy_041,Easy,Serial,1,1,0.000776530,1
easy_041,Easy,Serial,1,2,0.000806714,1
easy_041,Easy,Serial,1,3,0.000794585,1
easy_041,Easy,Serial,1,4,0.000796431,1
easy_041,Easy,Serial,1,5,0.000776944,1
easy_041,Easy,Serial-MRV,1,1,0.003513902,1
easy_041,Easy,Serial-MRV,1,2,0.003522872,1
easy_041,Easy,Serial-MRV,1,3,0.003501954,1
easy_041,Easy,Serial-MRV,1,4,0.003504594,1
easy_041,Easy,Serial-MRV,1,5,0.003523373,1
easy_041,Easy,DLX,1,1,0.000260575,1
easy_041,Easy,DLX,1,2,0.000244434,1
easy_041,Easy,DLX,1,3,0.000241816,1
easy_041,Easy,DLX,1,4,0.000240855,1
easy_041,Easy,DLX,1,5,0.000249139,1
easy_041,Easy,DLX-OMP,4,1,0.000537603,1
easy_041,Easy,DLX-OMP,4,2,0.000503375,1
easy_041,Easy,DLX-OMP,4,3,0.000471081,1
easy_041,Easy,DLX-OMP,4,4,0.000488795,1
easy_041,Easy,DLX-OMP,4,5,0.000469705,1
easy_041,Easy,DLX-OMP,8,1,0.000741089,1
easy_041,Easy,DLX-OMP,8,2,0.000491055,1
easy_041,Easy,DLX-OMP,8,3,0.000467657,1
easy_041,Easy,DLX-OMP,8,4,0.000645333,1
easy_041,Easy,DLX-OMP,8,5,0.000477516,1
easy_041,Easy,DLX-OMP,16,1,0.002064210,1
easy_041,Easy,DLX-OMP,16,2,0.000679378,1
easy_041,Easy,DLX-OMP,16,3,0.000661820,1
easy_041,Easy,DLX-OMP,16,4,0.000630356,1
easy_041,Easy,DLX-OMP,16,5,0.000661729,1
easy_041,Easy,OpenMP,4,1,0.004406503,1
easy_041,Easy,OpenMP,4,2,0.004315928,1
easy_041,Easy,OpenMP,4,3,0.004163357,1
easy_041,Easy,OpenMP,4,4,0.003639149,1
easy_041,Easy,OpenMP,4,5,0.004169567,1
easy_041,Easy,OpenMP,8,1,0.004853107,1
easy_041,Easy,OpenMP,8,2,0.004357558,1
easy_041,Easy,OpenMP,8,3,0.004377141,1
easy_041,Easy,OpenMP,8,4,0.004308642,1
easy_041,Easy,OpenMP,8,5,0.004349057,1
easy_041,Easy,OpenMP,16,1,0.004615999,1
easy_041,Easy,OpenMP,16,2,0.004463293,1
easy_041,Easy,OpenMP,16,3,0.004427380,1
easy_041,Easy,OpenMP,16,4,0.004286438,1
easy_041,Easy,OpenMP,16,5,0.004414336,1
easy_042,Easy,Serial,1,1,0.007590748,1
easy_042,Easy,Serial,1,2,0.007475450,1
easy_042,Easy,Serial,1,3,0.007500192,1
easy_042,Easy,Serial,1,4,0.007489500,1
easy_042,Easy,Serial,1,5,0.007495327,1
easy_042,Easy,Serial-MRV,1,1,0.005420038,1
easy_042,Easy,Serial-MRV,1,2,0.005447250,1
easy_042,Easy,Serial-MRV,1,3,0.005426431,1
easy_042,Easy,Serial-MRV,1,4,0.005444495,1
easy_042,Easy,Serial-MRV,1,5,0.005426074,1
easy_042,Easy,DLX,1,1,0.000252817,1
easy_042,Easy,DLX,1,2,0.000258372,1
easy_042,Easy,DLX,1,3,0.000245257,1
easy_042,Easy,DLX,1,4,0.000244949,1
easy_042,Easy,DLX,1,5,0.000243312,1
easy_042,Easy,DLX-OMP,4,1,0.000597672,1
easy_042,Easy,DLX-OMP,4,2,0.000487843,1
easy_042,Easy,DLX-OMP,4,3,0.000508841,1
easy_042,Easy,DLX-OMP,4,4,0.000477637,1
easy_042,Easy,DLX-OMP,4,5,0.000480920,1
easy_042,Easy,DLX-OMP,8,1,0.000606027,1
easy_042,Easy,DLX-OMP,8,2,0.000486653,1
easy_042,Easy,DLX-OMP,8,3,0.000493360,1
easy_042,Easy,DLX-OMP,8,4,0.000470363,1
easy_042,Easy,DLX-OMP,8,5,0.000505011,1
easy_042,Easy,DLX-OMP,16,1,0.002188910,1
easy_042,Easy,DLX-OMP,16,2,0.000670359,1
easy_042,Easy,DLX-OMP,16,3,0.000634086,1
easy_042,Easy,DLX-OMP,16,4,0.000516393,1
easy_042,Easy,DLX-OMP,16,5,0.000629069,1
easy_042,Easy,OpenMP,4,1,0.004577752,1
easy_042,Easy,OpenMP,4,2,0.004800151,1
easy_042,Easy,OpenMP,4,3,0.004413980,1
easy_042,Easy,OpenMP,4,4,0.004473194,1
easy_042,Easy,OpenMP,4,5,0.004462504,1
easy_042,Easy,OpenMP,8,1,0.004700916,1
easy_042,Easy,OpenMP,8,2,0.004527246,1
easy_042,Easy,OpenMP,8,3,0.004548524,1
easy_042,Easy,OpenMP,8,4,0.004531145,1
easy_042,Easy,OpenMP,8,5,0.004510873,1
easy_042,Easy,OpenMP,16,1,0.004934698,1
easy_042,Easy,OpenMP,16,2,0.004570610,1
easy_042,Easy,OpenMP,16,3,0.004689393,1
easy_042,Easy,OpenMP,16,4,0.004564815,1
easy_042,Easy,OpenMP,16,5,0.004636676,1
easy_043,Easy,Serial,1,1,0.038609759,1
easy_043,Easy,Serial,1,2,0.038850835,1
easy_043,Easy,Serial,1,3,0.038446931,1
easy_043,Easy,Serial,1,4,0.038457916,1
easy_043,Easy,Serial,1,5,0.036664784,1
easy_043,Easy,Serial-MRV,1,1,0.002521585,1
easy_043,Easy,Serial-MRV,1,2,0.002530340,1
easy_043,Easy,Serial-MRV,1,3,0.002515214,1
easy_043,Easy,Serial-MRV,1,4,0.002510857,1
easy_043,Easy,Serial-MRV,1,5,0.002512855,1
easy_043,Easy,DLX,1,1,0.000171577,1
easy_043,Easy,DLX,1,2,0.000183077,1
easy_043,Easy,DLX,1,3,0.000171359,1
easy_043,Easy,DLX,1,4,0.000163631,1
easy_043,Easy,DLX,1,5,0.000163589,1
easy_043,Easy,DLX-OMP,4,1,0.000375408,1
easy_043,Easy,DLX-OMP,4,2,0.000328316,1
easy_043,Easy,DLX-OMP,4,3,0.000294582,1
easy_043,Easy,DLX-OMP,4,4,0.000419547,1
easy_043,Easy,DLX-OMP,4,5,0.000422331,1
easy_043,Easy,DLX-OMP,8,1,0.000528568,1
easy_043,Easy,DLX-OMP,8,2,0.000585426,1
easy_043,Easy,DLX-OMP,8,3,0.000294319,1
easy_043,Easy,DLX-OMP,8,4,0.000316991,1
easy_043,Easy,DLX-OMP,8,5,0.000429154,1
easy_043,Easy,DLX-OMP,16,1,0.002133716,1
easy_043,Easy,DLX-OMP,16,2,0.000462320,1
easy_043,Easy,DLX-OMP,16,3,0.000572611,1
easy_043,Easy,DLX-OMP,16,4,0.000456391,1
easy_043,Easy,DLX-OMP,16,5,0.000434814,1
easy_043,Easy,OpenMP,4,1,0.004653175,1
easy_043,Easy,OpenMP,4,2,0.004495049,1
easy_043,Easy,OpenMP,4,3,0.004549238,1
easy_043,Easy,OpenMP,4,4,0.004530957,1
easy_043,Easy,OpenMP,4,5,0.004550756,1
easy_043,Easy,OpenMP,8,1,0.004714612,1
easy_043,Easy,OpenMP,8,2,0.004428980,1
easy_043,Easy,OpenMP,8,3,0.002868893,1
easy_043,Easy,OpenMP,8,4,0.004580759,1
easy_043,Easy,OpenMP,8,5,0.004529724,1
easy_043,Easy,OpenMP,16,1,0.004831814,1
easy_043,Easy,OpenMP,16,2,0.004580360,1
easy_043,Easy,OpenMP,16,3,0.002808810,1
easy_043,Easy,OpenMP,16,4,0.004926629,1
easy_043,Easy,OpenMP,16,5,0.002902712,1
easy_044,Easy,Serial,1,1,0.000745106,1
easy_044,Easy,Serial,1,2,0.000706758,1
easy_044,Easy,Serial,1,3,0.000738074,1
easy_044,Easy,Serial,1,4,0.000738462,1
easy_044,Easy,Serial,1,5,0.000734918,1
easy_044,Easy,Serial-MRV,1,1,0.001833899,1
easy_044,Easy,Serial-MRV,1,2,0.001844577,1
easy_044,Easy,Serial-MRV,1,3,0.001846734,1
easy_044,Easy,Serial-MRV,1,4,0.001861341,1
easy_044,Easy,Serial-MRV,1,5,0.001843071,1
easy_044,Easy,DLX,1,1,0.000230428,1
easy_044,Easy,DLX,1,2,0.000158972,1
easy_044,Easy,DLX,1,3,0.000163505,1
easy_044,Easy,DLX,1,4,0.000156235,1
easy_044,Easy,DLX,1,5,0.000156417,1
easy_044,Easy,DLX-OMP,4,1,0.000609047,1
easy_044,Easy,DLX-OMP,4,2,0.000521633,1
easy_044,Easy,DLX-OMP,4,3,0.000520698,1
easy_044,Easy,DLX-OMP,4,4,0.000290815,1
easy_044,Easy,DLX-OMP,4,5,0.000406091,1
easy_044,Easy,DLX-OMP,8,1,0.000717977,1
easy_044,Easy,DLX-OMP,8,2,0.000572658,1
easy_044,Easy,DLX-OMP,8,3,0.000403923,1
easy_044,Easy,DLX-OMP,8,4,0.000578775,1
easy_044,Easy,DLX-OMP,8,5,0.000403258,1
easy_044,Easy,DLX-OMP,16,1,0.001915412,1
easy_044,Easy,DLX-OMP,16,2,0.000465736,1
easy_044,Easy,DLX-OMP,16,3,0.000553856,1
easy_044,Easy,DLX-OMP,16,4,0.000592215,1
easy_044,Easy,DLX-OMP,16,5,0.000293864,1
easy_044,Easy,OpenMP,4,1,0.003358636,1
easy_044,Easy,OpenMP,4,2,0.003284138,1
easy_044,Easy,OpenMP,4,3,0.003331456,1
easy_044,Easy,OpenMP,4,4,0.003609592,1
easy_044,Easy,OpenMP,4,5,0.003333449,1
easy_044,Easy,OpenMP,8,1,0.003358641,1
easy_044,Easy,OpenMP,8,2,0.003275373,1
easy_044,Easy,OpenMP,8,3,0.003373766,1
easy_044,Easy,OpenMP,8,4,0.003264467,1
easy_044,Easy,OpenMP,8,5,0.003310884,1
easy_044,Easy,OpenMP,16,1,0.003631839,1
easy_044,Easy,OpenMP,16,2,0.003330189,1
easy_044,Easy,OpenMP,16,3,0.003364027,1
easy_044,Easy,OpenMP,16,4,0.002484141,1
easy_044,Easy,OpenMP,16,5,0.003358321,1
easy_045,Easy,Serial,1,1,0.006495996,1
easy_045,Easy,Serial,1,2,0.006370300,1
easy_045,Easy,Serial,1,3,0.006373136,1
easy_045,Easy,Serial,1,4,0.006376217,1
easy_045,Easy,Serial,1,5,0.006375196,1
easy_045,Easy,Serial-MRV,1,1,0.003217496,1
easy_045,Easy,Serial-MRV,1,2,0.003227927,1
easy_045,Easy,Serial-MRV,1,3,0.003226814,1
easy_045,Easy,Serial-MRV,1,4,0.003224432,1
easy_045,Easy,Serial-MRV,1,5,0.003231644,1
easy_045,Easy,DLX,1,1,0.000208925,1
easy_045,Easy,DLX,1,2,0.000203262,1
easy_045,Easy,DLX,1,3,0.000201828,1
easy_045,Easy,DLX,1,4,0.000200750,1
easy_045,Easy,DLX,1,5,0.000207134,1
easy_045,Easy,DLX-OMP,4,1,0.000434085,1
easy_045,Easy,DLX-OMP,4,2,0.000598234,1
easy_045,Easy,DLX-OMP,4,3,0.000442930,1
easy_045,Easy,DLX-OMP,4,4,0.000448673,1
easy_045,Easy,DLX-OMP,4,5,0.000433725,1
easy_045,Easy,DLX-OMP,8,1,0.000552294,1
easy_045,Easy,DLX-OMP,8,2,0.000361846,1
easy_045,Easy,DLX-OMP,8,3,0.000614941,1
easy_045,Easy,DLX-OMP,8,4,0.000590722,1
easy_045,Easy,DLX-OMP,8,5,0.000612824,1
easy_045,Easy,DLX-OMP,16,1,0.002108882,1
easy_045,Easy,DLX-OMP,16,2,0.000507502,1
easy_045,Easy,DLX-OMP,16,3,0.000450331,1
easy_045,Easy,DLX-OMP,16,4,0.000475968,1
easy_045,Easy,DLX-OMP,16,5,0.000444392,1
easy_045,Easy,OpenMP,4,1,0.004794679,1
easy_045,Easy,OpenMP,4,2,0.004675771,1
easy_045,Easy,OpenMP,4,3,0.003453443,1
easy_045,Easy,OpenMP,4,4,0.004653705,1
easy_045,Easy,OpenMP,4,5,0.003471311,1
easy_045,Easy,OpenMP,8,1,0.004854410,1
easy_045,Easy,OpenMP,8,2,0.005079176,1
easy_045,Easy,OpenMP,8,3,0.004743469,1
easy_045,Easy,OpenMP,8,4,0.004710355,1
easy_045,Easy,OpenMP,8,5,0.004660410,1
easy_045,Easy,OpenMP,16,1,0.005039538,1
easy_045,Easy,OpenMP,16,2,0.004762693,1
easy_045,Easy,OpenMP,16,3,0.003652731,1
easy_045,Easy,OpenMP,16,4,0.004772316,1
easy_045,Easy,OpenMP,16,5,0.003766965,1
easy_046,Easy,Serial,1,1,0.002329687,1
easy_046,Easy,Serial,1,2,0.002304234,1
easy_046,Easy,Serial,1,3,0.002264648,1
easy_046,Easy,Serial,1,4,0.002258057,1
easy_046,Easy,Serial,1,5,0.002258223,1
easy_046,Easy,Serial-MRV,1,1,0.002997081,1
easy_046,Easy,Serial-MRV,1,2,0.002995654,1
easy_046,Easy,Serial-MRV,1,3,0.002987194,1
easy_046,Easy,Serial-MRV,1,4,0.003003793,1
easy_046,Easy,Serial-MRV,1,5,0.002988353,1
easy_046,Easy,DLX,1,1,0.000224579,1
easy_046,Easy,DLX,1,2,0.000211955,1
easy_046,Easy,DLX,1,3,0.000209559,1
easy_046,Easy,DLX,1,4,0.000208521,1
easy_046,Easy,DLX,1,5,0.000218497,1
easy_046,Easy,DLX-OMP,4,1,0.000460877,1
easy_046,Easy,DLX-OMP,4,2,0.000488010,1
easy_046,Easy,DLX-OMP,4,3,0.000447128,1
easy_046,Easy,DLX-OMP,4,4,0.000467099,1
easy_046,Easy,DLX-OMP,4,5,0.000453521,1
easy_046,Easy,DLX-OMP,8,1,0.000719412,1
easy_046,Easy,DLX-OMP,8,2,0.000448690,1
easy_046,Easy,DLX-OMP,8,3,0.000467682,1
easy_046,Easy,DLX-OMP,8,4,0.000594588,1
easy_046,Easy,DLX-OMP,8,5,0.000458765,1
easy_046,Easy,DLX-OMP,16,1,0.001431366,1
easy_046,Easy,DLX-OMP,16,2,0.000603531,1
easy_046,Easy,DLX-OMP,16,3,0.000472750,1
easy_046,Easy,DLX-OMP,16,4,0.000452530,1
easy_046,Easy,DLX-OMP,16,5,0.000629501,1
easy_046,Easy,OpenMP,4,1,0.004142579,1
easy_046,Easy,OpenMP,4,2,0.004046340,1
easy_046,Easy,OpenMP,4,3,0.004015746,1
easy_046,Easy,OpenMP,4,4,0.003097911,1
easy_046,Easy,OpenMP,4,5,0.003996364,1
easy_046,Easy,OpenMP,8,1,0.004154223,1
easy_046,Easy,OpenMP,8,2,0.004083019,1
easy_046,Easy,OpenMP,8,3,0.004052092,1
easy_046,Easy,OpenMP,8,4,0.004095059,1
easy_046,Easy,OpenMP,8,5,0.004093425,1
easy_046,Easy,OpenMP,16,1,0.004440017,1
easy_046,Easy,OpenMP,16,2,0.004461689,1
easy_046,Easy,OpenMP,16,3,0.004164313,1
easy_046,Easy,OpenMP,16,4,0.004190074,1
easy_046,Easy,OpenMP,16,5,0.004195563,1
easy_047,Easy,Serial,1,1,0.000381393,1
easy_047,Easy,Serial,1,2,0.000360448,1
easy_047,Easy,Serial,1,3,0.000324023,1
easy_047,Easy,Serial,1,4,0.000324443,1
easy_047,Easy,Serial,1,5,0.000348933,1
easy_047,Easy,Serial-MRV,1,1,0.002608880,1
easy_047,Easy,Serial-MRV,1,2,0.002603790,1
easy_047,Easy,Serial-MRV,1,3,0.002599226,1
easy_047,Easy,Serial-MRV,1,4,0.002613326,1
easy_047,Easy,Serial-MRV,1,5,0.002596339,1
easy_047,Easy,DLX,1,1,0.000227849,1
easy_047,Easy,DLX,1,2,0.000222979,1
easy_047,Easy,DLX,1,3,0.000227688,1
easy_047,Easy,DLX,1,4,0.000219041,1
easy_047,Easy,DLX,1,5,0.000216550,1
easy_047,Easy,DLX-OMP,4,1,0.000512801,1
easy_047,Easy,DLX-OMP,4,2,0.000410191,1
easy_047,Easy,DLX-OMP,4,3,0.000481000,1
easy_047,Easy,DLX-OMP,4,4,0.000462395,1
easy_047,Easy,DLX-OMP,4,5,0.000459938,1
easy_047,Easy,DLX-OMP,8,1,0.000569885,1
easy_047,Easy,DLX-OMP,8,2,0.000625743,1
easy_047,Easy,DLX-OMP,8,3,0.000476232,1
easy_047,Easy,DLX-OMP,8,4,0.000470625,1
easy_047,Easy,DLX-OMP,8,5,0.000453501,1
easy_047,Easy,DLX-OMP,16,1,0.002337070,1
easy_047,Easy,DLX-OMP,16,2,0.000460660,1
easy_047,Easy,DLX-OMP,16,3,0.000516958,1
easy_047,Easy,DLX-OMP,16,4,0.000608973,1
easy_047,Easy,DLX-OMP,16,5,0.000485708,1
easy_047,Easy,OpenMP,4,1,0.003386205,1
easy_047,Easy,OpenMP,4,2,0.002738922,1
easy_047,Easy,OpenMP,4,3,0.003296563,1
easy_047,Easy,OpenMP,4,4,0.003256646,1
easy_047,Easy,OpenMP,4,5,0.003295432,1
easy_047,Easy,OpenMP,8,1,0.003376036,1
easy_047,Easy,OpenMP,8,2,0.003317804,1
easy_047,Easy,OpenMP,8,3,0.003316696,1
easy_047,Easy,OpenMP,8,4,0.003267897,1
easy_047,Easy,OpenMP,8,5,0.003305967,1
easy_047,Easy,OpenMP,16,1,0.003072618,1
easy_047,Easy,OpenMP,16,2,0.003357869,1
easy_047,Easy,OpenMP,16,3,0.003365750,1
easy_047,Easy,OpenMP,16,4,0.003363320,1
easy_047,Easy,OpenMP,16,5,0.003342319,1
easy_048,Easy,Serial,1,1,0.700561635,1
easy_048,Easy,Serial,1,2,0.597763246,1
easy_048,Easy,Serial,1,3,0.456956320,1
easy_048,Easy,Serial,1,4,0.457406904,1
easy_048,Easy,Serial,1,5,0.457859313,1
easy_048,Easy,Serial-MRV,1,1,0.002723413,1
easy_048,Easy,Serial-MRV,1,2,0.002717874,1
easy_048,Easy,Serial-MRV,1,3,0.002713335,1
easy_048,Easy,Serial-MRV,1,4,0.002715442,1
easy_048,Easy,Serial-MRV,1,5,0.002713590,1
easy_048,Easy,DLX,1,1,0.000121248,1
easy_048,Easy,DLX,1,2,0.000119068,1
easy_048,Easy,DLX,1,3,0.000117890,1
easy_048,Easy,DLX,1,4,0.000117410,1
easy_048,Easy,DLX,1,5,0.000117111,1
easy_048,Easy,DLX-OMP,4,1,0.000328689,1
easy_048,Easy,DLX-OMP,4,2,0.000348345,1
easy_048,Easy,DLX-OMP,4,3,0.000206433,1
easy_048,Easy,DLX-OMP,4,4,0.000419791,1
easy_048,Easy,DLX-OMP,4,5,0.000281448,1
easy_048,Easy,DLX-OMP,8,1,0.000685974,1
easy_048,Easy,DLX-OMP,8,2,0.000595287,1
easy_048,Easy,DLX-OMP,8,3,0.000281363,1
easy_048,Easy,DLX-OMP,8,4,0.000559634,1
easy_048,Easy,DLX-OMP,8,5,0.000585501,1
easy_048,Easy,DLX-OMP,16,1,0.001665829,1
easy_048,Easy,DLX-OMP,16,2,0.000566695,1
easy_048,Easy,DLX-OMP,16,3,0.000444898,1
easy_048,Easy,DLX-OMP,16,4,0.000408892,1
easy_048,Easy,DLX-OMP,16,5,0.000275794,1
easy_048,Easy,OpenMP,4,1,0.006994298,1
easy_048,Easy,OpenMP,4,2,0.006885966,1
easy_048,Easy,OpenMP,4,3,0.006878919,1
easy_048,Easy,OpenMP,4,4,0.003109051,1
easy_048,Easy,OpenMP,4,5,0.006844422,1
easy_048,Easy,OpenMP,8,1,0.007036831,1
easy_048,Easy,OpenMP,8,2,0.003414510,1
easy_048,Easy,OpenMP,8,3,0.006998814,1
easy_048,Easy,OpenMP,8,4,0.006889360,1
easy_048,Easy,OpenMP,8,5,0.006886477,1
easy_048,Easy,OpenMP,16,1,0.007275766,1
easy_048,Easy,OpenMP,16,2,0.006966200,1
easy_048,Easy,OpenMP,16,3,0.003808787,1
easy_048,Easy,OpenMP,16,4,0.006952286,1
easy_048,Easy,OpenMP,16,5,0.007347339,1
easy_049,Easy,Serial,1,1,0.007722859,1
easy_049,Easy,Serial,1,2,0.007658222,1
easy_049,Easy,Serial,1,3,0.007653284,1
easy_049,Easy,Serial,1,4,0.007655429,1
easy_049,Easy,Serial,1,5,0.007694789,1
easy_049,Easy,Serial-MRV,1,1,0.003186258,1
easy_049,Easy,Serial-MRV,1,2,0.003187835,1
easy_049,Easy,Serial-MRV,1,3,0.003181668,1
easy_049,Easy,Serial-MRV,1,4,0.003206376,1
easy_049,Easy,Serial-MRV,1,5,0.003184375,1
easy_049,Easy,DLX,1,1,0.000216462,1
easy_049,Easy,DLX,1,2,0.000210282,1
easy_049,Easy,DLX,1,3,0.000208978,1
easy_049,Easy,DLX,1,4,0.000214691,1
easy_049,Easy,DLX,1,5,0.000208533,1
easy_049,Easy,DLX-OMP,4,1,0.000465705,1
easy_049,Easy,DLX-OMP,4,2,0.000403753,1
easy_049,Easy,DLX-OMP,4,3,0.000458641,1
easy_049,Easy,DLX-OMP,4,4,0.000455886,1
easy_049,Easy,DLX-OMP,4,5,0.000448580,1
easy_049,Easy,DLX-OMP,8,1,0.000696779,1
easy_049,Easy,DLX-OMP,8,2,0.000468155,1
easy_049,Easy,DLX-OMP,8,3,0.000599609,1
easy_049,Easy,DLX-OMP,8,4,0.000607725,1
easy_049,Easy,DLX-OMP,8,5,0.000443154,1
easy_049,Easy,DLX-OMP,16,1,0.002070309,1
easy_049,Easy,DLX-OMP,16,2,0.000502224,1
easy_049,Easy,DLX-OMP,16,3,0.000603073,1
easy_049,Easy,DLX-OMP,16,4,0.000481510,1
easy_049,Easy,DLX-OMP,16,5,0.000452838,1
easy_049,Easy,OpenMP,4,1,0.003427694,1
easy_049,Easy,OpenMP,4,2,0.004346830,1
easy_049,Easy,OpenMP,4,3,0.004321452,1
easy_049,Easy,OpenMP,4,4,0.004343256,1
easy_049,Easy,OpenMP,4,5,0.004317280,1
easy_049,Easy,OpenMP,8,1,0.004465377,1
easy_049,Easy,OpenMP,8,2,0.004534224,1
easy_049,Easy,OpenMP,8,3,0.004408962,1
easy_049,Easy,OpenMP,8,4,0.003372646,1
easy_049,Easy,OpenMP,8,5,0.004380861,1
easy_049,Easy,OpenMP,16,1,0.004728822,1
easy_049,Easy,OpenMP,16,2,0.004459487,1
easy_049,Easy,OpenMP,16,3,0.003407718,1
easy_049,Easy,OpenMP,16,4,0.003846248,1
easy_049,Easy,OpenMP,16,5,0.004492592,1
easy_050,Easy,Serial,1,1,0.000841212,1
easy_050,Easy,Serial,1,2,0.000827552,1
easy_050,Easy,Serial,1,3,0.000820780,1
easy_050,Easy,Serial,1,4,0.000801607,1
easy_050,Easy,Serial,1,5,0.000825873,1
easy_050,Easy,Serial-MRV,1,1,0.002954549,1
easy_050,Easy,Serial-MRV,1,2,0.002961611,1
easy_050,Easy,Serial-MRV,1,3,0.002962929,1
easy_050,Easy,Serial-MRV,1,4,0.002961198,1
easy_050,Easy,Serial-MRV,1,5,0.002982772,1
easy_050,Easy,DLX,1,1,0.000305788,1
easy_050,Easy,DLX,1,2,0.000221373,1
easy_050,Easy,DLX,1,3,0.000220170,1
easy_050,Easy,DLX,1,4,0.000218489,1
easy_050,Easy,DLX,1,5,0.000217013,1
easy_050,Easy,DLX-OMP,4,1,0.000813416,1
easy_050,Easy,DLX-OMP,4,2,0.000581643,1
easy_050,Easy,DLX-OMP,4,3,0.000562148,1
easy_050,Easy,DLX-OMP,4,4,0.000397803,1
easy_050,Easy,DLX-OMP,4,5,0.000393996,1
easy_050,Easy,DLX-OMP,8,1,0.000707814,1
easy_050,Easy,DLX-OMP,8,2,0.000421392,1
easy_050,Easy,DLX-OMP,8,3,0.000606103,1
easy_050,Easy,DLX-OMP,8,4,0.000632047,1
easy_050,Easy,DLX-OMP,8,5,0.000474140,1
easy_050,Easy,DLX-OMP,16,1,0.002196640,1
easy_050,Easy,DLX-OMP,16,2,0.000582239,1
easy_050,Easy,DLX-OMP,16,3,0.000485793,1
easy_050,Easy,DLX-OMP,16,4,0.000623859,1
easy_050,Easy,DLX-OMP,16,5,0.000479673,1
easy_050,Easy,OpenMP,4,1,0.003834298,1
easy_050,Easy,OpenMP,4,2,0.003788881,1
easy_050,Easy,OpenMP,4,3,0.003774166,1
easy_050,Easy,OpenMP,4,4,0.003808015,1
easy_050,Easy,OpenMP,4,5,0.003755337,1
easy_050,Easy,OpenMP,8,1,0.003900132,1
easy_050,Easy,OpenMP,8,2,0.003112332,1
easy_050,Easy,OpenMP,8,3,0.003817350,1
easy_050,Easy,OpenMP,8,4,0.003813709,1
easy_050,Easy,OpenMP,8,5,0.003140669,1
easy_050,Easy,OpenMP,16,1,0.004038064,1
easy_050,Easy,OpenMP,16,2,0.003867965,1
easy_050,Easy,OpenMP,16,3,0.003862303,1
easy_050,Easy,OpenMP,16,4,0.003803093,1
easy_050,Easy,OpenMP,16,5,0.003878151,1
easy_051,Easy,Serial,1,1,0.000215219,1
easy_051,Easy,Serial,1,2,0.000211216,1
easy_051,Easy,Serial,1,3,0.000210883,1
easy_051,Easy,Serial,1,4,0.000248896,1
easy_051,Easy,Serial,1,5,0.000210503,1
easy_051,Easy,Serial-MRV,1,1,0.002303783,1
easy_051,Easy,Serial-MRV,1,2,0.002297881,1
easy_051,Easy,Serial-MRV,1,3,0.002304870,1
easy_051,Easy,Serial-MRV,1,4,0.002287099,1
easy_051,Easy,Serial-MRV,1,5,0.002287170,1
easy_051,Easy,DLX,1,1,0.000219821,1
easy_051,Easy,DLX,1,2,0.000215541,1
easy_051,Easy,DLX,1,3,0.000213121,1
easy_051,Easy,DLX,1,4,0.000214007,1
easy_051,Easy,DLX,1,5,0.000218791,1
easy_051,Easy,DLX-OMP,4,1,0.000474668,1
easy_051,Easy,DLX-OMP,4,2,0.000473174,1
easy_051,Easy,DLX-OMP,4,3,0.000442838,1
easy_051,Easy,DLX-OMP,4,4,0.000454887,1
easy_051,Easy,DLX-OMP,4,5,0.000447099,1
easy_051,Easy,DLX-OMP,8,1,0.000569551,1
easy_051,Easy,DLX-OMP,8,2,0.000441605,1
easy_051,Easy,DLX-OMP,8,3,0.000643434,1
easy_051,Easy,DLX-OMP,8,4,0.000598185,1
easy_051,Easy,DLX-OMP,8,5,0.000460308,1
easy_051,Easy,DLX-OMP,16,1,0.001668831,1
easy_051,Easy,DLX-OMP,16,2,0.000401428,1
easy_051,Easy,DLX-OMP,16,3,0.000479079,1
easy_051,Easy,DLX-OMP,16,4,0.000611758,1
easy_051,Easy,DLX-OMP,16,5,0.000482759,1
easy_051,Easy,OpenMP,4,1,0.002478574,1
easy_051,Easy,OpenMP,4,2,0.002885857,1
easy_051,Easy,OpenMP,4,3,0.002745285,1
easy_051,Easy,OpenMP,4,4,0.002912393,1
easy_051,Easy,OpenMP,4,5,0.002914435,1
easy_051,Easy,OpenMP,8,1,0.003003314,1
easy_051,Easy,OpenMP,8,2,0.002409292,1
easy_051,Easy,OpenMP,8,3,0.002919613,1
easy_051,Easy,OpenMP,8,4,0.002944846,1
easy_051,Easy,OpenMP,8,5,0.002946534,1
easy_051,Easy,OpenMP,16,1,0.003884399,1
easy_051,Easy,OpenMP,16,2,0.002499775,1
easy_051,Easy,OpenMP,16,3,0.002991067,1
easy_051,Easy,OpenMP,16,4,0.002958110,1
easy_051,Easy,OpenMP,16,5,0.002957310,1
easy_052,Easy,Serial,1,1,0.001988534,1
easy_052,Easy,Serial,1,2,0.001953624,1
easy_052,Easy,Serial,1,3,0.001901240,1
easy_052,Easy,Serial,1,4,0.001897274,1
easy_052,Easy,Serial,1,5,0.001898784,1
easy_052,Easy,Serial-MRV,1,1,0.002113911,1
easy_052,Easy,Serial-MRV,1,2,0.002147875,1
easy_052,Easy,Serial-MRV,1,3,0.002121998,1
easy_052,Easy,Serial-MRV,1,4,0.002124736,1
easy_052,Easy,Serial-MRV,1,5,0.002123039,1
easy_052,Easy,DLX,1,1,0.000222153,1
easy_052,Easy,DLX,1,2,0.000224151,1
easy_052,Easy,DLX,1,3,0.000216539,1
easy_052,Easy,DLX,1,4,0.000213863,1
easy_052,Easy,DLX,1,5,0.000212302,1
easy_052,Easy,DLX-OMP,4,1,0.000481574,1
easy_052,Easy,DLX-OMP,4,2,0.000472676,1
easy_052,Easy,DLX-OMP,4,3,0.000474520,1
easy_052,Easy,DLX-OMP,4,4,0.000450160,1
easy_052,Easy,DLX-OMP,4,5,0.000457530,1
easy_052,Easy,DLX-OMP,8,1,0.000568095,1
easy_052,Easy,DLX-OMP,8,2,0.000605188,1
easy_052,Easy,DLX-OMP,8,3,0.000463711,1
easy_052,Easy,DLX-OMP,8,4,0.000583407,1
easy_052,Easy,DLX-OMP,8,5,0.000627423,1
easy_052,Easy,DLX-OMP,16,1,0.001436578,1
easy_052,Easy,DLX-OMP,16,2,0.000636431,1
easy_052,Easy,DLX-OMP,16,3,0.000647830,1
easy_052,Easy,DLX-OMP,16,4,0.000613074,1
easy_052,Easy,DLX-OMP,16,5,0.000547181,1
easy_052,Easy,OpenMP,4,1,0.002808277,1
easy_052,Easy,OpenMP,4,2,0.002710520,1
easy_052,Easy,OpenMP,4,3,0.002695604,1
easy_052,Easy,OpenMP,4,4,0.002706755,1
easy_052,Easy,OpenMP,4,5,0.002701759,1
easy_052,Easy,OpenMP,8,1,0.002843570,1
easy_052,Easy,OpenMP,8,2,0.002691361,1
easy_052,Easy,OpenMP,8,3,0.002699234,1
easy_052,Easy,OpenMP,8,4,0.002777573,1
easy_052,Easy,OpenMP,8,5,0.002712614,1
easy_052,Easy,OpenMP,16,1,0.003685690,1
easy_052,Easy,OpenMP,16,2,0.002750665,1
easy_052,Easy,OpenMP,16,3,0.002788590,1
easy_052,Easy,OpenMP,16,4,0.002733683,1
easy_052,Easy,OpenMP,16,5,0.002313511,1
easy_053,Easy,Serial,1,1,0.000593185,1
easy_053,Easy,Serial,1,2,0.000556701,1
easy_053,Easy,Serial,1,3,0.000609374,1
easy_053,Easy,Serial,1,4,0.000554769,1
easy_053,Easy,Serial,1,5,0.000586810,1
easy_053,Easy,Serial-MRV,1,1,0.003144823,1
easy_053,Easy,Serial-MRV,1,2,0.003127215,1
easy_053,Easy,Serial-MRV,1,3,0.003141009,1
easy_053,Easy,Serial-MRV,1,4,0.003236089,1
easy_053,Easy,Serial-MRV,1,5,0.002228260,1
easy_053,Easy,DLX,1,1,0.000165574,1
easy_053,Easy,DLX,1,2,0.000161996,1
easy_053,Easy,DLX,1,3,0.000167567,1
easy_053,Easy,DLX,1,4,0.000160173,1
easy_053,Easy,DLX,1,5,0.000160038,1
easy_053,Easy,DLX-OMP,4,1,0.000356759,1
easy_053,Easy,DLX-OMP,4,2,0.000308352,1
easy_053,Easy,DLX-OMP,4,3,0.000302017,1
easy_053,Easy,DLX-OMP,4,4,0.000437097,1
easy_053,Easy,DLX-OMP,4,5,0.000302391,1
easy_053,Easy,DLX-OMP,8,1,0.000520836,1
easy_053,Easy,DLX-OMP,8,2,0.000556175,1
easy_053,Easy,DLX-OMP,8,3,0.000581561,1
easy_053,Easy,DLX-OMP,8,4,0.000410969,1
easy_053,Easy,DLX-OMP,8,5,0.000408397,1
easy_053,Easy,DLX-OMP,16,1,0.001467510,1
easy_053,Easy,DLX-OMP,16,2,0.000422369,1
easy_053,Easy,DLX-OMP,16,3,0.000597481,1
easy_053,Easy,DLX-OMP,16,4,0.000566499,1
easy_053,Easy,DLX-OMP,16,5,0.000569217,1
easy_053,Easy,OpenMP,4,1,0.004066336,1
easy_053,Easy,OpenMP,4,2,0.002390983,1
easy_053,Easy,OpenMP,4,3,0.003875555,1
easy_053,Easy,OpenMP,4,4,0.003918104,1
easy_053,Easy,OpenMP,4,5,0.003886714,1
easy_053,Easy,OpenMP,8,1,0.004101949,1
easy_053,Easy,OpenMP,8,2,0.003999514,1
easy_053,Easy,OpenMP,8,3,0.003910375,1
easy_053,Easy,OpenMP,8,4,0.003956948,1
easy_053,Easy,OpenMP,8,5,0.004003987,1
easy_053,Easy,OpenMP,16,1,0.004411795,1
easy_053,Easy,OpenMP,16,2,0.004052989,1
easy_053,Easy,OpenMP,16,3,0.004037670,1
easy_053,Easy,OpenMP,16,4,0.003995048,1
easy_053,Easy,OpenMP,16,5,0.002520193,1
easy_054,Easy,Serial,1,1,0.002504405,1
easy_054,Easy,Serial,1,2,0.002479258,1
easy_054,Easy,Serial,1,3,0.002449384,1
easy_054,Easy,Serial,1,4,0.002466720,1
easy_054,Easy,Serial,1,5,0.002448591,1
easy_054,Easy,Serial-MRV,1,1,0.002459895,1
easy_054,Easy,Serial-MRV,1,2,0.002476421,1
easy_054,Easy,Serial-MRV,1,3,0.002491855,1
easy_054,Easy,Serial-MRV,1,4,0.002472153,1
easy_054,Easy,Serial-MRV,1,5,0.002473486,1
easy_054,Easy,DLX,1,1,0.000168668,1
easy_054,Easy,DLX,1,2,0.000163634,1
easy_054,Easy,DLX,1,3,0.000162075,1
easy_054,Easy,DLX,1,4,0.000162248,1
easy_054,Easy,DLX,1,5,0.000168531,1
easy_054,Easy,DLX-OMP,4,1,0.000354175,1
easy_054,Easy,DLX-OMP,4,2,0.000437373,1
easy_054,Easy,DLX-OMP,4,3,0.000453062,1
easy_054,Easy,DLX-OMP,4,4,0.000413475,1
easy_054,Easy,DLX-OMP,4,5,0.000420765,1
easy_054,Easy,DLX-OMP,8,1,0.000517179,1
easy_054,Easy,DLX-OMP,8,2,0.000575569,1
easy_054,Easy,DLX-OMP,8,3,0.000587004,1
easy_054,Easy,DLX-OMP,8,4,0.000564682,1
easy_054,Easy,DLX-OMP,8,5,0.000441697,1
easy_054,Easy,DLX-OMP,16,1,0.000620127,1
easy_054,Easy,DLX-OMP,16,2,0.000610847,1
easy_054,Easy,DLX-OMP,16,3,0.000564299,1
easy_054,Easy,DLX-OMP,16,4,0.000448701,1
easy_054,Easy,DLX-OMP,16,5,0.000414068,1
easy_054,Easy,OpenMP,4,1,0.004504500,1
easy_054,Easy,OpenMP,4,2,0.004387080,1
easy_054,Easy,OpenMP,4,3,0.004324141,1
easy_054,Easy,OpenMP,4,4,0.004389653,1
easy_054,Easy,OpenMP,4,5,0.004732262,1
easy_054,Easy,OpenMP,8,1,0.004473170,1
easy_054,Easy,OpenMP,8,2,0.004429249,1
easy_054,Easy,OpenMP,8,3,0.004389023,1
easy_054,Easy,OpenMP,8,4,0.004368817,1
easy_054,Easy,OpenMP,8,5,0.004417339,1
easy_054,Easy,OpenMP,16,1,0.004806236,1
easy_054,Easy,OpenMP,16,2,0.004520233,1
easy_054,Easy,OpenMP,16,3,0.004524846,1
easy_054,Easy,OpenMP,16,4,0.003276969,1
easy_054,Easy,OpenMP,16,5,0.004481689,1
easy_055,Easy,Serial,1,1,0.036448437,1
easy_055,Easy,Serial,1,2,0.036348482,1
easy_055,Easy,Serial,1,3,0.038602592,1
easy_055,Easy,Serial,1,4,0.038682845,1
easy_055,Easy,Serial,1,5,0.038658381,1
easy_055,Easy,Serial-MRV,1,1,0.003478245,1
easy_055,Easy,Serial-MRV,1,2,0.003486386,1
easy_055,Easy,Serial-MRV,1,3,0.003481418,1
easy_055,Easy,Serial-MRV,1,4,0.003503023,1
easy_055,Easy,Serial-MRV,1,5,0.003476106,1
easy_055,Easy,DLX,1,1,0.000179535,1
easy_055,Easy,DLX,1,2,0.000167778,1
easy_055,Easy,DLX,1,3,0.000166596,1
easy_055,Easy,DLX,1,4,0.000166129,1
easy_055,Easy,DLX,1,5,0.000166472,1
easy_055,Easy,DLX-OMP,4,1,0.000387096,1
easy_055,Easy,DLX-OMP,4,2,0.000437770,1
easy_055,Easy,DLX-OMP,4,3,0.000431026,1
easy_055,Easy,DLX-OMP,4,4,0.000297618,1
easy_055,Easy,DLX-OMP,4,5,0.000421311,1
easy_055,Easy,DLX-OMP,8,1,0.000665037,1
easy_055,Easy,DLX-OMP,8,2,0.000454008,1
easy_055,Easy,DLX-OMP,8,3,0.000416679,1
easy_055,Easy,DLX-OMP,8,4,0.000424059,1
easy_055,Easy,DLX-OMP,8,5,0.000316638,1
easy_055,Easy,DLX-OMP,16,1,0.001358012,1
easy_055,Easy,DLX-OMP,16,2,0.000619164,1
easy_055,Easy,DLX-OMP,16,3,0.000574850,1
easy_055,Easy,DLX-OMP,16,4,0.000453748,1
easy_055,Easy,DLX-OMP,16,5,0.000417453,1
easy_055,Easy,OpenMP,4,1,0.004840513,1
easy_055,Easy,OpenMP,4,2,0.004750944,1
easy_055,Easy,OpenMP,4,3,0.002916005,1
easy_055,Easy,OpenMP,4,4,0.004725529,1
easy_055,Easy,OpenMP,4,5,0.004721844,1
easy_055,Easy,OpenMP,8,1,0.004899899,1
easy_055,Easy,OpenMP,8,2,0.004778638,1
easy_055,Easy,OpenMP,8,3,0.004688790,1
easy_055,Easy,OpenMP,8,4,0.004741552,1
easy_055,Easy,OpenMP,8,5,0.004623026,1
easy_055,Easy,OpenMP,16,1,0.005189971,1
easy_055,Easy,OpenMP,16,2,0.004840891,1
easy_055,Easy,OpenMP,16,3,0.002991111,1
easy_055,Easy,OpenMP,16,4,0.004747984,1
easy_055,Easy,OpenMP,16,5,0.004894686,1
easy_056,Easy,Serial,1,1,0.329184087,1
easy_056,Easy,Serial,1,2,0.304544887,1
easy_056,Easy,Serial,1,3,0.304972000,1
easy_056,Easy,Serial,1,4,0.241472648,1
easy_056,Easy,Serial,1,5,0.213095829,1
easy_056,Easy,Serial-MRV,1,1,0.001579463,1
easy_056,Easy,Serial-MRV,1,2,0.001576941,1
easy_056,Easy,Serial-MRV,1,3,0.001573152,1
easy_056,Easy,Serial-MRV,1,4,0.001574866,1
easy_056,Easy,Serial-MRV,1,5,0.001574511,1
easy_056,Easy,DLX,1,1,0.000118254,1
easy_056,Easy,DLX,1,2,0.000114293,1
easy_056,Easy,DLX,1,3,0.000113215,1
easy_056,Easy,DLX,1,4,0.000113651,1
easy_056,Easy,DLX,1,5,0.000113214,1
easy_056,Easy,DLX-OMP,4,1,0.000336396,1
easy_056,Easy,DLX-OMP,4,2,0.000328379,1
easy_056,Easy,DLX-OMP,4,3,0.000447315,1
easy_056,Easy,DLX-OMP,4,4,0.000422713,1
easy_056,Easy,DLX-OMP,4,5,0.000423138,1
easy_056,Easy,DLX-OMP,8,1,0.000517006,1
easy_056,Easy,DLX-OMP,8,2,0.000417461,1
easy_056,Easy,DLX-OMP,8,3,0.000423751,1
easy_056,Easy,DLX-OMP,8,4,0.000303714,1
easy_056,Easy,DLX-OMP,8,5,0.000523979,1
easy_056,Easy,DLX-OMP,16,1,0.000803794,1
easy_056,Easy,DLX-OMP,16,2,0.000456501,1
easy_056,Easy,DLX-OMP,16,3,0.000567707,1
easy_056,Easy,DLX-OMP,16,4,0.000578932,1
easy_056,Easy,DLX-OMP,16,5,0.000272402,1
easy_056,Easy,OpenMP,4,1,0.004142551,1
easy_056,Easy,OpenMP,4,2,0.004037617,1
easy_056,Easy,OpenMP,4,3,0.004364484,1
easy_056,Easy,OpenMP,4,4,0.004022640,1
easy_056,Easy,OpenMP,4,5,0.003917644,1
easy_056,Easy,OpenMP,8,1,0.004098144,1
easy_056,Easy,OpenMP,8,2,0.004077948,1
easy_056,Easy,OpenMP,8,3,0.004052888,1
easy_056,Easy,OpenMP,8,4,0.002126754,1
easy_056,Easy,OpenMP,8,5,0.003984549,1
easy_056,Easy,OpenMP,16,1,0.004912296,1
easy_056,Easy,OpenMP,16,2,0.004040922,1
easy_056,Easy,OpenMP,16,3,0.004114785,1
easy_056,Easy,OpenMP,16,4,0.004107981,1
easy_056,Easy,OpenMP,16,5,0.004049577,1
easy_057,Easy,Serial,1,1,0.013380480,1
easy_057,Easy,Serial,1,2,0.012405857,1
easy_057,Easy,Serial,1,3,0.012402329,1
easy_057,Easy,Serial,1,4,0.012401798,1
easy_057,Easy,Serial,1,5,0.012404369,1
easy_057,Easy,Serial-MRV,1,1,0.001586818,1
easy_057,Easy,Serial-MRV,1,2,0.001597706,1
easy_057,Easy,Serial-MRV,1,3,0.001596510,1
easy_057,Easy,Serial-MRV,1,4,0.001593777,1
easy_057,Easy,Serial-MRV,1,5,0.001596850,1
easy_057,Easy,DLX,1,1,0.000117177,1
easy_057,Easy,DLX,1,2,0.000112697,1
easy_057,Easy,DLX,1,3,0.000111303,1
easy_057,Easy,DLX,1,4,0.000111648,1
easy_057,Easy,DLX,1,5,0.000110807,1
easy_057,Easy,DLX-OMP,4,1,0.000315754,1
easy_057,Easy,DLX-OMP,4,2,0.000318081,1
easy_057,Easy,DLX-OMP,4,3,0.000465481,1
easy_057,Easy,DLX-OMP,4,4,0.000313333,1
easy_057,Easy,DLX-OMP,4,5,0.000204094,1
easy_057,Easy,DLX-OMP,8,1,0.000368042,1
easy_057,Easy,DLX-OMP,8,2,0.000557062,1
easy_057,Easy,DLX-OMP,8,3,0.000383696,1
easy_057,Easy,DLX-OMP,8,4,0.000426245,1
easy_057,Easy,DLX-OMP,8,5,0.000383146,1
easy_057,Easy,DLX-OMP,16,1,0.001645662,1
easy_057,Easy,DLX-OMP,16,2,0.000592938,1
easy_057,Easy,DLX-OMP,16,3,0.000403378,1
easy_057,Easy,DLX-OMP,16,4,0.000410041,1
easy_057,Easy,DLX-OMP,16,5,0.000480080,1
easy_057,Easy,OpenMP,4,1,0.004160185,1
easy_057,Easy,OpenMP,4,2,0.004057913,1
easy_057,Easy,OpenMP,4,3,0.004018346,1
easy_057,Easy,OpenMP,4,4,0.004023119,1
easy_057,Easy,OpenMP,4,5,0.004029340,1
easy_057,Easy,OpenMP,8,1,0.004091481,1
easy_057,Easy,OpenMP,8,2,0.004099742,1
easy_057,Easy,OpenMP,8,3,0.004056189,1
easy_057,Easy,OpenMP,8,4,0.004069563,1
easy_057,Easy,OpenMP,8,5,0.004059112,1
easy_057,Easy,OpenMP,16,1,0.004818081,1
easy_057,Easy,OpenMP,16,2,0.004045138,1
easy_057,Easy,OpenMP,16,3,0.004050675,1
easy_057,Easy,OpenMP,16,4,0.004149200,1
easy_057,Easy,OpenMP,16,5,0.004038802,1
easy_058,Easy,Serial,1,1,0.000291300,1
easy_058,Easy,Serial,1,2,0.000311782,1
easy_058,Easy,Serial,1,3,0.000285208,1
easy_058,Easy,Serial,1,4,0.000285015,1
easy_058,Easy,Serial,1,5,0.000287805,1
easy_058,Easy,Serial-MRV,1,1,0.001379874,1
easy_058,Easy,Serial-MRV,1,2,0.001307699,1
easy_058,Easy,Serial-MRV,1,3,0.001049869,1
easy_058,Easy,Serial-MRV,1,4,0.001049866,1
easy_058,Easy,Serial-MRV,1,5,0.001046508,1
easy_058,Easy,DLX,1,1,0.000112019,1
easy_058,Easy,DLX,1,2,0.000107304,1
easy_058,Easy,DLX,1,3,0.000105958,1
easy_058,Easy,DLX,1,4,0.000106609,1
easy_058,Easy,DLX,1,5,0.000106160,1
easy_058,Easy,DLX-OMP,4,1,0.000319851,1
easy_058,Easy,DLX-OMP,4,2,0.000310075,1
easy_058,Easy,DLX-OMP,4,3,0.000305037,1
easy_058,Easy,DLX-OMP,4,4,0.000296864,1
easy_058,Easy,DLX-OMP,4,5,0.000408936,1
easy_058,Easy,DLX-OMP,8,1,0.000485974,1
easy_058,Easy,DLX-OMP,8,2,0.000279223,1
easy_058,Easy,DLX-OMP,8,3,0.000545646,1
easy_058,Easy,DLX-OMP,8,4,0.000577928,1
easy_058,Easy,DLX-OMP,8,5,0.000534125,1
easy_058,Easy,DLX-OMP,16,1,0.001215825,1
easy_058,Easy,DLX-OMP,16,2,0.000524632,1
easy_058,Easy,DLX-OMP,16,3,0.000562003,1
easy_058,Easy,DLX-OMP,16,4,0.000265664,1
easy_058,Easy,DLX-OMP,16,5,0.000263096,1
easy_058,Easy,OpenMP,4,1,0.002804164,1
easy_058,Easy,OpenMP,4,2,0.002699443,1
easy_058,Easy,OpenMP,4,3,0.002676316,1
easy_058,Easy,OpenMP,4,4,0.002677107,1
easy_058,Easy,OpenMP,4,5,0.002658187,1
easy_058,Easy,OpenMP,8,1,0.002818162,1
easy_058,Easy,OpenMP,8,2,0.002627815,1
easy_058,Easy,OpenMP,8,3,0.002686943,1
easy_058,Easy,OpenMP,8,4,0.002654672,1
easy_058,Easy,OpenMP,8,5,0.002690351,1
easy_058,Easy,OpenMP,16,1,0.002950609,1
easy_058,Easy,OpenMP,16,2,0.002724754,1
easy_058,Easy,OpenMP,16,3,0.002734966,1
easy_058,Easy,OpenMP,16,4,0.002752818,1
easy_058,Easy,OpenMP,16,5,0.001589372,1
easy_059,Easy,Serial,1,1,0.001651532,1
easy_059,Easy,Serial,1,2,0.001631232,1
easy_059,Easy,Serial,1,3,0.002096714,1
easy_059,Easy,Serial,1,4,0.001941721,1
easy_059,Easy,Serial,1,5,0.001965155,1
easy_059,Easy,Serial-MRV,1,1,0.002932974,1
easy_059,Easy,Serial-MRV,1,2,0.002937369,1
easy_059,Easy,Serial-MRV,1,3,0.002951819,1
easy_059,Easy,Serial-MRV,1,4,0.002933619,1
easy_059,Easy,Serial-MRV,1,5,0.002935703,1
easy_059,Easy,DLX,1,1,0.000187218,1
easy_059,Easy,DLX,1,2,0.000182622,1
easy_059,Easy,DLX,1,3,0.000181125,1
easy_059,Easy,DLX,1,4,0.000180483,1
easy_059,Easy,DLX,1,5,0.000186339,1
easy_059,Easy,DLX-OMP,4,1,0.000391629,1
easy_059,Easy,DLX-OMP,4,2,0.000336594,1
easy_059,Easy,DLX-OMP,4,3,0.000448773,1
easy_059,Easy,DLX-OMP,4,4,0.000320604,1
easy_059,Easy,DLX-OMP,4,5,0.000439148,1
easy_059,Easy,DLX-OMP,8,1,0.000683939,1
easy_059,Easy,DLX-OMP,8,2,0.000447154,1
easy_059,Easy,DLX-OMP,8,3,0.000568954,1
easy_059,Easy,DLX-OMP,8,4,0.000456823,1
easy_059,Easy,DLX-OMP,8,5,0.000565710,1
easy_059,Easy,DLX-OMP,16,1,0.001570665,1
easy_059,Easy,DLX-OMP,16,2,0.000487730,1
easy_059,Easy,DLX-OMP,16,3,0.000444753,1
easy_059,Easy,DLX-OMP,16,4,0.000460283,1
easy_059,Easy,DLX-OMP,16,5,0.000431175,1
easy_059,Easy,OpenMP,4,1,0.004843586,1
easy_059,Easy,OpenMP,4,2,0.004760735,1
easy_059,Easy,OpenMP,4,3,0.004713206,1
easy_059,Easy,OpenMP,4,4,0.004748072,1
easy_059,Easy,OpenMP,4,5,0.004743172,1
easy_059,Easy,OpenMP,8,1,0.004903933,1
easy_059,Easy,OpenMP,8,2,0.004775685,1
easy_059,Easy,OpenMP,8,3,0.004815145,1
easy_059,Easy,OpenMP,8,4,0.004710210,1
easy_059,Easy,OpenMP,8,5,0.004742474,1
easy_059,Easy,OpenMP,16,1,0.005154453,1
easy_059,Easy,OpenMP,16,2,0.004864426,1
easy_059,Easy,OpenMP,16,3,0.004801836,1
easy_059,Easy,OpenMP,16,4,0.004800180,1
easy_059,Easy,OpenMP,16,5,0.004787416,1
easy_060,Easy,Serial,1,1,0.003644865,1
easy_060,Easy,Serial,1,2,0.003568101,1
easy_060,Easy,Serial,1,3,0.003569650,1
easy_060,Easy,Serial,1,4,0.003585540,1
easy_060,Easy,Serial,1,5,0.003579211,1
easy_060,Easy,Serial-MRV,1,1,0.002834954,1
easy_060,Easy,Serial-MRV,1,2,0.003437501,1
easy_060,Easy,Serial-MRV,1,3,0.003605220,1
easy_060,Easy,Serial-MRV,1,4,0.003604701,1
easy_060,Easy,Serial-MRV,1,5,0.003613559,1
easy_060,Easy,DLX,1,1,0.000234147,1
easy_060,Easy,DLX,1,2,0.000236266,1
easy_060,Easy,DLX,1,3,0.000226401,1
easy_060,Easy,DLX,1,4,0.000226196,1
easy_060,Easy,DLX,1,5,0.000225264,1
easy_060,Easy,DLX-OMP,4,1,0.000491153,1
easy_060,Easy,DLX-OMP,4,2,0.000496526,1
easy_060,Easy,DLX-OMP,4,3,0.000457136,1
easy_060,Easy,DLX-OMP,4,4,0.000454983,1
easy_060,Easy,DLX-OMP,4,5,0.000466152,1
easy_060,Easy,DLX-OMP,8,1,0.000537814,1
easy_060,Easy,DLX-OMP,8,2,0.000406198,1
easy_060,Easy,DLX-OMP,8,3,0.000623889,1
easy_060,Easy,DLX-OMP,8,4,0.000458277,1
easy_060,Easy,DLX-OMP,8,5,0.000475840,1
easy_060,Easy,DLX-OMP,16,1,0.002159296,1
easy_060,Easy,DLX-OMP,16,2,0.000619864,1
easy_060,Easy,DLX-OMP,16,3,0.000446447,1
easy_060,Easy,DLX-OMP,16,4,0.000659870,1
easy_060,Easy,DLX-OMP,16,5,0.000456606,1
easy_060,Easy,OpenMP,4,1,0.004636429,1
easy_060,Easy,OpenMP,4,2,0.004523077,1
easy_060,Easy,OpenMP,4,3,0.004532053,1
easy_060,Easy,OpenMP,4,4,0.004501407,1
easy_060,Easy,OpenMP,4,5,0.004517410,1
easy_060,Easy,OpenMP,8,1,0.004674527,1
easy_060,Easy,OpenMP,8,2,0.003751947,1
easy_060,Easy,OpenMP,8,3,0.004587880,1
easy_060,Easy,OpenMP,8,4,0.004616909,1
easy_060,Easy,OpenMP,8,5,0.003761485,1
easy_060,Easy,OpenMP,16,1,0.004972477,1
easy_060,Easy,OpenMP,16,2,0.004631397,1
easy_060,Easy,OpenMP,16,3,0.004708488,1
easy_060,Easy,OpenMP,16,4,0.004691208,1
easy_060,Easy,OpenMP,16,5,0.004690278,1
easy_061,Easy,Serial,1,1,0.000094728,1
easy_061,Easy,Serial,1,2,0.000090577,1
easy_061,Easy,Serial,1,3,0.000089546,1
easy_061,Easy,Serial,1,4,0.000089320,1
easy_061,Easy,Serial,1,5,0.000089362,1
easy_061,Easy,Serial-MRV,1,1,0.002238363,1
easy_061,Easy,Serial-MRV,1,2,0.002232128,1
easy_061,Easy,Serial-MRV,1,3,0.002199617,1
easy_061,Easy,Serial-MRV,1,4,0.002198517,1
easy_061,Easy,Serial-MRV,1,5,0.002225675,1
easy_061,Easy,DLX,1,1,0.000229844,1
easy_061,Easy,DLX,1,2,0.000213256,1
easy_061,Easy,DLX,1,3,0.000212038,1
easy_061,Easy,DLX,1,4,0.000211103,1
easy_061,Easy,DLX,1,5,0.000218323,1
easy_061,Easy,DLX-OMP,4,1,0.000478726,1
easy_061,Easy,DLX-OMP,4,2,0.000421420,1
easy_061,Easy,DLX-OMP,4,3,0.000462779,1
easy_061,Easy,DLX-OMP,4,4,0.000461937,1
easy_061,Easy,DLX-OMP,4,5,0.000447974,1
easy_061,Easy,DLX-OMP,8,1,0.000722626,1
easy_061,Easy,DLX-OMP,8,2,0.000606108,1
easy_061,Easy,DLX-OMP,8,3,0.000624865,1
easy_061,Easy,DLX-OMP,8,4,0.000466470,1
easy_061,Easy,DLX-OMP,8,5,0.000454359,1
easy_061,Easy,DLX-OMP,16,1,0.002100244,1
easy_061,Easy,DLX-OMP,16,2,0.000488313,1
easy_061,Easy,DLX-OMP,16,3,0.000475419,1
easy_061,Easy,DLX-OMP,16,4,0.000492371,1
easy_061,Easy,DLX-OMP,16,5,0.000451942,1
easy_061,Easy,OpenMP,4,1,0.002914776,1
easy_061,Easy,OpenMP,4,2,0.002304939,1
easy_061,Easy,OpenMP,4,3,0.002775828,1
easy_061,Easy,OpenMP,4,4,0.003108639,1
easy_061,Easy,OpenMP,4,5,0.002765112,1
easy_061,Easy,OpenMP,8,1,0.002587582,1
easy_061,Easy,OpenMP,8,2,0.002806810,1
easy_061,Easy,OpenMP,8,3,0.002809901,1
easy_061,Easy,OpenMP,8,4,0.002777426,1
easy_061,Easy,OpenMP,8,5,0.002790457,1
easy_061,Easy,OpenMP,16,1,0.003141527,1
easy_061,Easy,OpenMP,16,2,0.002827416,1
easy_061,Easy,OpenMP,16,3,0.002857788,1
easy_061,Easy,OpenMP,16,4,0.002879310,1
easy_061,Easy,OpenMP,16,5,0.002834742,1
easy_062,Easy,Serial,1,1,0.005349314,1
easy_062,Easy,Serial,1,2,0.005236882,1
easy_062,Easy,Serial,1,3,0.005224701,1
easy_062,Easy,Serial,1,4,0.005236898,1
easy_062,Easy,Serial,1,5,0.005209378,1
easy_062,Easy,Serial-MRV,1,1,0.006930816,1
easy_062,Easy,Serial-MRV,1,2,0.006936547,1
easy_062,Easy,Serial-MRV,1,3,0.006913987,1
easy_062,Easy,Serial-MRV,1,4,0.007352158,1
easy_062,Easy,Serial-MRV,1,5,0.006924803,1
easy_062,Easy,DLX,1,1,0.000248055,1
easy_062,Easy,DLX,1,2,0.000243364,1
easy_062,Easy,DLX,1,3,0.000241936,1
easy_062,Easy,DLX,1,4,0.000249465,1
easy_062,Easy,DLX,1,5,0.000241404,1
easy_062,Easy,DLX-OMP,4,1,0.000541133,1
easy_062,Easy,DLX-OMP,4,2,0.000460594,1
easy_062,Easy,DLX-OMP,4,3,0.000471693,1
easy_062,Easy,DLX-OMP,4,4,0.000494007,1
easy_062,Easy,DLX-OMP,4,5,0.000482311,1
easy_062,Easy,DLX-OMP,8,1,0.000592437,1
easy_062,Easy,DLX-OMP,8,2,0.000642173,1
easy_062,Easy,DLX-OMP,8,3,0.000617504,1
easy_062,Easy,DLX-OMP,8,4,0.000495179,1
easy_062,Easy,DLX-OMP,8,5,0.000470509,1
easy_062,Easy,DLX-OMP,16,1,0.001307837,1
easy_062,Easy,DLX-OMP,16,2,0.000480242,1
easy_062,Easy,DLX-OMP,16,3,0.000515375,1
easy_062,Easy,DLX-OMP,16,4,0.000478653,1
easy_062,Easy,DLX-OMP,16,5,0.000501355,1
easy_062,Easy,OpenMP,4,1,0.008241202,1
easy_062,Easy,OpenMP,4,2,0.008146955,1
easy_062,Easy,OpenMP,4,3,0.008513511,1
easy_062,Easy,OpenMP,4,4,0.008118829,1
easy_062,Easy,OpenMP,4,5,0.008120487,1
easy_062,Easy,OpenMP,8,1,0.008321921,1
easy_062,Easy,OpenMP,8,2,0.007058168,1
easy_062,Easy,OpenMP,8,3,0.008199759,1
easy_062,Easy,OpenMP,8,4,0.008180918,1
easy_062,Easy,OpenMP,8,5,0.008172300,1
easy_062,Easy,OpenMP,16,1,0.008632722,1
easy_062,Easy,OpenMP,16,2,0.008214147,1
easy_062,Easy,OpenMP,16,3,0.008268913,1
easy_062,Easy,OpenMP,16,4,0.008251081,1
easy_062,Easy,OpenMP,16,5,0.007108834,1
easy_063,Easy,Serial,1,1,1.155675073,1
easy_063,Easy,Serial,1,2,0.801117012,1
easy_063,Easy,Serial,1,3,0.804692575,1
easy_063,Easy,Serial,1,4,0.809990287,1
easy_063,Easy,Serial,1,5,0.809382672,1
easy_063,Easy,Serial-MRV,1,1,0.002006254,1
easy_063,Easy,Serial-MRV,1,2,0.002015603,1
easy_063,Easy,Serial-MRV,1,3,0.002014805,1
easy_063,Easy,Serial-MRV,1,4,0.002012715,1
easy_063,Easy,Serial-MRV,1,5,0.002012217,1
easy_063,Easy,DLX,1,1,0.000121926,1
easy_063,Easy,DLX,1,2,0.000117738,1
easy_063,Easy,DLX,1,3,0.000121409,1
easy_063,Easy,DLX,1,4,0.000116741,1
easy_063,Easy,DLX,1,5,0.000116855,1
easy_063,Easy,DLX-OMP,4,1,0.000313486,1
easy_063,Easy,DLX-OMP,4,2,0.000463701,1
easy_063,Easy,DLX-OMP,4,3,0.000307819,1
easy_063,Easy,DLX-OMP,4,4,0.000207404,1
easy_063,Easy,DLX-OMP,4,5,0.000407485,1
easy_063,Easy,DLX-OMP,8,1,0.000475903,1
easy_063,Easy,DLX-OMP,8,2,0.000569066,1
easy_063,Easy,DLX-OMP,8,3,0.000409473,1
easy_063,Easy,DLX-OMP,8,4,0.000391741,1
easy_063,Easy,DLX-OMP,8,5,0.000581261,1
easy_063,Easy,DLX-OMP,16,1,0.001504288,1
easy_063,Easy,DLX-OMP,16,2,0.000405867,1
easy_063,Easy,DLX-OMP,16,3,0.000408245,1
easy_063,Easy,DLX-OMP,16,4,0.000767683,1
easy_063,Easy,DLX-OMP,16,5,0.000444683,1
easy_063,Easy,OpenMP,4,1,0.005180882,1
easy_063,Easy,OpenMP,4,2,0.002617246,1
easy_063,Easy,OpenMP,4,3,0.002579511,1
easy_063,Easy,OpenMP,4,4,0.004987570,1
easy_063,Easy,OpenMP,4,5,0.002407254,1
easy_063,Easy,OpenMP,8,1,0.005140673,1
easy_063,Easy,OpenMP,8,2,0.002554867,1
easy_063,Easy,OpenMP,8,3,0.005196559,1
easy_063,Easy,OpenMP,8,4,0.005150795,1
easy_063,Easy,OpenMP,8,5,0.005180456,1
easy_063,Easy,OpenMP,16,1,0.005368314,1
easy_063,Easy,OpenMP,16,2,0.005042655,1
easy_063,Easy,OpenMP,16,3,0.002883417,1
easy_063,Easy,OpenMP,16,4,0.005259161,1
easy_063,Easy,OpenMP,16,5,0.005255416,1
easy_064,Easy,Serial,1,1,0.000247107,1
easy_064,Easy,Serial,1,2,0.000243262,1
easy_064,Easy,Serial,1,3,0.000249148,1
easy_064,Easy,Serial,1,4,0.000242200,1
easy_064,Easy,Serial,1,5,0.000242142,1
easy_064,Easy,Serial-MRV,1,1,0.001831417,1
easy_064,Easy,Serial-MRV,1,2,0.001633801,1
easy_064,Easy,Serial-MRV,1,3,0.001386058,1
easy_064,Easy,Serial-MRV,1,4,0.001385859,1
easy_064,Easy,Serial-MRV,1,5,0.001388293,1
easy_064,Easy,DLX,1,1,0.000115674,1
easy_064,Easy,DLX,1,2,0.000110776,1
easy_064,Easy,DLX,1,3,0.000110147,1
easy_064,Easy,DLX,1,4,0.000109964,1
easy_064,Easy,DLX,1,5,0.000113949,1
easy_064,Easy,DLX-OMP,4,1,0.000314387,1
easy_064,Easy,DLX-OMP,4,2,0.000329718,1
easy_064,Easy,DLX-OMP,4,3,0.000238384,1
easy_064,Easy,DLX-OMP,4,4,0.000410894,1
easy_064,Easy,DLX-OMP,4,5,0.000363234,1
easy_064,Easy,DLX-OMP,8,1,0.000509279,1
easy_064,Easy,DLX-OMP,8,2,0.000398610,1
easy_064,Easy,DLX-OMP,8,3,0.000564939,1
easy_064,Easy,DLX-OMP,8,4,0.000425286,1
easy_064,Easy,DLX-OMP,8,5,0.000550213,1
easy_064,Easy,DLX-OMP,16,1,0.001891249,1
easy_064,Easy,DLX-OMP,16,2,0.000559670,1
easy_064,Easy,DLX-OMP,16,3,0.000589919,1
easy_064,Easy,DLX-OMP,16,4,0.000553358,1
easy_064,Easy,DLX-OMP,16,5,0.000571046,1
easy_064,Easy,OpenMP,4,1,0.003609105,1
easy_064,Easy,OpenMP,4,2,0.001693990,1
easy_064,Easy,OpenMP,4,3,0.003555276,1
easy_064,Easy,OpenMP,4,4,0.003510186,1
easy_064,Easy,OpenMP,4,5,0.003552112,1
easy_064,Easy,OpenMP,8,1,0.003680559,1
easy_064,Easy,OpenMP,8,2,0.003545183,1
easy_064,Easy,OpenMP,8,3,0.003581614,1
easy_064,Easy,OpenMP,8,4,0.003533698,1
easy_064,Easy,OpenMP,8,5,0.003542414,1
easy_064,Easy,OpenMP,16,1,0.003925988,1
easy_064,Easy,OpenMP,16,2,0.003967046,1
easy_064,Easy,OpenMP,16,3,0.003622066,1
easy_064,Easy,OpenMP,16,4,0.003621358,1
easy_064,Easy,OpenMP,16,5,0.003604524,1
easy_065,Easy,Serial,1,1,0.000308383,1
easy_065,Easy,Serial,1,2,0.000334225,1
easy_065,Easy,Serial,1,3,0.000301359,1
easy_065,Easy,Serial,1,4,0.000301316,1
easy_065,Easy,Serial,1,5,0.000345470,1
easy_065,Easy,Serial-MRV,1,1,0.001560306,1
easy_065,Easy,Serial-MRV,1,2,0.001569120,1
easy_065,Easy,Serial-MRV,1,3,0.001546072,1
easy_065,Easy,Serial-MRV,1,4,0.001548719,1
easy_065,Easy,Serial-MRV,1,5,0.001548452,1
easy_065,Easy,DLX,1,1,0.000180664,1
easy_065,Easy,DLX,1,2,0.000174534,1
easy_065,Easy,DLX,1,3,0.000173816,1
easy_065,Easy,DLX,1,4,0.000172308,1
easy_065,Easy,DLX,1,5,0.000179345,1
easy_065,Easy,DLX-OMP,4,1,0.000403357,1
easy_065,Easy,DLX-OMP,4,2,0.000454289,1
easy_065,Easy,DLX-OMP,4,3,0.000419067,1
easy_065,Easy,DLX-OMP,4,4,0.000324911,1
easy_065,Easy,DLX-OMP,4,5,0.000441536,1
easy_065,Easy,DLX-OMP,8,1,0.000657897,1
easy_065,Easy,DLX-OMP,8,2,0.000437250,1
easy_065,Easy,DLX-OMP,8,3,0.000550714,1
easy_065,Easy,DLX-OMP,8,4,0.000432220,1
easy_065,Easy,DLX-OMP,8,5,0.000324547,1
easy_065,Easy,DLX-OMP,16,1,0.000864459,1
easy_065,Easy,DLX-OMP,16,2,0.000601634,1
easy_065,Easy,DLX-OMP,16,3,0.000330720,1
easy_065,Easy,DLX-OMP,16,4,0.000455782,1
easy_065,Easy,DLX-OMP,16,5,0.000553779,1
easy_065,Easy,OpenMP,4,1,0.002478728,1
easy_065,Easy,OpenMP,4,2,0.002351127,1
easy_065,Easy,OpenMP,4,3,0.002370636,1
easy_065,Easy,OpenMP,4,4,0.002357866,1
easy_065,Easy,OpenMP,4,5,0.002342795,1
easy_065,Easy,OpenMP,8,1,0.002487688,1
easy_065,Easy,OpenMP,8,2,0.002374809,1
easy_065,Easy,OpenMP,8,3,0.002367665,1
easy_065,Easy,OpenMP,8,4,0.002359274,1
easy_065,Easy,OpenMP,8,5,0.002356040,1
easy_065,Easy,OpenMP,16,1,0.002666626,1
easy_065,Easy,OpenMP,16,2,0.002372883,1
easy_065,Easy,OpenMP,16,3,0.002475525,1
easy_065,Easy,OpenMP,16,4,0.002426225,1
easy_065,Easy,OpenMP,16,5,0.002384977,1
easy_066,Easy,Serial,1,1,0.002449105,1
easy_066,Easy,Serial,1,2,0.002424977,1
easy_066,Easy,Serial,1,3,0.002399342,1
easy_066,Easy,Serial,1,4,0.002384869,1
easy_066,Easy,Serial,1,5,0.002384089,1
easy_066,Easy,Serial-MRV,1,1,0.001803007,1
easy_066,Easy,Serial-MRV,1,2,0.001817764,1
easy_066,Easy,Serial-MRV,1,3,0.001830602,1
easy_066,Easy,Serial-MRV,1,4,0.001816135,1
easy_066,Easy,Serial-MRV,1,5,0.001816623,1
easy_066,Easy,DLX,1,1,0.000183972,1
easy_066,Easy,DLX,1,2,0.000184597,1
easy_066,Easy,DLX,1,3,0.000176609,1
easy_066,Easy,DLX,1,4,0.000176302,1
easy_066,Easy,DLX,1,5,0.000176835,1
easy_066,Easy,DLX-OMP,4,1,0.000416801,1
easy_066,Easy,DLX-OMP,4,2,0.000443293,1
easy_066,Easy,DLX-OMP,4,3,0.000426298,1
easy_066,Easy,DLX-OMP,4,4,0.000419813,1
easy_066,Easy,DLX-OMP,4,5,0.000329480,1
easy_066,Easy,DLX-OMP,8,1,0.000501036,1
easy_066,Easy,DLX-OMP,8,2,0.000565455,1
easy_066,Easy,DLX-OMP,8,3,0.000585936,1
easy_066,Easy,DLX-OMP,8,4,0.000330542,1
easy_066,Easy,DLX-OMP,8,5,0.000587342,1
easy_066,Easy,DLX-OMP,16,1,0.001888799,1
easy_066,Easy,DLX-OMP,16,2,0.000425615,1
easy_066,Easy,DLX-OMP,16,3,0.000587312,1
easy_066,Easy,DLX-OMP,16,4,0.000614170,1
easy_066,Easy,DLX-OMP,16,5,0.000421809,1
easy_066,Easy,OpenMP,4,1,0.002835413,1
easy_066,Easy,OpenMP,4,2,0.002765390,1
easy_066,Easy,OpenMP,4,3,0.002728444,1
easy_066,Easy,OpenMP,4,4,0.002696907,1
easy_066,Easy,OpenMP,4,5,0.002738543,1
easy_066,Easy,OpenMP,8,1,0.002034457,1
easy_066,Easy,OpenMP,8,2,0.002734953,1
easy_066,Easy,OpenMP,8,3,0.002748743,1
easy_066,Easy,OpenMP,8,4,0.002000050,1
easy_066,Easy,OpenMP,8,5,0.002793719,1
easy_066,Easy,OpenMP,16,1,0.004218226,1
easy_066,Easy,OpenMP,16,2,0.002384511,1
easy_066,Easy,OpenMP,16,3,0.002374658,1
easy_066,Easy,OpenMP,16,4,0.002385186,1
easy_066,Easy,OpenMP,16,5,0.002759698,1
easy_067,Easy,Serial,1,1,0.094267601,1
easy_067,Easy,Serial,1,2,0.063250131,1
easy_067,Easy,Serial,1,3,0.056069328,1
easy_067,Easy,Serial,1,4,0.056461822,1
easy_067,Easy,Serial,1,5,0.055996889,1
easy_067,Easy,Serial-MRV,1,1,0.001707375,1
easy_067,Easy,Serial-MRV,1,2,0.001723772,1
easy_067,Easy,Serial-MRV,1,3,0.001724183,1
easy_067,Easy,Serial-MRV,1,4,0.001724175,1
easy_067,Easy,Serial-MRV,1,5,0.001722469,1
easy_067,Easy,DLX,1,1,0.000123065,1
easy_067,Easy,DLX,1,2,0.000114967,1
easy_067,Easy,DLX,1,3,0.000114411,1
easy_067,Easy,DLX,1,4,0.000113739,1
easy_067,Easy,DLX,1,5,0.000113575,1
easy_067,Easy,DLX-OMP,4,1,0.000316601,1
easy_067,Easy,DLX-OMP,4,2,0.000297903,1
easy_067,Easy,DLX-OMP,4,3,0.000283531,1
easy_067,Easy,DLX-OMP,4,4,0.000205056,1
easy_067,Easy,DLX-OMP,4,5,0.000391431,1
easy_067,Easy,DLX-OMP,8,1,0.000522803,1
easy_067,Easy,DLX-OMP,8,2,0.000406664,1
easy_067,Easy,DLX-OMP,8,3,0.000420328,1
easy_067,Easy,DLX-OMP,8,4,0.000383014,1
easy_067,Easy,DLX-OMP,8,5,0.000423648,1
easy_067,Easy,DLX-OMP,16,1,0.001495351,1
easy_067,Easy,DLX-OMP,16,2,0.000435251,1
easy_067,Easy,DLX-OMP,16,3,0.000551947,1
easy_067,Easy,DLX-OMP,16,4,0.000581912,1
easy_067,Easy,DLX-OMP,16,5,0.000403391,1
easy_067,Easy,OpenMP,4,1,0.004408715,1
easy_067,Easy,OpenMP,4,2,0.004367695,1
easy_067,Easy,OpenMP,4,3,0.004297827,1
easy_067,Easy,OpenMP,4,4,0.004301166,1
easy_067,Easy,OpenMP,4,5,0.004593556,1
easy_067,Easy,OpenMP,8,1,0.004501600,1
easy_067,Easy,OpenMP,8,2,0.004413302,1
easy_067,Easy,OpenMP,8,3,0.004385428,1
easy_067,Easy,OpenMP,8,4,0.004321056,1
easy_067,Easy,OpenMP,8,5,0.004427708,1
easy_067,Easy,OpenMP,16,1,0.004727566,1
easy_067,Easy,OpenMP,16,2,0.004515319,1
easy_067,Easy,OpenMP,16,3,0.004475224,1
easy_067,Easy,OpenMP,16,4,0.004452202,1
easy_067,Easy,OpenMP,16,5,0.004474420,1
easy_068,Easy,Serial,1,1,0.000568771,1
easy_068,Easy,Serial,1,2,0.000530438,1
easy_068,Easy,Serial,1,3,0.000505067,1
easy_068,Easy,Serial,1,4,0.000515206,1
easy_068,Easy,Serial,1,5,0.000510252,1
easy_068,Easy,Serial-MRV,1,1,0.002115169,1
easy_068,Easy,Serial-MRV,1,2,0.001819628,1
easy_068,Easy,Serial-MRV,1,3,0.001822062,1
easy_068,Easy,Serial-MRV,1,4,0.001820169,1
easy_068,Easy,Serial-MRV,1,5,0.001821081,1
easy_068,Easy,DLX,1,1,0.000112611,1
easy_068,Easy,DLX,1,2,0.000108189,1
easy_068,Easy,DLX,1,3,0.000106745,1
easy_068,Easy,DLX,1,4,0.000105715,1
easy_068,Easy,DLX,1,5,0.000106298,1
easy_068,Easy,DLX-OMP,4,1,0.000494822,1
easy_068,Easy,DLX-OMP,4,2,0.000398641,1
easy_068,Easy,DLX-OMP,4,3,0.000393914,1
easy_068,Easy,DLX-OMP,4,4,0.000385275,1
easy_068,Easy,DLX-OMP,4,5,0.000381828,1
easy_068,Easy,DLX-OMP,8,1,0.000545568,1
easy_068,Easy,DLX-OMP,8,2,0.000387237,1
easy_068,Easy,DLX-OMP,8,3,0.000271019,1
easy_068,Easy,DLX-OMP,8,4,0.000511487,1
easy_068,Easy,DLX-OMP,8,5,0.000421152,1
easy_068,Easy,DLX-OMP,16,1,0.001730317,1
easy_068,Easy,DLX-OMP,16,2,0.000380598,1
easy_068,Easy,DLX-OMP,16,3,0.000268042,1
easy_068,Easy,DLX-OMP,16,4,0.000558063,1
easy_068,Easy,DLX-OMP,16,5,0.000263173,1
easy_068,Easy,OpenMP,4,1,0.002987454,1
easy_068,Easy,OpenMP,4,2,0.002843777,1
easy_068,Easy,OpenMP,4,3,0.002768113,1
easy_068,Easy,OpenMP,4,4,0.002754160,1
easy_068,Easy,OpenMP,4,5,0.002790702,1
easy_068,Easy,OpenMP,8,1,0.001645358,1
easy_068,Easy,OpenMP,8,2,0.002875557,1
easy_068,Easy,OpenMP,8,3,0.002862046,1
easy_068,Easy,OpenMP,8,4,0.002856422,1
easy_068,Easy,OpenMP,8,5,0.002821155,1
easy_068,Easy,OpenMP,16,1,0.003153694,1
easy_068,Easy,OpenMP,16,2,0.002941981,1
easy_068,Easy,OpenMP,16,3,0.002905365,1
easy_068,Easy,OpenMP,16,4,0.002853362,1
easy_068,Easy,OpenMP,16,5,0.002816545,1
easy_069,Easy,Serial,1,1,0.001417733,1
easy_069,Easy,Serial,1,2,0.001385369,1
easy_069,Easy,Serial,1,3,0.001367075,1
easy_069,Easy,Serial,1,4,0.001061614,1
easy_069,Easy,Serial,1,5,0.001060945,1
easy_069,Easy,Serial-MRV,1,1,0.001176180,1
easy_069,Easy,Serial-MRV,1,2,0.001186203,1
easy_069,Easy,Serial-MRV,1,3,0.001187090,1
easy_069,Easy,Serial-MRV,1,4,0.001186684,1
easy_069,Easy,Serial-MRV,1,5,0.001186518,1
easy_069,Easy,DLX,1,1,0.000110449,1
easy_069,Easy,DLX,1,2,0.000106623,1
easy_069,Easy,DLX,1,3,0.000107141,1
easy_069,Easy,DLX,1,4,0.000106480,1
easy_069,Easy,DLX,1,5,0.000105061,1
easy_069,Easy,DLX-OMP,4,1,0.000639753,1
easy_069,Easy,DLX-OMP,4,2,0.000314685,1
easy_069,Easy,DLX-OMP,4,3,0.000309042,1
easy_069,Easy,DLX-OMP,4,4,0.000412930,1
easy_069,Easy,DLX-OMP,4,5,0.000409620,1
easy_069,Easy,DLX-OMP,8,1,0.000471994,1
easy_069,Easy,DLX-OMP,8,2,0.000571231,1
easy_069,Easy,DLX-OMP,8,3,0.000300028,1
easy_069,Easy,DLX-OMP,8,4,0.000546588,1
easy_069,Easy,DLX-OMP,8,5,0.000427235,1
easy_069,Easy,DLX-OMP,16,1,0.001174993,1
easy_069,Easy,DLX-OMP,16,2,0.000610507,1
easy_069,Easy,DLX-OMP,16,3,0.000561609,1
easy_069,Easy,DLX-OMP,16,4,0.000440806,1
easy_069,Easy,DLX-OMP,16,5,0.000305444,1
easy_069,Easy,OpenMP,4,1,0.003069037,1
easy_069,Easy,OpenMP,4,2,0.003038954,1
easy_069,Easy,OpenMP,4,3,0.003015132,1
easy_069,Easy,OpenMP,4,4,0.003008885,1
easy_069,Easy,OpenMP,4,5,0.003011364,1
easy_069,Easy,OpenMP,8,1,0.003175867,1
easy_069,Easy,OpenMP,8,2,0.003028013,1
easy_069,Easy,OpenMP,8,3,0.003036111,1
easy_069,Easy,OpenMP,8,4,0.003039324,1
easy_069,Easy,OpenMP,8,5,0.003029096,1
easy_069,Easy,OpenMP,16,1,0.002781640,1
easy_069,Easy,OpenMP,16,2,0.002003249,1
easy_069,Easy,OpenMP,16,3,0.003083539,1
easy_069,Easy,OpenMP,16,4,0.003143369,1
easy_069,Easy,OpenMP,16,5,0.003075692,1
easy_070,Easy,Serial,1,1,0.000108465,1
easy_070,Easy,Serial,1,2,0.000104524,1
easy_070,Easy,Serial,1,3,0.000103473,1
easy_070,Easy,Serial,1,4,0.000155050,1
easy_070,Easy,Serial,1,5,0.000103365,1
easy_070,Easy,Serial-MRV,1,1,0.001653992,1
easy_070,Easy,Serial-MRV,1,2,0.001657903,1
easy_070,Easy,Serial-MRV,1,3,0.001645828,1
easy_070,Easy,Serial-MRV,1,4,0.001638558,1
easy_070,Easy,Serial-MRV,1,5,0.001640961,1
easy_070,Easy,DLX,1,1,0.000166030,1
easy_070,Easy,DLX,1,2,0.000160391,1
easy_070,Easy,DLX,1,3,0.000165523,1
easy_070,Easy,DLX,1,4,0.000159101,1
easy_070,Easy,DLX,1,5,0.000158873,1
easy_070,Easy,DLX-OMP,4,1,0.000365191,1
easy_070,Easy,DLX-OMP,4,2,0.000429031,1
easy_070,Easy,DLX-OMP,4,3,0.000447182,1
easy_070,Easy,DLX-OMP,4,4,0.000409368,1
easy_070,Easy,DLX-OMP,4,5,0.000397208,1
easy_070,Easy,DLX-OMP,8,1,0.000520108,1
easy_070,Easy,DLX-OMP,8,2,0.000566097,1
easy_070,Easy,DLX-OMP,8,3,0.000416809,1
easy_070,Easy,DLX-OMP,8,4,0.000395650,1
easy_070,Easy,DLX-OMP,8,5,0.000401528,1
easy_070,Easy,DLX-OMP,16,1,0.001413550,1
easy_070,Easy,DLX-OMP,16,2,0.000602249,1
easy_070,Easy,DLX-OMP,16,3,0.000402114,1
easy_070,Easy,DLX-OMP,16,4,0.000399732,1
easy_070,Easy,DLX-OMP,16,5,0.000582340,1
easy_070,Easy,OpenMP,4,1,0.002895643,1
easy_070,Easy,OpenMP,4,2,0.001841827,1
easy_070,Easy,OpenMP,4,3,0.002717008,1
easy_070,Easy,OpenMP,4,4,0.002755370,1
easy_070,Easy,OpenMP,4,5,0.001822735,1
easy_070,Easy,OpenMP,8,1,0.002923177,1
easy_070,Easy,OpenMP,8,2,0.002738355,1
easy_070,Easy,OpenMP,8,3,0.002739416,1
easy_070,Easy,OpenMP,8,4,0.002732559,1
easy_070,Easy,OpenMP,8,5,0.002747219,1
easy_070,Easy,OpenMP,16,1,0.002192954,1
easy_070,Easy,OpenMP,16,2,0.002854965,1
easy_070,Easy,OpenMP,16,3,0.002860608,1
easy_070,Easy,OpenMP,16,4,0.002794195,1
easy_070,Easy,OpenMP,16,5,0.002776547,1
easy_071,Easy,Serial,1,1,0.000541079,1
easy_071,Easy,Serial,1,2,0.000560847,1
easy_071,Easy,Serial,1,3,0.000562039,1
easy_071,Easy,Serial,1,4,0.000533864,1
easy_071,Easy,Serial,1,5,0.000553736,1
easy_071,Easy,Serial-MRV,1,1,0.002604272,1
easy_071,Easy,Serial-MRV,1,2,0.002614846,1
easy_071,Easy,Serial-MRV,1,3,0.002615815,1
easy_071,Easy,Serial-MRV,1,4,0.002611218,1
easy_071,Easy,Serial-MRV,1,5,0.002973306,1
easy_071,Easy,DLX,1,1,0.000177420,1
easy_071,Easy,DLX,1,2,0.000178860,1
easy_071,Easy,DLX,1,3,0.000171474,1
easy_071,Easy,DLX,1,4,0.000170608,1
easy_071,Easy,DLX,1,5,0.000171516,1
easy_071,Easy,DLX-OMP,4,1,0.000408265,1
easy_071,Easy,DLX-OMP,4,2,0.000312982,1
easy_071,Easy,DLX-OMP,4,3,0.000452720,1
easy_071,Easy,DLX-OMP,4,4,0.000438035,1
easy_071,Easy,DLX-OMP,4,5,0.000304954,1
easy_071,Easy,DLX-OMP,8,1,0.000538422,1
easy_071,Easy,DLX-OMP,8,2,0.000585457,1
easy_071,Easy,DLX-OMP,8,3,0.000575616,1
easy_071,Easy,DLX-OMP,8,4,0.000420194,1
easy_071,Easy,DLX-OMP,8,5,0.000595581,1
easy_071,Easy,DLX-OMP,16,1,0.001083100,1
easy_071,Easy,DLX-OMP,16,2,0.000465827,1
easy_071,Easy,DLX-OMP,16,3,0.000419254,1
easy_071,Easy,DLX-OMP,16,4,0.000310448,1
easy_071,Easy,DLX-OMP,16,5,0.000452780,1
easy_071,Easy,OpenMP,4,1,0.004519085,1
easy_071,Easy,OpenMP,4,2,0.004429320,1
easy_071,Easy,OpenMP,4,3,0.004406424,1
easy_071,Easy,OpenMP,4,4,0.004425582,1
easy_071,Easy,OpenMP,4,5,0.004347809,1
easy_071,Easy,OpenMP,8,1,0.004497023,1
easy_071,Easy,OpenMP,8,2,0.004458370,1
easy_071,Easy,OpenMP,8,3,0.004381004,1
easy_071,Easy,OpenMP,8,4,0.004381659,1
easy_071,Easy,OpenMP,8,5,0.004363729,1
easy_071,Easy,OpenMP,16,1,0.005413113,1
easy_071,Easy,OpenMP,16,2,0.004509152,1
easy_071,Easy,OpenMP,16,3,0.004556153,1
easy_071,Easy,OpenMP,16,4,0.004519015,1
easy_071,Easy,OpenMP,16,5,0.004478963,1
easy_072,Easy,Serial,1,1,0.001157840,1
easy_072,Easy,Serial,1,2,0.001148509,1
easy_072,Easy,Serial,1,3,0.001183918,1
easy_072,Easy,Serial,1,4,0.001119557,1
easy_072,Easy,Serial,1,5,0.001126253,1
easy_072,Easy,Serial-MRV,1,1,0.002426049,1
easy_072,Easy,Serial-MRV,1,2,0.002449590,1
easy_072,Easy,Serial-MRV,1,3,0.002442537,1
easy_072,Easy,Serial-MRV,1,4,0.002464639,1
easy_072,Easy,Serial-MRV,1,5,0.002442941,1
easy_072,Easy,DLX,1,1,0.000175987,1
easy_072,Easy,DLX,1,2,0.000177675,1
easy_072,Easy,DLX,1,3,0.000169543,1
easy_072,Easy,DLX,1,4,0.000168695,1
easy_072,Easy,DLX,1,5,0.000169578,1
easy_072,Easy,DLX-OMP,4,1,0.000405174,1
easy_072,Easy,DLX-OMP,4,2,0.000432447,1
easy_072,Easy,DLX-OMP,4,3,0.000426854,1
easy_072,Easy,DLX-OMP,4,4,0.000431075,1
easy_072,Easy,DLX-OMP,4,5,0.000410422,1
easy_072,Easy,DLX-OMP,8,1,0.000624054,1
easy_072,Easy,DLX-OMP,8,2,0.000595312,1
easy_072,Easy,DLX-OMP,8,3,0.000571865,1
easy_072,Easy,DLX-OMP,8,4,0.000432667,1
easy_072,Easy,DLX-OMP,8,5,0.000422359,1
easy_072,Easy,DLX-OMP,16,1,0.001259777,1
easy_072,Easy,DLX-OMP,16,2,0.000604129,1
easy_072,Easy,DLX-OMP,16,3,0.000592804,1
easy_072,Easy,DLX-OMP,16,4,0.000567294,1
easy_072,Easy,DLX-OMP,16,5,0.000349011,1
easy_072,Easy,OpenMP,4,1,0.004228833,1
easy_072,Easy,OpenMP,4,2,0.004134301,1
easy_072,Easy,OpenMP,4,3,0.004049772,1
easy_072,Easy,OpenMP,4,4,0.004123795,1
easy_072,Easy,OpenMP,4,5,0.004401737,1
easy_072,Easy,OpenMP,8,1,0.004233869,1
easy_072,Easy,OpenMP,8,2,0.004171064,1
easy_072,Easy,OpenMP,8,3,0.004151178,1
easy_072,Easy,OpenMP,8,4,0.004173775,1
easy_072,Easy,OpenMP,8,5,0.004156361,1
easy_072,Easy,OpenMP,16,1,0.004423105,1
easy_072,Easy,OpenMP,16,2,0.004223295,1
easy_072,Easy,OpenMP,16,3,0.004218225,1
easy_072,Easy,OpenMP,16,4,0.003283618,1
easy_072,Easy,OpenMP,16,5,0.004187999,1
easy_073,Easy,Serial,1,1,0.009329824,1
easy_073,Easy,Serial,1,2,0.009205402,1
easy_073,Easy,Serial,1,3,0.009196756,1
easy_073,Easy,Serial,1,4,0.009197488,1
easy_073,Easy,Serial,1,5,0.009199675,1
easy_073,Easy,Serial-MRV,1,1,0.003139014,1
easy_073,Easy,Serial-MRV,1,2,0.003169906,1
easy_073,Easy,Serial-MRV,1,3,0.003148610,1
easy_073,Easy,Serial-MRV,1,4,0.003149939,1
easy_073,Easy,Serial-MRV,1,5,0.003151445,1
easy_073,Easy,DLX,1,1,0.000220787,1
easy_073,Easy,DLX,1,2,0.000231875,1
easy_073,Easy,DLX,1,3,0.000213031,1
easy_073,Easy,DLX,1,4,0.000219088,1
easy_073,Easy,DLX,1,5,0.000211712,1
easy_073,Easy,DLX-OMP,4,1,0.000475932,1
easy_073,Easy,DLX-OMP,4,2,0.000476609,1
easy_073,Easy,DLX-OMP,4,3,0.000446017,1
easy_073,Easy,DLX-OMP,4,4,0.000465747,1
easy_073,Easy,DLX-OMP,4,5,0.000451353,1
easy_073,Easy,DLX-OMP,8,1,0.000728910,1
easy_073,Easy,DLX-OMP,8,2,0.000603499,1
easy_073,Easy,DLX-OMP,8,3,0.000446260,1
easy_073,Easy,DLX-OMP,8,4,0.000473506,1
easy_073,Easy,DLX-OMP,8,5,0.000444646,1
easy_073,Easy,DLX-OMP,16,1,0.001376363,1
easy_073,Easy,DLX-OMP,16,2,0.000486751,1
easy_073,Easy,DLX-OMP,16,3,0.000450765,1
easy_073,Easy,DLX-OMP,16,4,0.000488781,1
easy_073,Easy,DLX-OMP,16,5,0.000456759,1
easy_073,Easy,OpenMP,4,1,0.003395299,1
easy_073,Easy,OpenMP,4,2,0.004279259,1
easy_073,Easy,OpenMP,4,3,0.004581073,1
easy_073,Easy,OpenMP,4,4,0.003477067,1
easy_073,Easy,OpenMP,4,5,0.003467525,1
easy_073,Easy,OpenMP,8,1,0.003597670,1
easy_073,Easy,OpenMP,8,2,0.004321121,1
easy_073,Easy,OpenMP,8,3,0.004266795,1
easy_073,Easy,OpenMP,8,4,0.004309049,1
easy_073,Easy,OpenMP,8,5,0.004313077,1
easy_073,Easy,OpenMP,16,1,0.003863501,1
easy_073,Easy,OpenMP,16,2,0.004344435,1
easy_073,Easy,OpenMP,16,3,0.003573284,1
easy_073,Easy,OpenMP,16,4,0.004371931,1
easy_073,Easy,OpenMP,16,5,0.004348185,1
easy_074,Easy,Serial,1,1,0.016915690,1
easy_074,Easy,Serial,1,2,0.016811928,1
easy_074,Easy,Serial,1,3,0.016840806,1
easy_074,Easy,Serial,1,4,0.016826034,1
easy_074,Easy,Serial,1,5,0.017176286,1
easy_074,Easy,Serial-MRV,1,1,0.003728304,1
easy_074,Easy,Serial-MRV,1,2,0.003691394,1
easy_074,Easy,Serial-MRV,1,3,0.003678215,1
easy_074,Easy,Serial-MRV,1,4,0.003698116,1
easy_074,Easy,Serial-MRV,1,5,0.003732782,1
easy_074,Easy,DLX,1,1,0.000238032,1
easy_074,Easy,DLX,1,2,0.000230101,1
easy_074,Easy,DLX,1,3,0.000237618,1
easy_074,Easy,DLX,1,4,0.000228568,1
easy_074,Easy,DLX,1,5,0.000228930,1
easy_074,Easy,DLX-OMP,4,1,0.000585619,1
easy_074,Easy,DLX-OMP,4,2,0.000469980,1
easy_074,Easy,DLX-OMP,4,3,0.000476380,1
easy_074,Easy,DLX-OMP,4,4,0.000474307,1
easy_074,Easy,DLX-OMP,4,5,0.000473315,1
easy_074,Easy,DLX-OMP,8,1,0.000751912,1
easy_074,Easy,DLX-OMP,8,2,0.000410874,1
easy_074,Easy,DLX-OMP,8,3,0.000614747,1
easy_074,Easy,DLX-OMP,8,4,0.000407459,1
easy_074,Easy,DLX-OMP,8,5,0.000474156,1
easy_074,Easy,DLX-OMP,16,1,0.001616253,1
easy_074,Easy,DLX-OMP,16,2,0.000649119,1
easy_074,Easy,DLX-OMP,16,3,0.000466528,1
easy_074,Easy,DLX-OMP,16,4,0.000505327,1
easy_074,Easy,DLX-OMP,16,5,0.000652377,1
easy_074,Easy,OpenMP,4,1,0.004852652,1
easy_074,Easy,OpenMP,4,2,0.004691802,1
easy_074,Easy,OpenMP,4,3,0.004758399,1
easy_074,Easy,OpenMP,4,4,0.004744937,1
easy_074,Easy,OpenMP,4,5,0.004768104,1
easy_074,Easy,OpenMP,8,1,0.004931906,1
easy_074,Easy,OpenMP,8,2,0.004783259,1
easy_074,Easy,OpenMP,8,3,0.004798008,1
easy_074,Easy,OpenMP,8,4,0.004802870,1
easy_074,Easy,OpenMP,8,5,0.004802327,1
easy_074,Easy,OpenMP,16,1,0.005169163,1
easy_074,Easy,OpenMP,16,2,0.004839212,1
easy_074,Easy,OpenMP,16,3,0.004856960,1
easy_074,Easy,OpenMP,16,4,0.004811097,1
easy_074,Easy,OpenMP,16,5,0.004839917,1
easy_075,Easy,Serial,1,1,0.000153509,1
easy_075,Easy,Serial,1,2,0.000148262,1
easy_075,Easy,Serial,1,3,0.000146958,1
easy_075,Easy,Serial,1,4,0.000146574,1
easy_075,Easy,Serial,1,5,0.000179635,1
easy_075,Easy,Serial-MRV,1,1,0.001870127,1
easy_075,Easy,Serial-MRV,1,2,0.001824740,1
easy_075,Easy,Serial-MRV,1,3,0.001826891,1
easy_075,Easy,Serial-MRV,1,4,0.001822924,1
easy_075,Easy,Serial-MRV,1,5,0.001822695,1
easy_075,Easy,DLX,1,1,0.000217052,1
easy_075,Easy,DLX,1,2,0.000209703,1
easy_075,Easy,DLX,1,3,0.000568224,1
easy_075,Easy,DLX,1,4,0.000209520,1
easy_075,Easy,DLX,1,5,0.000244542,1
easy_075,Easy,DLX-OMP,4,1,0.000526793,1
easy_075,Easy,DLX-OMP,4,2,0.000493935,1
easy_075,Easy,DLX-OMP,4,3,0.000456489,1
easy_075,Easy,DLX-OMP,4,4,0.000459161,1
easy_075,Easy,DLX-OMP,4,5,0.000446424,1
easy_075,Easy,DLX-OMP,8,1,0.000604320,1
easy_075,Easy,DLX-OMP,8,2,0.000589895,1
easy_075,Easy,DLX-OMP,8,3,0.000625948,1
easy_075,Easy,DLX-OMP,8,4,0.000472473,1
easy_075,Easy,DLX-OMP,8,5,0.000592921,1
easy_075,Easy,DLX-OMP,16,1,0.000764531,1
easy_075,Easy,DLX-OMP,16,2,0.000646520,1
easy_075,Easy,DLX-OMP,16,3,0.000466493,1
easy_075,Easy,DLX-OMP,16,4,0.000654409,1
easy_075,Easy,DLX-OMP,16,5,0.000605129,1
easy_075,Easy,OpenMP,4,1,0.002451397,1
easy_075,Easy,OpenMP,4,2,0.002339413,1
easy_075,Easy,OpenMP,4,3,0.002356441,1
easy_075,Easy,OpenMP,4,4,0.002081633,1
easy_075,Easy,OpenMP,4,5,0.002352104,1
easy_075,Easy,OpenMP,8,1,0.002450839,1
easy_075,Easy,OpenMP,8,2,0.002342213,1
easy_075,Easy,OpenMP,8,3,0.002348126,1
easy_075,Easy,OpenMP,8,4,0.002118427,1
easy_075,Easy,OpenMP,8,5,0.002334447,1
easy_075,Easy,OpenMP,16,1,0.003361670,1
easy_075,Easy,OpenMP,16,2,0.002430332,1
easy_075,Easy,OpenMP,16,3,0.002152921,1
easy_075,Easy,OpenMP,16,4,0.002380091,1
easy_075,Easy,OpenMP,16,5,0.002410636,1
easy_076,Easy,Serial,1,1,0.000740305,1
easy_076,Easy,Serial,1,2,0.000701569,1
easy_076,Easy,Serial,1,3,0.000738218,1
easy_076,Easy,Serial,1,4,0.000736060,1
easy_076,Easy,Serial,1,5,0.000735840,1
easy_076,Easy,Serial-MRV,1,1,0.002910670,1
easy_076,Easy,Serial-MRV,1,2,0.002906009,1
easy_076,Easy,Serial-MRV,1,3,0.002904076,1
easy_076,Easy,Serial-MRV,1,4,0.002909053,1
easy_076,Easy,Serial-MRV,1,5,0.002923278,1
easy_076,Easy,DLX,1,1,0.000249865,1
easy_076,Easy,DLX,1,2,0.000237305,1
easy_076,Easy,DLX,1,3,0.000235314,1
easy_076,Easy,DLX,1,4,0.000233841,1
easy_076,Easy,DLX,1,5,0.000240303,1
easy_076,Easy,DLX-OMP,4,1,0.000520003,1
easy_076,Easy,DLX-OMP,4,2,0.000455017,1
easy_076,Easy,DLX-OMP,4,3,0.000494719,1
easy_076,Easy,DLX-OMP,4,4,0.000488349,1
easy_076,Easy,DLX-OMP,4,5,0.000465099,1
easy_076,Easy,DLX-OMP,8,1,0.000729150,1
easy_076,Easy,DLX-OMP,8,2,0.000626385,1
easy_076,Easy,DLX-OMP,8,3,0.000627280,1
easy_076,Easy,DLX-OMP,8,4,0.000505483,1
easy_076,Easy,DLX-OMP,8,5,0.000605255,1
easy_076,Easy,DLX-OMP,16,1,0.000801333,1
easy_076,Easy,DLX-OMP,16,2,0.000662167,1
easy_076,Easy,DLX-OMP,16,3,0.000509823,1
easy_076,Easy,DLX-OMP,16,4,0.000623445,1
easy_076,Easy,DLX-OMP,16,5,0.000504308,1
easy_076,Easy,OpenMP,4,1,0.003533550,1
easy_076,Easy,OpenMP,4,2,0.003432834,1
easy_076,Easy,OpenMP,4,3,0.003401741,1
easy_076,Easy,OpenMP,4,4,0.003401409,1
easy_076,Easy,OpenMP,4,5,0.002984658,1
easy_076,Easy,OpenMP,8,1,0.003537478,1
easy_076,Easy,OpenMP,8,2,0.003441862,1
easy_076,Easy,OpenMP,8,3,0.003454282,1
easy_076,Easy,OpenMP,8,4,0.003481482,1
easy_076,Easy,OpenMP,8,5,0.003433498,1
easy_076,Easy,OpenMP,16,1,0.004138357,1
easy_076,Easy,OpenMP,16,2,0.003488067,1
easy_076,Easy,OpenMP,16,3,0.003480089,1
easy_076,Easy,OpenMP,16,4,0.003498162,1
easy_076,Easy,OpenMP,16,5,0.003905744,1
easy_077,Easy,Serial,1,1,0.000198259,1
easy_077,Easy,Serial,1,2,0.000193671,1
easy_077,Easy,Serial,1,3,0.000233189,1
easy_077,Easy,Serial,1,4,0.000192683,1
easy_077,Easy,Serial,1,5,0.000192748,1
easy_077,Easy,Serial-MRV,1,1,0.001648399,1
easy_077,Easy,Serial-MRV,1,2,0.001635914,1
easy_077,Easy,Serial-MRV,1,3,0.001632270,1
easy_077,Easy,Serial-MRV,1,4,0.001643980,1
easy_077,Easy,Serial-MRV,1,5,0.001627475,1
easy_077,Easy,DLX,1,1,0.000162178,1
easy_077,Easy,DLX,1,2,0.000156178,1
easy_077,Easy,DLX,1,3,0.000154435,1
easy_077,Easy,DLX,1,4,0.000153357,1
easy_077,Easy,DLX,1,5,0.000153104,1
easy_077,Easy,DLX-OMP,4,1,0.000380040,1
easy_077,Easy,DLX-OMP,4,2,0.000424147,1
easy_077,Easy,DLX-OMP,4,3,0.000432005,1
easy_077,Easy,DLX-OMP,4,4,0.000407510,1
easy_077,Easy,DLX-OMP,4,5,0.000397140,1
easy_077,Easy,DLX-OMP,8,1,0.000491068,1
easy_077,Easy,DLX-OMP,8,2,0.000405103,1
easy_077,Easy,DLX-OMP,8,3,0.000427983,1
easy_077,Easy,DLX-OMP,8,4,0.000398404,1
easy_077,Easy,DLX-OMP,8,5,0.000397617,1
easy_077,Easy,DLX-OMP,16,1,0.000661410,1
easy_077,Easy,DLX-OMP,16,2,0.000432731,1
easy_077,Easy,DLX-OMP,16,3,0.000555120,1
easy_077,Easy,DLX-OMP,16,4,0.000435978,1
easy_077,Easy,DLX-OMP,16,5,0.000569846,1
easy_077,Easy,OpenMP,4,1,0.002968227,1
easy_077,Easy,OpenMP,4,2,0.002856502,1
easy_077,Easy,OpenMP,4,3,0.002919721,1
easy_077,Easy,OpenMP,4,4,0.001827426,1
easy_077,Easy,OpenMP,4,5,0.002892081,1
easy_077,Easy,OpenMP,8,1,0.002965311,1
easy_077,Easy,OpenMP,8,2,0.002913449,1
easy_077,Easy,OpenMP,8,3,0.002923294,1
easy_077,Easy,OpenMP,8,4,0.002920853,1
easy_077,Easy,OpenMP,8,5,0.002911781,1
easy_077,Easy,OpenMP,16,1,0.004468614,1
easy_077,Easy,OpenMP,16,2,0.002975032,1
easy_077,Easy,OpenMP,16,3,0.002979261,1
easy_077,Easy,OpenMP,16,4,0.002951214,1
easy_077,Easy,OpenMP,16,5,0.002985505,1
easy_078,Easy,Serial,1,1,0.000253010,1
easy_078,Easy,Serial,1,2,0.000250584,1
easy_078,Easy,Serial,1,3,0.000249655,1
easy_078,Easy,Serial,1,4,0.000249436,1
easy_078,Easy,Serial,1,5,0.000255241,1
easy_078,Easy,Serial-MRV,1,1,0.001559792,1
easy_078,Easy,Serial-MRV,1,2,0.001581891,1
easy_078,Easy,Serial-MRV,1,3,0.001553846,1
easy_078,Easy,Serial-MRV,1,4,0.001553199,1
easy_078,Easy,Serial-MRV,1,5,0.001551866,1
easy_078,Easy,DLX,1,1,0.000157721,1
easy_078,Easy,DLX,1,2,0.000151739,1
easy_078,Easy,DLX,1,3,0.000151037,1
easy_078,Easy,DLX,1,4,0.000150831,1
easy_078,Easy,DLX,1,5,0.000166821,1
easy_078,Easy,DLX-OMP,4,1,0.000357329,1
easy_078,Easy,DLX-OMP,4,2,0.000293314,1
easy_078,Easy,DLX-OMP,4,3,0.000288676,1
easy_078,Easy,DLX-OMP,4,4,0.000304021,1
easy_078,Easy,DLX-OMP,4,5,0.000284658,1
easy_078,Easy,DLX-OMP,8,1,0.000523110,1
easy_078,Easy,DLX-OMP,8,2,0.000394983,1
easy_078,Easy,DLX-OMP,8,3,0.000425820,1
easy_078,Easy,DLX-OMP,8,4,0.000301395,1
easy_078,Easy,DLX-OMP,8,5,0.000402714,1
easy_078,Easy,DLX-OMP,16,1,0.000789009,1
easy_078,Easy,DLX-OMP,16,2,0.000600772,1
easy_078,Easy,DLX-OMP,16,3,0.000557308,1
easy_078,Easy,DLX-OMP,16,4,0.000572588,1
easy_078,Easy,DLX-OMP,16,5,0.000399272,1
easy_078,Easy,OpenMP,4,1,0.002835371,1
easy_078,Easy,OpenMP,4,2,0.002781292,1
easy_078,Easy,OpenMP,4,3,0.002776784,1
easy_078,Easy,OpenMP,4,4,0.002731681,1
easy_078,Easy,OpenMP,4,5,0.002769045,1
easy_078,Easy,OpenMP,8,1,0.002814294,1
easy_078,Easy,OpenMP,8,2,0.002814188,1
easy_078,Easy,OpenMP,8,3,0.002762834,1
easy_078,Easy,OpenMP,8,4,0.002748717,1
easy_078,Easy,OpenMP,8,5,0.002826472,1
easy_078,Easy,OpenMP,16,1,0.003718531,1
easy_078,Easy,OpenMP,16,2,0.002849008,1
easy_078,Easy,OpenMP,16,3,0.002788825,1
easy_078,Easy,OpenMP,16,4,0.002876749,1
easy_078,Easy,OpenMP,16,5,0.003162669,1
easy_079,Easy,Serial,1,1,0.001351069,1
easy_079,Easy,Serial,1,2,0.001363771,1
easy_079,Easy,Serial,1,3,0.001330841,1
easy_079,Easy,Serial,1,4,0.001324368,1
easy_079,Easy,Serial,1,5,0.001324646,1
easy_079,Easy,Serial-MRV,1,1,0.004854382,1
easy_079,Easy,Serial-MRV,1,2,0.004852027,1
easy_079,Easy,Serial-MRV,1,3,0.004877781,1
easy_079,Easy,Serial-MRV,1,4,0.004867041,1
easy_079,Easy,Serial-MRV,1,5,0.004866760,1
easy_079,Easy,DLX,1,1,0.000175462,1
easy_079,Easy,DLX,1,2,0.000170995,1
easy_079,Easy,DLX,1,3,0.000168891,1
easy_079,Easy,DLX,1,4,0.000169379,1
easy_079,Easy,DLX,1,5,0.000167654,1
easy_079,Easy,DLX-OMP,4,1,0.000373887,1
easy_079,Easy,DLX-OMP,4,2,0.000316905,1
easy_079,Easy,DLX-OMP,4,3,0.000446465,1
easy_079,Easy,DLX-OMP,4,4,0.000437877,1
easy_079,Easy,DLX-OMP,4,5,0.000302839,1
easy_079,Easy,DLX-OMP,8,1,0.000538427,1
easy_079,Easy,DLX-OMP,8,2,0.000551867,1
easy_079,Easy,DLX-OMP,8,3,0.000436730,1
easy_079,Easy,DLX-OMP,8,4,0.000570636,1
easy_079,Easy,DLX-OMP,8,5,0.000437056,1
easy_079,Easy,DLX-OMP,16,1,0.001362176,1
easy_079,Easy,DLX-OMP,16,2,0.000654886,1
easy_079,Easy,DLX-OMP,16,3,0.000424865,1
easy_079,Easy,DLX-OMP,16,4,0.000614206,1
easy_079,Easy,DLX-OMP,16,5,0.000419340,1
easy_079,Easy,OpenMP,4,1,0.003270919,1
easy_079,Easy,OpenMP,4,2,0.003179321,1
easy_079,Easy,OpenMP,4,3,0.004828604,1
easy_079,Easy,OpenMP,4,4,0.003150657,1
easy_079,Easy,OpenMP,4,5,0.003175463,1
easy_079,Easy,OpenMP,8,1,0.005042567,1
easy_079,Easy,OpenMP,8,2,0.004974839,1
easy_079,Easy,OpenMP,8,3,0.004944758,1
easy_079,Easy,OpenMP,8,4,0.004896558,1
easy_079,Easy,OpenMP,8,5,0.004983106,1
easy_079,Easy,OpenMP,16,1,0.005884692,1
easy_079,Easy,OpenMP,16,2,0.004939847,1
easy_079,Easy,OpenMP,16,3,0.003156816,1
easy_079,Easy,OpenMP,16,4,0.003232948,1
easy_079,Easy,OpenMP,16,5,0.005047194,1
easy_080,Easy,Serial,1,1,0.002606871,1
easy_080,Easy,Serial,1,2,0.002550624,1
easy_080,Easy,Serial,1,3,0.002536647,1
easy_080,Easy,Serial,1,4,0.002538453,1
easy_080,Easy,Serial,1,5,0.002536662,1
easy_080,Easy,Serial-MRV,1,1,0.003032730,1
easy_080,Easy,Serial-MRV,1,2,0.003502753,1
easy_080,Easy,Serial-MRV,1,3,0.003374321,1
easy_080,Easy,Serial-MRV,1,4,0.003374533,1
easy_080,Easy,Serial-MRV,1,5,0.003391835,1
easy_080,Easy,DLX,1,1,0.000198803,1
easy_080,Easy,DLX,1,2,0.000196450,1
easy_080,Easy,DLX,1,3,0.000195107,1
easy_080,Easy,DLX,1,4,0.000193165,1
easy_080,Easy,DLX,1,5,0.000192704,1
easy_080,Easy,DLX-OMP,4,1,0.000425991,1
easy_080,Easy,DLX-OMP,4,2,0.000356120,1
easy_080,Easy,DLX-OMP,4,3,0.000487611,1
easy_080,Easy,DLX-OMP,4,4,0.000341358,1
easy_080,Easy,DLX-OMP,4,5,0.000448748,1
easy_080,Easy,DLX-OMP,8,1,0.000664301,1
easy_080,Easy,DLX-OMP,8,2,0.000598667,1
easy_080,Easy,DLX-OMP,8,3,0.000591062,1
easy_080,Easy,DLX-OMP,8,4,0.000469064,1
easy_080,Easy,DLX-OMP,8,5,0.000437413,1
easy_080,Easy,DLX-OMP,16,1,0.000846437,1
easy_080,Easy,DLX-OMP,16,2,0.000401996,1
easy_080,Easy,DLX-OMP,16,3,0.000603649,1
easy_080,Easy,DLX-OMP,16,4,0.000469632,1
easy_080,Easy,DLX-OMP,16,5,0.000601665,1
easy_080,Easy,OpenMP,4,1,0.005274030,1
easy_080,Easy,OpenMP,4,2,0.005175987,1
easy_080,Easy,OpenMP,4,3,0.005080174,1
easy_080,Easy,OpenMP,4,4,0.005092618,1
easy_080,Easy,OpenMP,4,5,0.003614367,1
easy_080,Easy,OpenMP,8,1,0.005163256,1
easy_080,Easy,OpenMP,8,2,0.005192512,1
easy_080,Easy,OpenMP,8,3,0.003631083,1
easy_080,Easy,OpenMP,8,4,0.005108942,1
easy_080,Easy,OpenMP,8,5,0.005111931,1
easy_080,Easy,OpenMP,16,1,0.006024266,1
easy_080,Easy,OpenMP,16,2,0.005206115,1
easy_080,Easy,OpenMP,16,3,0.005125712,1
easy_080,Easy,OpenMP,16,4,0.005266779,1
easy_080,Easy,OpenMP,16,5,0.005170651,1
easy_081,Easy,Serial,1,1,0.000874994,1
easy_081,Easy,Serial,1,2,0.000861724,1
easy_081,Easy,Serial,1,3,0.000848151,1
easy_081,Easy,Serial,1,4,0.000859912,1
easy_081,Easy,Serial,1,5,0.000839654,1
easy_081,Easy,Serial-MRV,1,1,0.002841905,1
easy_081,Easy,Serial-MRV,1,2,0.002858984,1
easy_081,Easy,Serial-MRV,1,3,0.002864442,1
easy_081,Easy,Serial-MRV,1,4,0.002878160,1
easy_081,Easy,Serial-MRV,1,5,0.002858967,1
easy_081,Easy,DLX,1,1,0.000196052,1
easy_081,Easy,DLX,1,2,0.000195782,1
easy_081,Easy,DLX,1,3,0.000188401,1
easy_081,Easy,DLX,1,4,0.000189755,1
easy_081,Easy,DLX,1,5,0.000189508,1
easy_081,Easy,DLX-OMP,4,1,0.000425267,1
easy_081,Easy,DLX-OMP,4,2,0.000345527,1
easy_081,Easy,DLX-OMP,4,3,0.000464791,1
easy_081,Easy,DLX-OMP,4,4,0.000441644,1
easy_081,Easy,DLX-OMP,4,5,0.000333813,1
easy_081,Easy,DLX-OMP,8,1,0.000694483,1
easy_081,Easy,DLX-OMP,8,2,0.000617869,1
easy_081,Easy,DLX-OMP,8,3,0.000428504,1
easy_081,Easy,DLX-OMP,8,4,0.000456199,1
easy_081,Easy,DLX-OMP,8,5,0.000337333,1
easy_081,Easy,DLX-OMP,16,1,0.001343628,1
easy_081,Easy,DLX-OMP,16,2,0.000629650,1
easy_081,Easy,DLX-OMP,16,3,0.000436026,1
easy_081,Easy,DLX-OMP,16,4,0.000623473,1
easy_081,Easy,DLX-OMP,16,5,0.000609992,1
easy_081,Easy,OpenMP,4,1,0.004445750,1
easy_081,Easy,OpenMP,4,2,0.003577023,1
easy_081,Easy,OpenMP,4,3,0.004574402,1
easy_081,Easy,OpenMP,4,4,0.004402879,1
easy_081,Easy,OpenMP,4,5,0.004435534,1
easy_081,Easy,OpenMP,8,1,0.003807858,1
easy_081,Easy,OpenMP,8,2,0.004486062,1
easy_081,Easy,OpenMP,8,3,0.003639092,1
easy_081,Easy,OpenMP,8,4,0.004396172,1
easy_081,Easy,OpenMP,8,5,0.004416955,1
easy_081,Easy,OpenMP,16,1,0.005468931,1
easy_081,Easy,OpenMP,16,2,0.004516557,1
easy_081,Easy,OpenMP,16,3,0.004513967,1
easy_081,Easy,OpenMP,16,4,0.004552528,1
easy_081,Easy,OpenMP,16,5,0.004414142,1
easy_082,Easy,Serial,1,1,0.000641401,1
easy_082,Easy,Serial,1,2,0.000627469,1
easy_082,Easy,Serial,1,3,0.000597359,1
easy_082,Easy,Serial,1,4,0.000626935,1
easy_082,Easy,Serial,1,5,0.000617698,1
easy_082,Easy,Serial-MRV,1,1,0.002135410,1
easy_082,Easy,Serial-MRV,1,2,0.002148780,1
easy_082,Easy,Serial-MRV,1,3,0.002142591,1
easy_082,Easy,Serial-MRV,1,4,0.002160658,1
easy_082,Easy,Serial-MRV,1,5,0.002143600,1
easy_082,Easy,DLX,1,1,0.000294523,1
easy_082,Easy,DLX,1,2,0.000214273,1
easy_082,Easy,DLX,1,3,0.000213355,1
easy_082,Easy,DLX,1,4,0.000211877,1
easy_082,Easy,DLX,1,5,0.000220163,1
easy_082,Easy,DLX-OMP,4,1,0.001129116,1
easy_082,Easy,DLX-OMP,4,2,0.000580347,1
easy_082,Easy,DLX-OMP,4,3,0.000561613,1
easy_082,Easy,DLX-OMP,4,4,0.000456018,1
easy_082,Easy,DLX-OMP,4,5,0.000441273,1
easy_082,Easy,DLX-OMP,8,1,0.000572432,1
easy_082,Easy,DLX-OMP,8,2,0.000448063,1
easy_082,Easy,DLX-OMP,8,3,0.000621995,1
easy_082,Easy,DLX-OMP,8,4,0.000443656,1
easy_082,Easy,DLX-OMP,8,5,0.000416935,1
easy_082,Easy,DLX-OMP,16,1,0.001581601,1
easy_082,Easy,DLX-OMP,16,2,0.000644755,1
easy_082,Easy,DLX-OMP,16,3,0.000449041,1
easy_082,Easy,DLX-OMP,16,4,0.000633091,1
easy_082,Easy,DLX-OMP,16,5,0.000623860,1
easy_082,Easy,OpenMP,4,1,0.002823402,1
easy_082,Easy,OpenMP,4,2,0.002729012,1
easy_082,Easy,OpenMP,4,3,0.002283356,1
easy_082,Easy,OpenMP,4,4,0.002275008,1
easy_082,Easy,OpenMP,4,5,0.002262497,1
easy_082,Easy,OpenMP,8,1,0.002877978,1
easy_082,Easy,OpenMP,8,2,0.002756867,1
easy_082,Easy,OpenMP,8,3,0.002741370,1
easy_082,Easy,OpenMP,8,4,0.002711319,1
easy_082,Easy,OpenMP,8,5,0.002763122,1
easy_082,Easy,OpenMP,16,1,0.003245905,1
easy_082,Easy,OpenMP,16,2,0.002748340,1
easy_082,Easy,OpenMP,16,3,0.003147779,1
easy_082,Easy,OpenMP,16,4,0.002756059,1
easy_082,Easy,OpenMP,16,5,0.002754392,1
medium_001,Medium,Serial,1,1,0.040932929,1
medium_001,Medium,Serial,1,2,0.040864901,1
medium_001,Medium,Serial,1,3,0.039095277,1
medium_001,Medium,Serial,1,4,0.026934242,1
medium_001,Medium,Serial,1,5,0.026897709,1
medium_001,Medium,Serial-MRV,1,1,0.022994179,1
medium_001,Medium,Serial-MRV,1,2,0.022946630,1
medium_001,Medium,Serial-MRV,1,3,0.023294623,1
medium_001,Medium,Serial-MRV,1,4,0.022951478,1
medium_001,Medium,Serial-MRV,1,5,0.022950128,1
medium_001,Medium,DLX,1,1,0.000170086,1
medium_001,Medium,DLX,1,2,0.000165816,1
medium_001,Medium,DLX,1,3,0.000165580,1
medium_001,Medium,DLX,1,4,0.000164424,1
medium_001,Medium,DLX,1,5,0.000164475,1
medium_001,Medium,DLX-OMP,4,1,0.000360808,1
medium_001,Medium,DLX-OMP,4,2,0.000301286,1
medium_001,Medium,DLX-OMP,4,3,0.000473569,1
medium_001,Medium,DLX-OMP,4,4,0.000297337,1
medium_001,Medium,DLX-OMP,4,5,0.000425947,1
medium_001,Medium,DLX-OMP,8,1,0.000490505,1
medium_001,Medium,DLX-OMP,8,2,0.000294738,1
medium_001,Medium,DLX-OMP,8,3,0.000568702,1
medium_001,Medium,DLX-OMP,8,4,0.000433010,1
medium_001,Medium,DLX-OMP,8,5,0.000312636,1
medium_001,Medium,DLX-OMP,16,1,0.001362831,1
medium_001,Medium,DLX-OMP,16,2,0.000451868,1
medium_001,Medium,DLX-OMP,16,3,0.000299313,1
medium_001,Medium,DLX-OMP,16,4,0.000577508,1
medium_001,Medium,DLX-OMP,16,5,0.000458275,1
medium_001,Medium,OpenMP,4,1,0.040645940,1
medium_001,Medium,OpenMP,4,2,0.040994033,1
medium_001,Medium,OpenMP,4,3,0.040603614,1
medium_001,Medium,OpenMP,4,4,0.040553709,1
medium_001,Medium,OpenMP,4,5,0.040970459,1
medium_001,Medium,OpenMP,8,1,0.040736370,1
medium_001,Medium,OpenMP,8,2,0.040540874,1
medium_001,Medium,OpenMP,8,3,0.041082846,1
medium_001,Medium,OpenMP,8,4,0.040630795,1
medium_001,Medium,OpenMP,8,5,0.040642351,1
medium_001,Medium,OpenMP,16,1,0.041442611,1
medium_001,Medium,OpenMP,16,2,0.040728717,1
medium_001,Medium,OpenMP,16,3,0.040691104,1
medium_001,Medium,OpenMP,16,4,0.041079289,1
medium_001,Medium,OpenMP,16,5,0.040694635,1
medium_002,Medium,Serial,1,1,0.233423200,1
medium_002,Medium,Serial,1,2,0.146140278,1
medium_002,Medium,Serial,1,3,0.146001450,1
medium_002,Medium,Serial,1,4,0.146038808,1
medium_002,Medium,Serial,1,5,0.146052684,1
medium_002,Medium,Serial-MRV,1,1,0.016246435,1
medium_002,Medium,Serial-MRV,1,2,0.015911283,1
medium_002,Medium,Serial-MRV,1,3,0.015898460,1
medium_002,Medium,Serial-MRV,1,4,0.015899536,1
medium_002,Medium,Serial-MRV,1,5,0.015901288,1
medium_002,Medium,DLX,1,1,0.000177193,1
medium_002,Medium,DLX,1,2,0.000166403,1
medium_002,Medium,DLX,1,3,0.000165549,1
medium_002,Medium,DLX,1,4,0.000164763,1
medium_002,Medium,DLX,1,5,0.000164092,1
medium_002,Medium,DLX-OMP,4,1,0.000369081,1
medium_002,Medium,DLX-OMP,4,2,0.000308819,1
medium_002,Medium,DLX-OMP,4,3,0.000292263,1
medium_002,Medium,DLX-OMP,4,4,0.000299074,1
medium_002,Medium,DLX-OMP,4,5,0.000424093,1
medium_002,Medium,DLX-OMP,8,1,0.000703651,1
medium_002,Medium,DLX-OMP,8,2,0.000416390,1
medium_002,Medium,DLX-OMP,8,3,0.000437467,1
medium_002,Medium,DLX-OMP,8,4,0.000415023,1
medium_002,Medium,DLX-OMP,8,5,0.000297436,1
medium_002,Medium,DLX-OMP,16,1,0.001805481,1
medium_002,Medium,DLX-OMP,16,2,0.000580950,1
medium_002,Medium,DLX-OMP,16,3,0.000616408,1
medium_002,Medium,DLX-OMP,16,4,0.000296384,1
medium_002,Medium,DLX-OMP,16,5,0.000417463,1
medium_002,Medium,OpenMP,4,1,0.028117304,1
medium_002,Medium,OpenMP,4,2,0.016165167,1
medium_002,Medium,OpenMP,4,3,0.018491768,1
medium_002,Medium,OpenMP,4,4,0.027840768,1
medium_002,Medium,OpenMP,4,5,0.018727833,1
medium_002,Medium,OpenMP,8,1,0.028100134,1
medium_002,Medium,OpenMP,8,2,0.027996483,1
medium_002,Medium,OpenMP,8,3,0.028368018,1
medium_002,Medium,OpenMP,8,4,0.028023167,1
medium_002,Medium,OpenMP,8,5,0.028012625,1
medium_002,Medium,OpenMP,16,1,0.028434348,1
medium_002,Medium,OpenMP,16,2,0.028439214,1
medium_002,Medium,OpenMP,16,3,0.028091325,1
medium_002,Medium,OpenMP,16,4,0.028093308,1
medium_002,Medium,OpenMP,16,5,0.028049534,1
medium_003,Medium,Serial,1,1,0.123183529,1
medium_003,Medium,Serial,1,2,0.084942766,1
medium_003,Medium,Serial,1,3,0.069945092,1
medium_003,Medium,Serial,1,4,0.070205064,1
medium_003,Medium,Serial,1,5,0.070175771,1
medium_003,Medium,Serial-MRV,1,1,0.036031651,1
medium_003,Medium,Serial-MRV,1,2,0.036373190,1
medium_003,Medium,Serial-MRV,1,3,0.036380597,1
medium_003,Medium,Serial-MRV,1,4,0.036713907,1
medium_003,Medium,Serial-MRV,1,5,0.036356257,1
medium_003,Medium,DLX,1,1,0.000172777,1
medium_003,Medium,DLX,1,2,0.000167471,1
medium_003,Medium,DLX,1,3,0.000168440,1
medium_003,Medium,DLX,1,4,0.000167300,1
medium_003,Medium,DLX,1,5,0.000167190,1
medium_003,Medium,DLX-OMP,4,1,0.000371740,1
medium_003,Medium,DLX-OMP,4,2,0.000443359,1
medium_003,Medium,DLX-OMP,4,3,0.000439039,1
medium_003,Medium,DLX-OMP,4,4,0.000431091,1
medium_003,Medium,DLX-OMP,4,5,0.000426618,1
medium_003,Medium,DLX-OMP,8,1,0.000524581,1
medium_003,Medium,DLX-OMP,8,2,0.000430224,1
medium_003,Medium,DLX-OMP,8,3,0.000416475,1
medium_003,Medium,DLX-OMP,8,4,0.000579655,1
medium_003,Medium,DLX-OMP,8,5,0.000294540,1
medium_003,Medium,DLX-OMP,16,1,0.001981055,1
medium_003,Medium,DLX-OMP,16,2,0.000418473,1
medium_003,Medium,DLX-OMP,16,3,0.000622979,1
medium_003,Medium,DLX-OMP,16,4,0.000592719,1
medium_003,Medium,DLX-OMP,16,5,0.000418910,1
medium_003,Medium,OpenMP,4,1,0.016669397,1
medium_003,Medium,OpenMP,4,2,0.016397372,1
medium_003,Medium,OpenMP,4,3,0.016809967,1
medium_003,Medium,OpenMP,4,4,0.009958310,1
medium_003,Medium,OpenMP,4,5,0.010010935,1
medium_003,Medium,OpenMP,8,1,0.016475727,1
medium_003,Medium,OpenMP,8,2,0.010198761,1
medium_003,Medium,OpenMP,8,3,0.016467454,1
medium_003,Medium,OpenMP,8,4,0.010028663,1
medium_003,Medium,OpenMP,8,5,0.016528212,1
medium_003,Medium,OpenMP,16,1,0.016850562,1
medium_003,Medium,OpenMP,16,2,0.016966866,1
medium_003,Medium,OpenMP,16,3,0.016735122,1
medium_003,Medium,OpenMP,16,4,0.016503321,1
medium_003,Medium,OpenMP,16,5,0.016701416,1
medium_004,Medium,Serial,1,1,0.038576498,1
medium_004,Medium,Serial,1,2,0.038806420,1
medium_004,Medium,Serial,1,3,0.038448297,1
medium_004,Medium,Serial,1,4,0.038424863,1
medium_004,Medium,Serial,1,5,0.038442978,1
medium_004,Medium,Serial-MRV,1,1,0.012301162,1
medium_004,Medium,Serial-MRV,1,2,0.009806694,1
medium_004,Medium,Serial-MRV,1,3,0.009801680,1
medium_004,Medium,Serial-MRV,1,4,0.009799188,1
medium_004,Medium,Serial-MRV,1,5,0.009799031,1
medium_004,Medium,DLX,1,1,0.000172651,1
medium_004,Medium,DLX,1,2,0.000167750,1
medium_004,Medium,DLX,1,3,0.000166403,1
medium_004,Medium,DLX,1,4,0.000165378,1
medium_004,Medium,DLX,1,5,0.000166043,1
medium_004,Medium,DLX-OMP,4,1,0.000369257,1
medium_004,Medium,DLX-OMP,4,2,0.000312469,1
medium_004,Medium,DLX-OMP,4,3,0.000296016,1
medium_004,Medium,DLX-OMP,4,4,0.000302678,1
medium_004,Medium,DLX-OMP,4,5,0.000428035,1
medium_004,Medium,DLX-OMP,8,1,0.000692139,1
medium_004,Medium,DLX-OMP,8,2,0.000587498,1
medium_004,Medium,DLX-OMP,8,3,0.000298827,1
medium_004,Medium,DLX-OMP,8,4,0.000569129,1
medium_004,Medium,DLX-OMP,8,5,0.000587890,1
medium_004,Medium,DLX-OMP,16,1,0.001301394,1
medium_004,Medium,DLX-OMP,16,2,0.000600533,1
medium_004,Medium,DLX-OMP,16,3,0.000424442,1
medium_004,Medium,DLX-OMP,16,4,0.000332132,1
medium_004,Medium,DLX-OMP,16,5,0.000423877,1
medium_004,Medium,OpenMP,4,1,0.017359270,1
medium_004,Medium,OpenMP,4,2,0.017184924,1
medium_004,Medium,OpenMP,4,3,0.017191566,1
medium_004,Medium,OpenMP,4,4,0.017108098,1
medium_004,Medium,OpenMP,4,5,0.017563334,1
medium_004,Medium,OpenMP,8,1,0.017390438,1
medium_004,Medium,OpenMP,8,2,0.017246315,1
medium_004,Medium,OpenMP,8,3,0.017258336,1
medium_004,Medium,OpenMP,8,4,0.017251040,1
medium_004,Medium,OpenMP,8,5,0.017239808,1
medium_004,Medium,OpenMP,16,1,0.017968785,1
medium_004,Medium,OpenMP,16,2,0.017655644,1
medium_004,Medium,OpenMP,16,3,0.017380870,1
medium_004,Medium,OpenMP,16,4,0.017331768,1
medium_004,Medium,OpenMP,16,5,0.017318591,1
medium_005,Medium,Serial,1,1,0.146321889,1
medium_005,Medium,Serial,1,2,0.099509736,1
medium_005,Medium,Serial,1,3,0.084042401,1
medium_005,Medium,Serial,1,4,0.083602480,1
medium_005,Medium,Serial,1,5,0.083956648,1
medium_005,Medium,Serial-MRV,1,1,0.017143517,1
medium_005,Medium,Serial-MRV,1,2,0.017140221,1
medium_005,Medium,Serial-MRV,1,3,0.017159761,1
medium_005,Medium,Serial-MRV,1,4,0.017505619,1
medium_005,Medium,Serial-MRV,1,5,0.017067784,1
medium_005,Medium,DLX,1,1,0.000188212,1
medium_005,Medium,DLX,1,2,0.000189422,1
medium_005,Medium,DLX,1,3,0.000182721,1
medium_005,Medium,DLX,1,4,0.000180538,1
medium_005,Medium,DLX,1,5,0.000181333,1
medium_005,Medium,DLX-OMP,4,1,0.000390105,1
medium_005,Medium,DLX-OMP,4,2,0.000317387,1
medium_005,Medium,DLX-OMP,4,3,0.000477335,1
medium_005,Medium,DLX-OMP,4,4,0.000455591,1
medium_005,Medium,DLX-OMP,4,5,0.000309172,1
medium_005,Medium,DLX-OMP,8,1,0.000427960,1
medium_005,Medium,DLX-OMP,8,2,0.000605211,1
medium_005,Medium,DLX-OMP,8,3,0.000467452,1
medium_005,Medium,DLX-OMP,8,4,0.000580469,1
medium_005,Medium,DLX-OMP,8,5,0.000627129,1
medium_005,Medium,DLX-OMP,16,1,0.001419089,1
medium_005,Medium,DLX-OMP,16,2,0.000498026,1
medium_005,Medium,DLX-OMP,16,3,0.000316591,1
medium_005,Medium,DLX-OMP,16,4,0.000622966,1
medium_005,Medium,DLX-OMP,16,5,0.000607282,1
medium_005,Medium,OpenMP,4,1,0.030112475,1
medium_005,Medium,OpenMP,4,2,0.017433485,1
medium_005,Medium,OpenMP,4,3,0.029989615,1
medium_005,Medium,OpenMP,4,4,0.018554933,1
medium_005,Medium,OpenMP,4,5,0.030625627,1
medium_005,Medium,OpenMP,8,1,0.030183981,1
medium_005,Medium,OpenMP,8,2,0.030073448,1
medium_005,Medium,OpenMP,8,3,0.030504566,1
medium_005,Medium,OpenMP,8,4,0.030122559,1
medium_005,Medium,OpenMP,8,5,0.030194562,1
medium_005,Medium,OpenMP,16,1,0.031391092,1
medium_005,Medium,OpenMP,16,2,0.030307042,1
medium_005,Medium,OpenMP,16,3,0.030538048,1
medium_005,Medium,OpenMP,16,4,0.030249215,1
medium_005,Medium,OpenMP,16,5,0.030265581,1
medium_006,Medium,Serial,1,1,0.034719509,1
medium_006,Medium,Serial,1,2,0.034205359,1
medium_006,Medium,Serial,1,3,0.034543435,1
medium_006,Medium,Serial,1,4,0.034434170,1
medium_006,Medium,Serial,1,5,0.028956824,1
medium_006,Medium,Serial-MRV,1,1,0.019803408,1
medium_006,Medium,Serial-MRV,1,2,0.019765508,1
medium_006,Medium,Serial-MRV,1,3,0.019770300,1
medium_006,Medium,Serial-MRV,1,4,0.019766809,1
medium_006,Medium,Serial-MRV,1,5,0.019745910,1
medium_006,Medium,DLX,1,1,0.000172715,1
medium_006,Medium,DLX,1,2,0.000170273,1
medium_006,Medium,DLX,1,3,0.000168648,1
medium_006,Medium,DLX,1,4,0.000168486,1
medium_006,Medium,DLX,1,5,0.000174333,1
medium_006,Medium,DLX-OMP,4,1,0.000365195,1
medium_006,Medium,DLX-OMP,4,2,0.000472581,1
medium_006,Medium,DLX-OMP,4,3,0.000308356,1
medium_006,Medium,DLX-OMP,4,4,0.000435695,1
medium_006,Medium,DLX-OMP,4,5,0.000437234,1
medium_006,Medium,DLX-OMP,8,1,0.000521975,1
medium_006,Medium,DLX-OMP,8,2,0.000581404,1
medium_006,Medium,DLX-OMP,8,3,0.000294921,1
medium_006,Medium,DLX-OMP,8,4,0.000569726,1
medium_006,Medium,DLX-OMP,8,5,0.000578990,1
medium_006,Medium,DLX-OMP,16,1,0.001397971,1
medium_006,Medium,DLX-OMP,16,2,0.000585303,1
medium_006,Medium,DLX-OMP,16,3,0.000605346,1
medium_006,Medium,DLX-OMP,16,4,0.000418157,1
medium_006,Medium,DLX-OMP,16,5,0.000456908,1
medium_006,Medium,OpenMP,4,1,0.019841525,1
medium_006,Medium,OpenMP,4,2,0.011370953,1
medium_006,Medium,OpenMP,4,3,0.011348040,1
medium_006,Medium,OpenMP,4,4,0.011322907,1
medium_006,Medium,OpenMP,4,5,0.019391772,1
medium_006,Medium,OpenMP,8,1,0.019581398,1
medium_006,Medium,OpenMP,8,2,0.019469840,1
medium_006,Medium,OpenMP,8,3,0.019467334,1
medium_006,Medium,OpenMP,8,4,0.019811764,1
medium_006,Medium,OpenMP,8,5,0.019474475,1
medium_006,Medium,OpenMP,16,1,0.020631804,1
medium_006,Medium,OpenMP,16,2,0.019591894,1
medium_006,Medium,OpenMP,16,3,0.019474078,1
medium_006,Medium,OpenMP,16,4,0.019649237,1
medium_006,Medium,OpenMP,16,5,0.019923787,1
medium_007,Medium,Serial,1,1,0.026429639,1
medium_007,Medium,Serial,1,2,0.026267085,1
medium_007,Medium,Serial,1,3,0.026291753,1
medium_007,Medium,Serial,1,4,0.026287121,1
medium_007,Medium,Serial,1,5,0.026641551,1
medium_007,Medium,Serial-MRV,1,1,0.043376232,1
medium_007,Medium,Serial-MRV,1,2,0.043378357,1
medium_007,Medium,Serial-MRV,1,3,0.033161379,1
medium_007,Medium,Serial-MRV,1,4,0.024726784,1
medium_007,Medium,Serial-MRV,1,5,0.024729745,1
medium_007,Medium,DLX,1,1,0.000172845,1
medium_007,Medium,DLX,1,2,0.000168869,1
medium_007,Medium,DLX,1,3,0.000167959,1
medium_007,Medium,DLX,1,4,0.000167137,1
medium_007,Medium,DLX,1,5,0.000172778,1
medium_007,Medium,DLX-OMP,4,1,0.000359399,1
medium_007,Medium,DLX-OMP,4,2,0.000303300,1
medium_007,Medium,DLX-OMP,4,3,0.000316695,1
medium_007,Medium,DLX-OMP,4,4,0.000304332,1
medium_007,Medium,DLX-OMP,4,5,0.000293451,1
medium_007,Medium,DLX-OMP,8,1,0.000685222,1
medium_007,Medium,DLX-OMP,8,2,0.000429353,1
medium_007,Medium,DLX-OMP,8,3,0.000439305,1
medium_007,Medium,DLX-OMP,8,4,0.000558919,1
medium_007,Medium,DLX-OMP,8,5,0.000447055,1
medium_007,Medium,DLX-OMP,16,1,0.001297003,1
medium_007,Medium,DLX-OMP,16,2,0.000455907,1
medium_007,Medium,DLX-OMP,16,3,0.000556880,1
medium_007,Medium,DLX-OMP,16,4,0.000586528,1
medium_007,Medium,DLX-OMP,16,5,0.000421536,1
medium_007,Medium,OpenMP,4,1,0.043206219,1
medium_007,Medium,OpenMP,4,2,0.043465029,1
medium_007,Medium,OpenMP,4,3,0.043048767,1
medium_007,Medium,OpenMP,4,4,0.036973770,1
medium_007,Medium,OpenMP,4,5,0.043468981,1
medium_007,Medium,OpenMP,8,1,0.043269812,1
medium_007,Medium,OpenMP,8,2,0.043172510,1
medium_007,Medium,OpenMP,8,3,0.043521586,1
medium_007,Medium,OpenMP,8,4,0.043161708,1
medium_007,Medium,OpenMP,8,5,0.043148382,1
medium_007,Medium,OpenMP,16,1,0.043933175,1
medium_007,Medium,OpenMP,16,2,0.043277805,1
medium_007,Medium,OpenMP,16,3,0.043618979,1
medium_007,Medium,OpenMP,16,4,0.043246088,1
medium_007,Medium,OpenMP,16,5,0.043298783,1
medium_008,Medium,Serial,1,1,0.038264741,1
medium_008,Medium,Serial,1,2,0.037818210,1
medium_008,Medium,Serial,1,3,0.037819642,1
medium_008,Medium,Serial,1,4,0.037821644,1
medium_008,Medium,Serial,1,5,0.024618563,1
medium_008,Medium,Serial-MRV,1,1,0.011960887,1
medium_008,Medium,Serial-MRV,1,2,0.011955212,1
medium_008,Medium,Serial-MRV,1,3,0.011969196,1
medium_008,Medium,Serial-MRV,1,4,0.011960414,1
medium_008,Medium,Serial-MRV,1,5,0.011953714,1
medium_008,Medium,DLX,1,1,0.000197656,1
medium_008,Medium,DLX,1,2,0.000198677,1
medium_008,Medium,DLX,1,3,0.000189632,1
medium_008,Medium,DLX,1,4,0.000190139,1
medium_008,Medium,DLX,1,5,0.000188413,1
medium_008,Medium,DLX-OMP,4,1,0.000404936,1
medium_008,Medium,DLX-OMP,4,2,0.000331190,1
medium_008,Medium,DLX-OMP,4,3,0.000314715,1
medium_008,Medium,DLX-OMP,4,4,0.000481430,1
medium_008,Medium,DLX-OMP,4,5,0.000469641,1
medium_008,Medium,DLX-OMP,8,1,0.000554220,1
medium_008,Medium,DLX-OMP,8,2,0.000625005,1
medium_008,Medium,DLX-OMP,8,3,0.000457791,1
medium_008,Medium,DLX-OMP,8,4,0.000630996,1
medium_008,Medium,DLX-OMP,8,5,0.000336449,1
medium_008,Medium,DLX-OMP,16,1,0.000865329,1
medium_008,Medium,DLX-OMP,16,2,0.000678137,1
medium_008,Medium,DLX-OMP,16,3,0.000465600,1
medium_008,Medium,DLX-OMP,16,4,0.000491678,1
medium_008,Medium,DLX-OMP,16,5,0.000625417,1
medium_008,Medium,OpenMP,4,1,0.015829077,1
medium_008,Medium,OpenMP,4,2,0.009120792,1
medium_008,Medium,OpenMP,4,3,0.016040402,1
medium_008,Medium,OpenMP,4,4,0.015725911,1
medium_008,Medium,OpenMP,4,5,0.010601848,1
medium_008,Medium,OpenMP,8,1,0.015864259,1
medium_008,Medium,OpenMP,8,2,0.010671598,1
medium_008,Medium,OpenMP,8,3,0.015753514,1
medium_008,Medium,OpenMP,8,4,0.015772772,1
medium_008,Medium,OpenMP,8,5,0.015695086,1
medium_008,Medium,OpenMP,16,1,0.016447860,1
medium_008,Medium,OpenMP,16,2,0.016307286,1
medium_008,Medium,OpenMP,16,3,0.015918634,1
medium_008,Medium,OpenMP,16,4,0.015945815,1
medium_008,Medium,OpenMP,16,5,0.015922881,1
medium_009,Medium,Serial,1,1,0.023506200,1
medium_009,Medium,Serial,1,2,0.023368778,1
medium_009,Medium,Serial,1,3,0.023763102,1
medium_009,Medium,Serial,1,4,0.023466288,1
medium_009,Medium,Serial,1,5,0.023575693,1
medium_009,Medium,Serial-MRV,1,1,0.051552690,1
medium_009,Medium,Serial-MRV,1,2,0.038651263,1
medium_009,Medium,Serial-MRV,1,3,0.029374080,1
medium_009,Medium,Serial-MRV,1,4,0.029365838,1
medium_009,Medium,Serial-MRV,1,5,0.029367240,1
medium_009,Medium,DLX,1,1,0.000169288,1
medium_009,Medium,DLX,1,2,0.000164710,1
medium_009,Medium,DLX,1,3,0.000163755,1
medium_009,Medium,DLX,1,4,0.000170263,1
medium_009,Medium,DLX,1,5,0.000163117,1
medium_009,Medium,DLX-OMP,4,1,0.000351840,1
medium_009,Medium,DLX-OMP,4,2,0.000300925,1
medium_009,Medium,DLX-OMP,4,3,0.000455415,1
medium_009,Medium,DLX-OMP,4,4,0.000418328,1
medium_009,Medium,DLX-OMP,4,5,0.000429793,1
medium_009,Medium,DLX-OMP,8,1,0.000684981,1
medium_009,Medium,DLX-OMP,8,2,0.000413988,1
medium_009,Medium,DLX-OMP,8,3,0.000294870,1
medium_009,Medium,DLX-OMP,8,4,0.000436513,1
medium_009,Medium,DLX-OMP,8,5,0.000549744,1
medium_009,Medium,DLX-OMP,16,1,0.001435081,1
medium_009,Medium,DLX-OMP,16,2,0.000568190,1
medium_009,Medium,DLX-OMP,16,3,0.000606965,1
medium_009,Medium,DLX-OMP,16,4,0.000606404,1
medium_009,Medium,DLX-OMP,16,5,0.000563009,1
medium_009,Medium,OpenMP,4,1,0.004832074,1
medium_009,Medium,OpenMP,4,2,0.005106041,1
medium_009,Medium,OpenMP,4,3,0.004615915,1
medium_009,Medium,OpenMP,4,4,0.004631461,1
medium_009,Medium,OpenMP,4,5,0.004650687,1
medium_009,Medium,OpenMP,8,1,0.003034640,1
medium_009,Medium,OpenMP,8,2,0.004678912,1
medium_009,Medium,OpenMP,8,3,0.004723235,1
medium_009,Medium,OpenMP,8,4,0.004706036,1
medium_009,Medium,OpenMP,8,5,0.004748676,1
medium_009,Medium,OpenMP,16,1,0.005127121,1
medium_009,Medium,OpenMP,16,2,0.004806970,1
medium_009,Medium,OpenMP,16,3,0.004967232,1
medium_009,Medium,OpenMP,16,4,0.004918034,1
medium_009,Medium,OpenMP,16,5,0.004825273,1
medium_010,Medium,Serial,1,1,0.003678083,1
medium_010,Medium,Serial,1,2,0.003606717,1
medium_010,Medium,Serial,1,3,0.003607181,1
medium_010,Medium,Serial,1,4,0.003601202,1
medium_010,Medium,Serial,1,5,0.003606689,1
medium_010,Medium,Serial-MRV,1,1,0.020421455,1
medium_010,Medium,Serial-MRV,1,2,0.020447883,1
medium_010,Medium,Serial-MRV,1,3,0.021627935,1
medium_010,Medium,Serial-MRV,1,4,0.021463418,1
medium_010,Medium,Serial-MRV,1,5,0.021473994,1
medium_010,Medium,DLX,1,1,0.000180801,1
medium_010,Medium,DLX,1,2,0.000180378,1
medium_010,Medium,DLX,1,3,0.000172587,1
medium_010,Medium,DLX,1,4,0.000173470,1
medium_010,Medium,DLX,1,5,0.000172439,1
medium_010,Medium,DLX-OMP,4,1,0.000392066,1
medium_010,Medium,DLX-OMP,4,2,0.000324387,1
medium_010,Medium,DLX-OMP,4,3,0.000430655,1
medium_010,Medium,DLX-OMP,4,4,0.000463247,1
medium_010,Medium,DLX-OMP,4,5,0.000416929,1
medium_010,Medium,DLX-OMP,8,1,0.000528462,1
medium_010,Medium,DLX-OMP,8,2,0.000311941,1
medium_010,Medium,DLX-OMP,8,3,0.000586138,1
medium_010,Medium,DLX-OMP,8,4,0.000571895,1
medium_010,Medium,DLX-OMP,8,5,0.000443878,1
medium_010,Medium,DLX-OMP,16,1,0.001378579,1
medium_010,Medium,DLX-OMP,16,2,0.000609148,1
medium_010,Medium,DLX-OMP,16,3,0.000440912,1
medium_010,Medium,DLX-OMP,16,4,0.000455403,1
medium_010,Medium,DLX-OMP,16,5,0.000431262,1
medium_010,Medium,OpenMP,4,1,0.030367924,1
medium_010,Medium,OpenMP,4,2,0.030578959,1
medium_010,Medium,OpenMP,4,3,0.030229152,1
medium_010,Medium,OpenMP,4,4,0.017447569,1
medium_010,Medium,OpenMP,4,5,0.030188516,1
medium_010,Medium,OpenMP,8,1,0.030437816,1
medium_010,Medium,OpenMP,8,2,0.030627145,1
medium_010,Medium,OpenMP,8,3,0.030311564,1
medium_010,Medium,OpenMP,8,4,0.030289625,1
medium_010,Medium,OpenMP,8,5,0.030263518,1
medium_010,Medium,OpenMP,16,1,0.031091710,1
medium_010,Medium,OpenMP,16,2,0.030414957,1
medium_010,Medium,OpenMP,16,3,0.030413085,1
medium_010,Medium,OpenMP,16,4,0.030467537,1
medium_010,Medium,OpenMP,16,5,0.030752576,1
medium_011,Medium,Serial,1,1,0.668021575,1
medium_011,Medium,Serial,1,2,0.604900921,1
medium_011,Medium,Serial,1,3,0.468024810,1
medium_011,Medium,Serial,1,4,0.394249004,1
medium_011,Medium,Serial,1,5,0.394295372,1
medium_011,Medium,Serial-MRV,1,1,0.022157483,1
medium_011,Medium,Serial-MRV,1,2,0.022151517,1
medium_011,Medium,Serial-MRV,1,3,0.022155344,1
medium_011,Medium,Serial-MRV,1,4,0.022611485,1
medium_011,Medium,Serial-MRV,1,5,0.021909598,1
medium_011,Medium,DLX,1,1,0.000119444,1
medium_011,Medium,DLX,1,2,0.000117276,1
medium_011,Medium,DLX,1,3,0.000116237,1
medium_011,Medium,DLX,1,4,0.000115723,1
medium_011,Medium,DLX,1,5,0.000115769,1
medium_011,Medium,DLX-OMP,4,1,0.000310837,1
medium_011,Medium,DLX-OMP,4,2,0.000454506,1
medium_011,Medium,DLX-OMP,4,3,0.000383057,1
medium_011,Medium,DLX-OMP,4,4,0.000387197,1
medium_011,Medium,DLX-OMP,4,5,0.000442395,1
medium_011,Medium,DLX-OMP,8,1,0.000545071,1
medium_011,Medium,DLX-OMP,8,2,0.000445088,1
medium_011,Medium,DLX-OMP,8,3,0.000246555,1
medium_011,Medium,DLX-OMP,8,4,0.000296511,1
medium_011,Medium,DLX-OMP,8,5,0.000269501,1
medium_011,Medium,DLX-OMP,16,1,0.001185285,1
medium_011,Medium,DLX-OMP,16,2,0.000619725,1
medium_011,Medium,DLX-OMP,16,3,0.000624698,1
medium_011,Medium,DLX-OMP,16,4,0.000433297,1
medium_011,Medium,DLX-OMP,16,5,0.000440959,1
medium_011,Medium,OpenMP,4,1,0.006499354,1
medium_011,Medium,OpenMP,4,2,0.006215618,1
medium_011,Medium,OpenMP,4,3,0.006215422,1
medium_011,Medium,OpenMP,4,4,0.006211397,1
medium_011,Medium,OpenMP,4,5,0.006225516,1
medium_011,Medium,OpenMP,8,1,0.006501696,1
medium_011,Medium,OpenMP,8,2,0.003228349,1
medium_011,Medium,OpenMP,8,3,0.006419882,1
medium_011,Medium,OpenMP,8,4,0.006465226,1
medium_011,Medium,OpenMP,8,5,0.006394488,1
medium_011,Medium,OpenMP,16,1,0.007350932,1
medium_011,Medium,OpenMP,16,2,0.006479802,1
medium_011,Medium,OpenMP,16,3,0.006598026,1
medium_011,Medium,OpenMP,16,4,0.006929335,1
medium_011,Medium,OpenMP,16,5,0.006607403,1
medium_012,Medium,Serial,1,1,0.003846546,1
medium_012,Medium,Serial,1,2,0.003787514,1
medium_012,Medium,Serial,1,3,0.003786053,1
medium_012,Medium,Serial,1,4,0.003784417,1
medium_012,Medium,Serial,1,5,0.003784383,1
medium_012,Medium,Serial-MRV,1,1,0.011704605,1
medium_012,Medium,Serial-MRV,1,2,0.011685410,1
medium_012,Medium,Serial-MRV,1,3,0.011676336,1
medium_012,Medium,Serial-MRV,1,4,0.011755311,1
medium_012,Medium,Serial-MRV,1,5,0.011850130,1
medium_012,Medium,DLX,1,1,0.000166497,1
medium_012,Medium,DLX,1,2,0.000162500,1
medium_012,Medium,DLX,1,3,0.000166088,1
medium_012,Medium,DLX,1,4,0.000160499,1
medium_012,Medium,DLX,1,5,0.000160209,1
medium_012,Medium,DLX-OMP,4,1,0.000349192,1
medium_012,Medium,DLX-OMP,4,2,0.000304385,1
medium_012,Medium,DLX-OMP,4,3,0.000439151,1
medium_012,Medium,DLX-OMP,4,4,0.000436502,1
medium_012,Medium,DLX-OMP,4,5,0.000284625,1
medium_012,Medium,DLX-OMP,8,1,0.000511840,1
medium_012,Medium,DLX-OMP,8,2,0.000561879,1
medium_012,Medium,DLX-OMP,8,3,0.000416635,1
medium_012,Medium,DLX-OMP,8,4,0.000425822,1
medium_012,Medium,DLX-OMP,8,5,0.000559226,1
medium_012,Medium,DLX-OMP,16,1,0.001176973,1
medium_012,Medium,DLX-OMP,16,2,0.000566494,1
medium_012,Medium,DLX-OMP,16,3,0.000606956,1
medium_012,Medium,DLX-OMP,16,4,0.000546989,1
medium_012,Medium,DLX-OMP,16,5,0.000588795,1
medium_012,Medium,OpenMP,4,1,0.004378440,1
medium_012,Medium,OpenMP,4,2,0.004440220,1
medium_012,Medium,OpenMP,4,3,0.004250116,1
medium_012,Medium,OpenMP,4,4,0.004263261,1
medium_012,Medium,OpenMP,4,5,0.004216180,1
medium_012,Medium,OpenMP,8,1,0.004489754,1
medium_012,Medium,OpenMP,8,2,0.004476469,1
medium_012,Medium,OpenMP,8,3,0.004780319,1
medium_012,Medium,OpenMP,8,4,0.002904365,1
medium_012,Medium,OpenMP,8,5,0.004450350,1
medium_012,Medium,OpenMP,16,1,0.005229894,1
medium_012,Medium,OpenMP,16,2,0.004676689,1
medium_012,Medium,OpenMP,16,3,0.004479445,1
medium_012,Medium,OpenMP,16,4,0.004555759,1
medium_012,Medium,OpenMP,16,5,0.004543208,1
medium_013,Medium,Serial,1,1,0.021139455,1
medium_013,Medium,Serial,1,2,0.021009717,1
medium_013,Medium,Serial,1,3,0.020996373,1
medium_013,Medium,Serial,1,4,0.021206888,1
medium_013,Medium,Serial,1,5,0.022455833,1
medium_013,Medium,Serial-MRV,1,1,0.011327935,1
medium_013,Medium,Serial-MRV,1,2,0.011349054,1
medium_013,Medium,Serial-MRV,1,3,0.011348066,1
medium_013,Medium,Serial-MRV,1,4,0.011346416,1
medium_013,Medium,Serial-MRV,1,5,0.011344633,1
medium_013,Medium,DLX,1,1,0.000259322,1
medium_013,Medium,DLX,1,2,0.000183519,1
medium_013,Medium,DLX,1,3,0.000181859,1
medium_013,Medium,DLX,1,4,0.000181680,1
medium_013,Medium,DLX,1,5,0.000187376,1
medium_013,Medium,DLX-OMP,4,1,0.001045003,1
medium_013,Medium,DLX-OMP,4,2,0.000578931,1
medium_013,Medium,DLX-OMP,4,3,0.000329847,1
medium_013,Medium,DLX-OMP,4,4,0.000537569,1
medium_013,Medium,DLX-OMP,4,5,0.000437768,1
medium_013,Medium,DLX-OMP,8,1,0.000658577,1
medium_013,Medium,DLX-OMP,8,2,0.000443262,1
medium_013,Medium,DLX-OMP,8,3,0.000428406,1
medium_013,Medium,DLX-OMP,8,4,0.000446280,1
medium_013,Medium,DLX-OMP,8,5,0.000421790,1
medium_013,Medium,DLX-OMP,16,1,0.001594418,1
medium_013,Medium,DLX-OMP,16,2,0.000429130,1
medium_013,Medium,DLX-OMP,16,3,0.000595292,1
medium_013,Medium,DLX-OMP,16,4,0.000433914,1
medium_013,Medium,DLX-OMP,16,5,0.000356405,1
medium_013,Medium,OpenMP,4,1,0.018295192,1
medium_013,Medium,OpenMP,4,2,0.017985700,1
medium_013,Medium,OpenMP,4,3,0.013929933,1
medium_013,Medium,OpenMP,4,4,0.018007960,1
medium_013,Medium,OpenMP,4,5,0.017995536,1
medium_013,Medium,OpenMP,8,1,0.018181406,1
medium_013,Medium,OpenMP,8,2,0.018047506,1
medium_013,Medium,OpenMP,8,3,0.018049293,1
medium_013,Medium,OpenMP,8,4,0.018068505,1
medium_013,Medium,OpenMP,8,5,0.016908836,1
medium_013,Medium,OpenMP,16,1,0.018459438,1
medium_013,Medium,OpenMP,16,2,0.018141010,1
medium_013,Medium,OpenMP,16,3,0.018165295,1
medium_013,Medium,OpenMP,16,4,0.018119089,1
medium_013,Medium,OpenMP,16,5,0.018119416,1
medium_014,Medium,Serial,1,1,0.045435758,1
medium_014,Medium,Serial,1,2,0.044958837,1
medium_014,Medium,Serial,1,3,0.045358058,1
medium_014,Medium,Serial,1,4,0.031411486,1
medium_014,Medium,Serial,1,5,0.025883846,1
medium_014,Medium,Serial-MRV,1,1,0.020132851,1
medium_014,Medium,Serial-MRV,1,2,0.020136122,1
medium_014,Medium,Serial-MRV,1,3,0.020116450,1
medium_014,Medium,Serial-MRV,1,4,0.020326616,1
medium_014,Medium,Serial-MRV,1,5,0.019817391,1
medium_014,Medium,DLX,1,1,0.000170234,1
medium_014,Medium,DLX,1,2,0.000166701,1
medium_014,Medium,DLX,1,3,0.000164575,1
medium_014,Medium,DLX,1,4,0.000165612,1
medium_014,Medium,DLX,1,5,0.000170768,1
medium_014,Medium,DLX-OMP,4,1,0.000369351,1
medium_014,Medium,DLX-OMP,4,2,0.000308009,1
medium_014,Medium,DLX-OMP,4,3,0.000432285,1
medium_014,Medium,DLX-OMP,4,4,0.000426608,1
medium_014,Medium,DLX-OMP,4,5,0.000425036,1
medium_014,Medium,DLX-OMP,8,1,0.000518430,1
medium_014,Medium,DLX-OMP,8,2,0.000591366,1
medium_014,Medium,DLX-OMP,8,3,0.000557901,1
medium_014,Medium,DLX-OMP,8,4,0.000313810,1
medium_014,Medium,DLX-OMP,8,5,0.000425129,1
medium_014,Medium,DLX-OMP,16,1,0.001280570,1
medium_014,Medium,DLX-OMP,16,2,0.000418713,1
medium_014,Medium,DLX-OMP,16,3,0.000594442,1
medium_014,Medium,DLX-OMP,16,4,0.000420220,1
medium_014,Medium,DLX-OMP,16,5,0.000613454,1
medium_014,Medium,OpenMP,4,1,0.013420319,1
medium_014,Medium,OpenMP,4,2,0.008052083,1
medium_014,Medium,OpenMP,4,3,0.008035662,1
medium_014,Medium,OpenMP,4,4,0.008024619,1
medium_014,Medium,OpenMP,4,5,0.013371774,1
medium_014,Medium,OpenMP,8,1,0.008115301,1
medium_014,Medium,OpenMP,8,2,0.013396241,1
medium_014,Medium,OpenMP,8,3,0.013334666,1
medium_014,Medium,OpenMP,8,4,0.007890954,1
medium_014,Medium,OpenMP,8,5,0.013754489,1
medium_014,Medium,OpenMP,16,1,0.013814523,1
medium_014,Medium,OpenMP,16,2,0.013703315,1
medium_014,Medium,OpenMP,16,3,0.013652044,1
medium_014,Medium,OpenMP,16,4,0.013538316,1
medium_014,Medium,OpenMP,16,5,0.013610447,1
medium_015,Medium,Serial,1,1,0.035259959,1
medium_015,Medium,Serial,1,2,0.048595828,1
medium_015,Medium,Serial,1,3,0.052799108,1
medium_015,Medium,Serial,1,4,0.044380104,1
medium_015,Medium,Serial,1,5,0.030105056,1
medium_015,Medium,Serial-MRV,1,1,0.012187615,1
medium_015,Medium,Serial-MRV,1,2,0.012161465,1
medium_015,Medium,Serial-MRV,1,3,0.012324664,1
medium_015,Medium,Serial-MRV,1,4,0.012339959,1
medium_015,Medium,Serial-MRV,1,5,0.012332308,1
medium_015,Medium,DLX,1,1,0.000169576,1
medium_015,Medium,DLX,1,2,0.000164887,1
medium_015,Medium,DLX,1,3,0.000164269,1
medium_015,Medium,DLX,1,4,0.000163306,1
medium_015,Medium,DLX,1,5,0.000162179,1
medium_015,Medium,DLX-OMP,4,1,0.000363091,1
medium_015,Medium,DLX-OMP,4,2,0.000305110,1
medium_015,Medium,DLX-OMP,4,3,0.000442417,1
medium_015,Medium,DLX-OMP,4,4,0.000412138,1
medium_015,Medium,DLX-OMP,4,5,0.000425614,1
medium_015,Medium,DLX-OMP,8,1,0.000491111,1
medium_015,Medium,DLX-OMP,8,2,0.000595966,1
medium_015,Medium,DLX-OMP,8,3,0.000294324,1
medium_015,Medium,DLX-OMP,8,4,0.000585225,1
medium_015,Medium,DLX-OMP,8,5,0.000426088,1
medium_015,Medium,DLX-OMP,16,1,0.001363180,1
medium_015,Medium,DLX-OMP,16,2,0.000621372,1
medium_015,Medium,DLX-OMP,16,3,0.000418219,1
medium_015,Medium,DLX-OMP,16,4,0.000586370,1
medium_015,Medium,DLX-OMP,16,5,0.000611307,1
medium_015,Medium,OpenMP,4,1,0.007355484,1
medium_015,Medium,OpenMP,4,2,0.007478135,1
medium_015,Medium,OpenMP,4,3,0.007111455,1
medium_015,Medium,OpenMP,4,4,0.007138076,1
medium_015,Medium,OpenMP,4,5,0.007138349,1
medium_015,Medium,OpenMP,8,1,0.007298292,1
medium_015,Medium,OpenMP,8,2,0.007184741,1
medium_015,Medium,OpenMP,8,3,0.007159509,1
medium_015,Medium,OpenMP,8,4,0.007129866,1
medium_015,Medium,OpenMP,8,5,0.004375101,1
medium_015,Medium,OpenMP,16,1,0.008090171,1
medium_015,Medium,OpenMP,16,2,0.007183376,1
medium_015,Medium,OpenMP,16,3,0.007393961,1
medium_015,Medium,OpenMP,16,4,0.007286221,1
medium_015,Medium,OpenMP,16,5,0.007225034,1
medium_016,Medium,Serial,1,1,0.012463233,1
medium_016,Medium,Serial,1,2,0.012373320,1
medium_016,Medium,Serial,1,3,0.014534877,1
medium_016,Medium,Serial,1,4,0.015469993,1
medium_016,Medium,Serial,1,5,0.015453015,1
medium_016,Medium,Serial-MRV,1,1,0.017175917,1
medium_016,Medium,Serial-MRV,1,2,0.017185150,1
medium_016,Medium,Serial-MRV,1,3,0.017178796,1
medium_016,Medium,Serial-MRV,1,4,0.017209346,1
medium_016,Medium,Serial-MRV,1,5,0.017290724,1
medium_016,Medium,DLX,1,1,0.000215485,1
medium_016,Medium,DLX,1,2,0.000204276,1
medium_016,Medium,DLX,1,3,0.000202544,1
medium_016,Medium,DLX,1,4,0.000201958,1
medium_016,Medium,DLX,1,5,0.000200695,1
medium_016,Medium,DLX-OMP,4,1,0.000405054,1
medium_016,Medium,DLX-OMP,4,2,0.000517843,1
medium_016,Medium,DLX-OMP,4,3,0.000535483,1
medium_016,Medium,DLX-OMP,4,4,0.000479957,1
medium_016,Medium,DLX-OMP,4,5,0.000487807,1
medium_016,Medium,DLX-OMP,8,1,0.000611889,1
medium_016,Medium,DLX-OMP,8,2,0.000494776,1
medium_016,Medium,DLX-OMP,8,3,0.000650043,1
medium_016,Medium,DLX-OMP,8,4,0.000333323,1
medium_016,Medium,DLX-OMP,8,5,0.000652453,1
medium_016,Medium,DLX-OMP,16,1,0.001374322,1
medium_016,Medium,DLX-OMP,16,2,0.000672141,1
medium_016,Medium,DLX-OMP,16,3,0.000669064,1
medium_016,Medium,DLX-OMP,16,4,0.000649643,1
medium_016,Medium,DLX-OMP,16,5,0.000365696,1
medium_016,Medium,OpenMP,4,1,0.024425150,1
medium_016,Medium,OpenMP,4,2,0.014217692,1
medium_016,Medium,OpenMP,4,3,0.024386800,1
medium_016,Medium,OpenMP,4,4,0.024459244,1
medium_016,Medium,OpenMP,4,5,0.024295984,1
medium_016,Medium,OpenMP,8,1,0.024842981,1
medium_016,Medium,OpenMP,8,2,0.024475228,1
medium_016,Medium,OpenMP,8,3,0.024431978,1
medium_016,Medium,OpenMP,8,4,0.024530028,1
medium_016,Medium,OpenMP,8,5,0.024467642,1
medium_016,Medium,OpenMP,16,1,0.025737424,1
medium_016,Medium,OpenMP,16,2,0.024645471,1
medium_016,Medium,OpenMP,16,3,0.024626175,1
medium_016,Medium,OpenMP,16,4,0.024575516,1
medium_016,Medium,OpenMP,16,5,0.024621506,1
medium_017,Medium,Serial,1,1,0.017094981,1
medium_017,Medium,Serial,1,2,0.016650588,1
medium_017,Medium,Serial,1,3,0.016640039,1
medium_017,Medium,Serial,1,4,0.016619242,1
medium_017,Medium,Serial,1,5,0.016642405,1
medium_017,Medium,Serial-MRV,1,1,0.019764066,1
medium_017,Medium,Serial-MRV,1,2,0.019739291,1
medium_017,Medium,Serial-MRV,1,3,0.014105996,1
medium_017,Medium,Serial-MRV,1,4,0.011419653,1
medium_017,Medium,Serial-MRV,1,5,0.011431296,1
medium_017,Medium,DLX,1,1,0.000175896,1
medium_017,Medium,DLX,1,2,0.000165183,1
medium_017,Medium,DLX,1,3,0.000164304,1
medium_017,Medium,DLX,1,4,0.000163062,1
medium_017,Medium,DLX,1,5,0.000162776,1
medium_017,Medium,DLX-OMP,4,1,0.000368591,1
medium_017,Medium,DLX-OMP,4,2,0.000300682,1
medium_017,Medium,DLX-OMP,4,3,0.000460718,1
medium_017,Medium,DLX-OMP,4,4,0.000429015,1
medium_017,Medium,DLX-OMP,4,5,0.000289524,1
medium_017,Medium,DLX-OMP,8,1,0.000524703,1
medium_017,Medium,DLX-OMP,8,2,0.000298096,1
medium_017,Medium,DLX-OMP,8,3,0.000587739,1
medium_017,Medium,DLX-OMP,8,4,0.000413440,1
medium_017,Medium,DLX-OMP,8,5,0.000430061,1
medium_017,Medium,DLX-OMP,16,1,0.001319753,1
medium_017,Medium,DLX-OMP,16,2,0.000597552,1
medium_017,Medium,DLX-OMP,16,3,0.000417938,1
medium_017,Medium,DLX-OMP,16,4,0.000297762,1
medium_017,Medium,DLX-OMP,16,5,0.000454090,1
medium_017,Medium,OpenMP,4,1,0.020072979,1
medium_017,Medium,OpenMP,4,2,0.019946525,1
medium_017,Medium,OpenMP,4,3,0.019970570,1
medium_017,Medium,OpenMP,4,4,0.019891183,1
medium_017,Medium,OpenMP,4,5,0.020350689,1
medium_017,Medium,OpenMP,8,1,0.020219208,1
medium_017,Medium,OpenMP,8,2,0.020022258,1
medium_017,Medium,OpenMP,8,3,0.020005388,1
medium_017,Medium,OpenMP,8,4,0.019965739,1
medium_017,Medium,OpenMP,8,5,0.020037072,1
medium_017,Medium,OpenMP,16,1,0.020842107,1
medium_017,Medium,OpenMP,16,2,0.020140083,1
medium_017,Medium,OpenMP,16,3,0.020137921,1
medium_017,Medium,OpenMP,16,4,0.020098589,1
medium_017,Medium,OpenMP,16,5,0.020118371,1
medium_018,Medium,Serial,1,1,0.044503548,1
medium_018,Medium,Serial,1,2,0.043965875,1
medium_018,Medium,Serial,1,3,0.044044316,1
medium_018,Medium,Serial,1,4,0.036455555,1
medium_018,Medium,Serial,1,5,0.025318279,1
medium_018,Medium,Serial-MRV,1,1,0.048339778,1
medium_018,Medium,Serial-MRV,1,2,0.048660716,1
medium_018,Medium,Serial-MRV,1,3,0.048282047,1
medium_018,Medium,Serial-MRV,1,4,0.048256497,1
medium_018,Medium,Serial-MRV,1,5,0.048604981,1
medium_018,Medium,DLX,1,1,0.000167507,1
medium_018,Medium,DLX,1,2,0.000164839,1
medium_018,Medium,DLX,1,3,0.000171112,1
medium_018,Medium,DLX,1,4,0.000162927,1
medium_018,Medium,DLX,1,5,0.000162401,1
medium_018,Medium,DLX-OMP,4,1,0.000373002,1
medium_018,Medium,DLX-OMP,4,2,0.000311798,1
medium_018,Medium,DLX-OMP,4,3,0.000290081,1
medium_018,Medium,DLX-OMP,4,4,0.000291014,1
medium_018,Medium,DLX-OMP,4,5,0.000298734,1
medium_018,Medium,DLX-OMP,8,1,0.000528137,1
medium_018,Medium,DLX-OMP,8,2,0.000434440,1
medium_018,Medium,DLX-OMP,8,3,0.000553074,1
medium_018,Medium,DLX-OMP,8,4,0.000313446,1
medium_018,Medium,DLX-OMP,8,5,0.000423489,1
medium_018,Medium,DLX-OMP,16,1,0.001546552,1
medium_018,Medium,DLX-OMP,16,2,0.000419743,1
medium_018,Medium,DLX-OMP,16,3,0.000606968,1
medium_018,Medium,DLX-OMP,16,4,0.000560835,1
medium_018,Medium,DLX-OMP,16,5,0.000298073,1
medium_018,Medium,OpenMP,4,1,0.044910124,1
medium_018,Medium,OpenMP,4,2,0.045051769,1
medium_018,Medium,OpenMP,4,3,0.044900259,1
medium_018,Medium,OpenMP,4,4,0.044913635,1
medium_018,Medium,OpenMP,4,5,0.045288608,1
medium_018,Medium,OpenMP,8,1,0.045045253,1
medium_018,Medium,OpenMP,8,2,0.044856516,1
medium_018,Medium,OpenMP,8,3,0.045256758,1
medium_018,Medium,OpenMP,8,4,0.044892975,1
medium_018,Medium,OpenMP,8,5,0.044845927,1
medium_018,Medium,OpenMP,16,1,0.045680870,1
medium_018,Medium,OpenMP,16,2,0.045042437,1
medium_018,Medium,OpenMP,16,3,0.044977208,1
medium_018,Medium,OpenMP,16,4,0.045314297,1
medium_018,Medium,OpenMP,16,5,0.045001160,1
medium_019,Medium,Serial,1,1,0.004052832,1
medium_019,Medium,Serial,1,2,0.003926162,1
medium_019,Medium,Serial,1,3,0.003933047,1
medium_019,Medium,Serial,1,4,0.003916378,1
medium_019,Medium,Serial,1,5,0.003911683,1
medium_019,Medium,Serial-MRV,1,1,0.095641995,1
medium_019,Medium,Serial-MRV,1,2,0.073817995,1
medium_019,Medium,Serial-MRV,1,3,0.054065203,1
medium_019,Medium,Serial-MRV,1,4,0.054353150,1
medium_019,Medium,Serial-MRV,1,5,0.054028412,1
medium_019,Medium,DLX,1,1,0.000191004,1
medium_019,Medium,DLX,1,2,0.000193805,1
medium_019,Medium,DLX,1,3,0.000185158,1
medium_019,Medium,DLX,1,4,0.000184903,1
medium_019,Medium,DLX,1,5,0.000184456,1
medium_019,Medium,DLX-OMP,4,1,0.000407570,1
medium_019,Medium,DLX-OMP,4,2,0.000325274,1
medium_019,Medium,DLX-OMP,4,3,0.000463125,1
medium_019,Medium,DLX-OMP,4,4,0.000458592,1
medium_019,Medium,DLX-OMP,4,5,0.000445773,1
medium_019,Medium,DLX-OMP,8,1,0.000547496,1
medium_019,Medium,DLX-OMP,8,2,0.000634923,1
medium_019,Medium,DLX-OMP,8,3,0.000315129,1
medium_019,Medium,DLX-OMP,8,4,0.000616646,1
medium_019,Medium,DLX-OMP,8,5,0.000450795,1
medium_019,Medium,DLX-OMP,16,1,0.001983096,1
medium_019,Medium,DLX-OMP,16,2,0.000677428,1
medium_019,Medium,DLX-OMP,16,3,0.000619881,1
medium_019,Medium,DLX-OMP,16,4,0.000643239,1
medium_019,Medium,DLX-OMP,16,5,0.000618409,1
medium_019,Medium,OpenMP,4,1,0.018512519,1
medium_019,Medium,OpenMP,4,2,0.018310826,1
medium_019,Medium,OpenMP,4,3,0.015077040,1
medium_019,Medium,OpenMP,4,4,0.018328397,1
medium_019,Medium,OpenMP,4,5,0.018300941,1
medium_019,Medium,OpenMP,8,1,0.010889328,1
medium_019,Medium,OpenMP,8,2,0.018464293,1
medium_019,Medium,OpenMP,8,3,0.018410066,1
medium_019,Medium,OpenMP,8,4,0.010803593,1
medium_019,Medium,OpenMP,8,5,0.018405387,1
medium_019,Medium,OpenMP,16,1,0.019156409,1
medium_019,Medium,OpenMP,16,2,0.018507709,1
medium_019,Medium,OpenMP,16,3,0.018616879,1
medium_019,Medium,OpenMP,16,4,0.018509328,1
medium_019,Medium,OpenMP,16,5,0.018550005,1
medium_020,Medium,Serial,1,1,0.007248408,1
medium_020,Medium,Serial,1,2,0.007107690,1
medium_020,Medium,Serial,1,3,0.007113586,1
medium_020,Medium,Serial,1,4,0.007087468,1
medium_020,Medium,Serial,1,5,0.007105240,1
medium_020,Medium,Serial-MRV,1,1,0.024529655,1
medium_020,Medium,Serial-MRV,1,2,0.024774179,1
medium_020,Medium,Serial-MRV,1,3,0.024749978,1
medium_020,Medium,Serial-MRV,1,4,0.024768650,1
medium_020,Medium,Serial-MRV,1,5,0.024594732,1
medium_020,Medium,DLX,1,1,0.000304424,1
medium_020,Medium,DLX,1,2,0.000292414,1
medium_020,Medium,DLX,1,3,0.000287908,1
medium_020,Medium,DLX,1,4,0.000298738,1
medium_020,Medium,DLX,1,5,0.000288500,1
medium_020,Medium,DLX-OMP,4,1,0.000647991,1
medium_020,Medium,DLX-OMP,4,2,0.000530692,1
medium_020,Medium,DLX-OMP,4,3,0.000517817,1
medium_020,Medium,DLX-OMP,4,4,0.000521498,1
medium_020,Medium,DLX-OMP,4,5,0.000514560,1
medium_020,Medium,DLX-OMP,8,1,0.000701143,1
medium_020,Medium,DLX-OMP,8,2,0.000597104,1
medium_020,Medium,DLX-OMP,8,3,0.000415092,1
medium_020,Medium,DLX-OMP,8,4,0.000435953,1
medium_020,Medium,DLX-OMP,8,5,0.000417924,1
medium_020,Medium,DLX-OMP,16,1,0.001697703,1
medium_020,Medium,DLX-OMP,16,2,0.000594299,1
medium_020,Medium,DLX-OMP,16,3,0.000345791,1
medium_020,Medium,DLX-OMP,16,4,0.000591164,1
medium_020,Medium,DLX-OMP,16,5,0.000469372,1
medium_020,Medium,OpenMP,4,1,0.014469218,1
medium_020,Medium,OpenMP,4,2,0.024547779,1
medium_020,Medium,OpenMP,4,3,0.024505836,1
medium_020,Medium,OpenMP,4,4,0.014232629,1
medium_020,Medium,OpenMP,4,5,0.024401312,1
medium_020,Medium,OpenMP,8,1,0.025024683,1
medium_020,Medium,OpenMP,8,2,0.024645174,1
medium_020,Medium,OpenMP,8,3,0.024624827,1
medium_020,Medium,OpenMP,8,4,0.024610654,1
medium_020,Medium,OpenMP,8,5,0.024598380,1
medium_020,Medium,OpenMP,16,1,0.025444606,1
medium_020,Medium,OpenMP,16,2,0.024745119,1
medium_020,Medium,OpenMP,16,3,0.024755638,1
medium_020,Medium,OpenMP,16,4,0.024686418,1
medium_020,Medium,OpenMP,16,5,0.024712962,1
medium_021,Medium,Serial,1,1,0.014231921,1
medium_021,Medium,Serial,1,2,0.014479180,1
medium_021,Medium,Serial,1,3,0.014105972,1
medium_021,Medium,Serial,1,4,0.014132600,1
medium_021,Medium,Serial,1,5,0.014103263,1
medium_021,Medium,Serial-MRV,1,1,0.020342944,1
medium_021,Medium,Serial-MRV,1,2,0.020304967,1
medium_021,Medium,Serial-MRV,1,3,0.020306896,1
medium_021,Medium,Serial-MRV,1,4,0.016552603,1
medium_021,Medium,Serial-MRV,1,5,0.011758604,1
medium_021,Medium,DLX,1,1,0.000201579,1
medium_021,Medium,DLX,1,2,0.000203372,1
medium_021,Medium,DLX,1,3,0.000193270,1
medium_021,Medium,DLX,1,4,0.000192697,1
medium_021,Medium,DLX,1,5,0.000191272,1
medium_021,Medium,DLX-OMP,4,1,0.000428446,1
medium_021,Medium,DLX-OMP,4,2,0.000342422,1
medium_021,Medium,DLX-OMP,4,3,0.000495650,1
medium_021,Medium,DLX-OMP,4,4,0.000470534,1
medium_021,Medium,DLX-OMP,4,5,0.000491016,1
medium_021,Medium,DLX-OMP,8,1,0.000580269,1
medium_021,Medium,DLX-OMP,8,2,0.000651027,1
medium_021,Medium,DLX-OMP,8,3,0.000325032,1
medium_021,Medium,DLX-OMP,8,4,0.000645823,1
medium_021,Medium,DLX-OMP,8,5,0.000469982,1
medium_021,Medium,DLX-OMP,16,1,0.001474720,1
medium_021,Medium,DLX-OMP,16,2,0.000625190,1
medium_021,Medium,DLX-OMP,16,3,0.000475003,1
medium_021,Medium,DLX-OMP,16,4,0.000667700,1
medium_021,Medium,DLX-OMP,16,5,0.000628991,1
medium_021,Medium,OpenMP,4,1,0.004587505,1
medium_021,Medium,OpenMP,4,2,0.004429668,1
medium_021,Medium,OpenMP,4,3,0.005396430,1
medium_021,Medium,OpenMP,4,4,0.005404490,1
medium_021,Medium,OpenMP,4,5,0.004433678,1
medium_021,Medium,OpenMP,8,1,0.004586181,1
medium_021,Medium,OpenMP,8,2,0.004655931,1
medium_021,Medium,OpenMP,8,3,0.004555926,1
medium_021,Medium,OpenMP,8,4,0.004522086,1
medium_021,Medium,OpenMP,8,5,0.004482223,1
medium_021,Medium,OpenMP,16,1,0.004973428,1
medium_021,Medium,OpenMP,16,2,0.004685796,1
medium_021,Medium,OpenMP,16,3,0.004571308,1
medium_021,Medium,OpenMP,16,4,0.004650270,1
medium_021,Medium,OpenMP,16,5,0.004578279,1
medium_022,Medium,Serial,1,1,0.053783862,1
medium_022,Medium,Serial,1,2,0.054367982,1
medium_022,Medium,Serial,1,3,0.054174135,1
medium_022,Medium,Serial,1,4,0.051769691,1
medium_022,Medium,Serial,1,5,0.051752137,1
medium_022,Medium,Serial-MRV,1,1,0.020564350,1
medium_022,Medium,Serial-MRV,1,2,0.020188279,1
medium_022,Medium,Serial-MRV,1,3,0.020479672,1
medium_022,Medium,Serial-MRV,1,4,0.020473599,1
medium_022,Medium,Serial-MRV,1,5,0.020469723,1
medium_022,Medium,DLX,1,1,0.000229522,1
medium_022,Medium,DLX,1,2,0.000220985,1
medium_022,Medium,DLX,1,3,0.000217720,1
medium_022,Medium,DLX,1,4,0.000224835,1
medium_022,Medium,DLX,1,5,0.000217868,1
medium_022,Medium,DLX-OMP,4,1,0.000408698,1
medium_022,Medium,DLX-OMP,4,2,0.000569850,1
medium_022,Medium,DLX-OMP,4,3,0.000522042,1
medium_022,Medium,DLX-OMP,4,4,0.000514112,1
medium_022,Medium,DLX-OMP,4,5,0.000506459,1
medium_022,Medium,DLX-OMP,8,1,0.000592434,1
medium_022,Medium,DLX-OMP,8,2,0.000347632,1
medium_022,Medium,DLX-OMP,8,3,0.000667622,1
medium_022,Medium,DLX-OMP,8,4,0.000681981,1
medium_022,Medium,DLX-OMP,8,5,0.000514797,1
medium_022,Medium,DLX-OMP,16,1,0.001505422,1
medium_022,Medium,DLX-OMP,16,2,0.000517998,1
medium_022,Medium,DLX-OMP,16,3,0.000550096,1
medium_022,Medium,DLX-OMP,16,4,0.000706499,1
medium_022,Medium,DLX-OMP,16,5,0.000673881,1
medium_022,Medium,OpenMP,4,1,0.036396416,1
medium_022,Medium,OpenMP,4,2,0.022853657,1
medium_022,Medium,OpenMP,4,3,0.035928601,1
medium_022,Medium,OpenMP,4,4,0.035909763,1
medium_022,Medium,OpenMP,4,5,0.036239630,1
medium_022,Medium,OpenMP,8,1,0.036102500,1
medium_022,Medium,OpenMP,8,2,0.035976676,1
medium_022,Medium,OpenMP,8,3,0.036331225,1
medium_022,Medium,OpenMP,8,4,0.036009657,1
medium_022,Medium,OpenMP,8,5,0.035994109,1
medium_022,Medium,OpenMP,16,1,0.036368170,1
medium_022,Medium,OpenMP,16,2,0.036466207,1
medium_022,Medium,OpenMP,16,3,0.036047377,1
medium_022,Medium,OpenMP,16,4,0.036124392,1
medium_022,Medium,OpenMP,16,5,0.036439513,1
medium_023,Medium,Serial,1,1,0.003449346,1
medium_023,Medium,Serial,1,2,0.003332712,1
medium_023,Medium,Serial,1,3,0.003329144,1
medium_023,Medium,Serial,1,4,0.003334554,1
medium_023,Medium,Serial,1,5,0.003321361,1
medium_023,Medium,Serial-MRV,1,1,0.058338081,1
medium_023,Medium,Serial-MRV,1,2,0.058719251,1
medium_023,Medium,Serial-MRV,1,3,0.058394003,1
medium_023,Medium,Serial-MRV,1,4,0.054663059,1
medium_023,Medium,Serial-MRV,1,5,0.032815261,1
medium_023,Medium,DLX,1,1,0.000179456,1
medium_023,Medium,DLX,1,2,0.000167469,1
medium_023,Medium,DLX,1,3,0.000165124,1
medium_023,Medium,DLX,1,4,0.000165324,1
medium_023,Medium,DLX,1,5,0.000165974,1
medium_023,Medium,DLX-OMP,4,1,0.000381506,1
medium_023,Medium,DLX-OMP,4,2,0.000441794,1
medium_023,Medium,DLX-OMP,4,3,0.000431325,1
medium_023,Medium,DLX-OMP,4,4,0.000292659,1
medium_023,Medium,DLX-OMP,4,5,0.000431383,1
medium_023,Medium,DLX-OMP,8,1,0.000514880,1
medium_023,Medium,DLX-OMP,8,2,0.000608882,1
medium_023,Medium,DLX-OMP,8,3,0.000546967,1
medium_023,Medium,DLX-OMP,8,4,0.000295476,1
medium_023,Medium,DLX-OMP,8,5,0.000590756,1
medium_023,Medium,DLX-OMP,16,1,0.000682491,1
medium_023,Medium,DLX-OMP,16,2,0.000424670,1
medium_023,Medium,DLX-OMP,16,3,0.000457133,1
medium_023,Medium,DLX-OMP,16,4,0.000421662,1
medium_023,Medium,DLX-OMP,16,5,0.000422598,1
medium_023,Medium,OpenMP,4,1,0.057932327,1
medium_023,Medium,OpenMP,4,2,0.058234984,1
medium_023,Medium,OpenMP,4,3,0.057967977,1
medium_023,Medium,OpenMP,4,4,0.058280389,1
medium_023,Medium,OpenMP,4,5,0.057922556,1
medium_023,Medium,OpenMP,8,1,0.058491682,1
medium_023,Medium,OpenMP,8,2,0.057898301,1
medium_023,Medium,OpenMP,8,3,0.058295646,1
medium_023,Medium,OpenMP,8,4,0.057959965,1
medium_023,Medium,OpenMP,8,5,0.058242632,1
medium_023,Medium,OpenMP,16,1,0.059306429,1
medium_023,Medium,OpenMP,16,2,0.058113002,1
medium_023,Medium,OpenMP,16,3,0.058366184,1
medium_023,Medium,OpenMP,16,4,0.058073526,1
medium_023,Medium,OpenMP,16,5,0.058439522,1
medium_024,Medium,Serial,1,1,0.008989334,1
medium_024,Medium,Serial,1,2,0.008889655,1
medium_024,Medium,Serial,1,3,0.008888801,1
medium_024,Medium,Serial,1,4,0.008878926,1
medium_024,Medium,Serial,1,5,0.008878596,1
medium_024,Medium,Serial-MRV,1,1,0.021909525,1
medium_024,Medium,Serial-MRV,1,2,0.022296097,1
medium_024,Medium,Serial-MRV,1,3,0.021926394,1
medium_024,Medium,Serial-MRV,1,4,0.021925169,1
medium_024,Medium,Serial-MRV,1,5,0.021939485,1
medium_024,Medium,DLX,1,1,0.000294400,1
medium_024,Medium,DLX,1,2,0.000285299,1
medium_024,Medium,DLX,1,3,0.000296109,1
medium_024,Medium,DLX,1,4,0.000283631,1
medium_024,Medium,DLX,1,5,0.000282923,1
medium_024,Medium,DLX-OMP,4,1,0.000614535,1
medium_024,Medium,DLX-OMP,4,2,0.000543908,1
medium_024,Medium,DLX-OMP,4,3,0.000515181,1
medium_024,Medium,DLX-OMP,4,4,0.000519122,1
medium_024,Medium,DLX-OMP,4,5,0.000498659,1
medium_024,Medium,DLX-OMP,8,1,0.000648007,1
medium_024,Medium,DLX-OMP,8,2,0.000687520,1
medium_024,Medium,DLX-OMP,8,3,0.000501121,1
medium_024,Medium,DLX-OMP,8,4,0.000682605,1
medium_024,Medium,DLX-OMP,8,5,0.000503668,1
medium_024,Medium,DLX-OMP,16,1,0.001717401,1
medium_024,Medium,DLX-OMP,16,2,0.000705237,1
medium_024,Medium,DLX-OMP,16,3,0.000516696,1
medium_024,Medium,DLX-OMP,16,4,0.000726114,1
medium_024,Medium,DLX-OMP,16,5,0.000543467,1
medium_024,Medium,OpenMP,4,1,0.022075676,1
medium_024,Medium,OpenMP,4,2,0.022307387,1
medium_024,Medium,OpenMP,4,3,0.021950191,1
medium_024,Medium,OpenMP,4,4,0.021917043,1
medium_024,Medium,OpenMP,4,5,0.021852038,1
medium_024,Medium,OpenMP,8,1,0.022076074,1
medium_024,Medium,OpenMP,8,2,0.022015196,1
medium_024,Medium,OpenMP,8,3,0.022399076,1
medium_024,Medium,OpenMP,8,4,0.021906871,1
medium_024,Medium,OpenMP,8,5,0.022002655,1
medium_024,Medium,OpenMP,16,1,0.023181973,1
medium_024,Medium,OpenMP,16,2,0.022003850,1
medium_024,Medium,OpenMP,16,3,0.022434961,1
medium_024,Medium,OpenMP,16,4,0.022088998,1
medium_024,Medium,OpenMP,16,5,0.022046569,1
medium_025,Medium,Serial,1,1,0.002877966,1
medium_025,Medium,Serial,1,2,0.002768887,1
medium_025,Medium,Serial,1,3,0.002788433,1
medium_025,Medium,Serial,1,4,0.002768828,1
medium_025,Medium,Serial,1,5,0.002769989,1
medium_025,Medium,Serial-MRV,1,1,0.045158842,1
medium_025,Medium,Serial-MRV,1,2,0.045513667,1
medium_025,Medium,Serial-MRV,1,3,0.045148810,1
medium_025,Medium,Serial-MRV,1,4,0.045154640,1
medium_025,Medium,Serial-MRV,1,5,0.030030085,1
medium_025,Medium,DLX,1,1,0.000168950,1
medium_025,Medium,DLX,1,2,0.000164071,1
medium_025,Medium,DLX,1,3,0.000171495,1
medium_025,Medium,DLX,1,4,0.000163192,1
medium_025,Medium,DLX,1,5,0.000162206,1
medium_025,Medium,DLX-OMP,4,1,0.000362344,1
medium_025,Medium,DLX-OMP,4,2,0.000461746,1
medium_025,Medium,DLX-OMP,4,3,0.000436589,1
medium_025,Medium,DLX-OMP,4,4,0.000304767,1
medium_025,Medium,DLX-OMP,4,5,0.000423508,1
medium_025,Medium,DLX-OMP,8,1,0.000690085,1
medium_025,Medium,DLX-OMP,8,2,0.000419829,1
medium_025,Medium,DLX-OMP,8,3,0.000431591,1
medium_025,Medium,DLX-OMP,8,4,0.000291862,1
medium_025,Medium,DLX-OMP,8,5,0.000415532,1
medium_025,Medium,DLX-OMP,16,1,0.001541669,1
medium_025,Medium,DLX-OMP,16,2,0.000476683,1
medium_025,Medium,DLX-OMP,16,3,0.000600182,1
medium_025,Medium,DLX-OMP,16,4,0.000596046,1
medium_025,Medium,DLX-OMP,16,5,0.000439799,1
medium_025,Medium,OpenMP,4,1,0.012756407,1
medium_025,Medium,OpenMP,4,2,0.012672793,1
medium_025,Medium,OpenMP,4,3,0.012579673,1
medium_025,Medium,OpenMP,4,4,0.007488557,1
medium_025,Medium,OpenMP,4,5,0.012636250,1
medium_025,Medium,OpenMP,8,1,0.012765127,1
medium_025,Medium,OpenMP,8,2,0.007537151,1
medium_025,Medium,OpenMP,8,3,0.012636528,1
medium_025,Medium,OpenMP,8,4,0.013087605,1
medium_025,Medium,OpenMP,8,5,0.012708624,1
medium_025,Medium,OpenMP,16,1,0.008503918,1
medium_025,Medium,OpenMP,16,2,0.012774648,1
medium_025,Medium,OpenMP,16,3,0.012886922,1
medium_025,Medium,OpenMP,16,4,0.012821784,1
medium_025,Medium,OpenMP,16,5,0.012816760,1
medium_026,Medium,Serial,1,1,0.003557929,1
medium_026,Medium,Serial,1,2,0.003483924,1
medium_026,Medium,Serial,1,3,0.003484256,1
medium_026,Medium,Serial,1,4,0.003496790,1
medium_026,Medium,Serial,1,5,0.003485301,1
medium_026,Medium,Serial-MRV,1,1,0.017988215,1
medium_026,Medium,Serial-MRV,1,2,0.026517500,1
medium_026,Medium,Serial-MRV,1,3,0.031358575,1
medium_026,Medium,Serial-MRV,1,4,0.031069327,1
medium_026,Medium,Serial-MRV,1,5,0.031076436,1
medium_026,Medium,DLX,1,1,0.000298103,1
medium_026,Medium,DLX,1,2,0.000296863,1
medium_026,Medium,DLX,1,3,0.000286621,1
medium_026,Medium,DLX,1,4,0.000284222,1
medium_026,Medium,DLX,1,5,0.000292287,1
medium_026,Medium,DLX-OMP,4,1,0.000616227,1
medium_026,Medium,DLX-OMP,4,2,0.000552334,1
medium_026,Medium,DLX-OMP,4,3,0.000526751,1
medium_026,Medium,DLX-OMP,4,4,0.000504385,1
medium_026,Medium,DLX-OMP,4,5,0.000516112,1
medium_026,Medium,DLX-OMP,8,1,0.000791083,1
medium_026,Medium,DLX-OMP,8,2,0.000691364,1
medium_026,Medium,DLX-OMP,8,3,0.000674254,1
medium_026,Medium,DLX-OMP,8,4,0.000510940,1
medium_026,Medium,DLX-OMP,8,5,0.000688611,1
medium_026,Medium,DLX-OMP,16,1,0.001675556,1
medium_026,Medium,DLX-OMP,16,2,0.000764809,1
medium_026,Medium,DLX-OMP,16,3,0.000515187,1
medium_026,Medium,DLX-OMP,16,4,0.000558340,1
medium_026,Medium,DLX-OMP,16,5,0.000875822,1
medium_026,Medium,OpenMP,4,1,0.013033770,1
medium_026,Medium,OpenMP,4,2,0.012891424,1
medium_026,Medium,OpenMP,4,3,0.012872573,1
medium_026,Medium,OpenMP,4,4,0.007526568,1
medium_026,Medium,OpenMP,4,5,0.007477876,1
medium_026,Medium,OpenMP,8,1,0.013077148,1
medium_026,Medium,OpenMP,8,2,0.012959412,1
medium_026,Medium,OpenMP,8,3,0.012932076,1
medium_026,Medium,OpenMP,8,4,0.012999365,1
medium_026,Medium,OpenMP,8,5,0.012907897,1
medium_026,Medium,OpenMP,16,1,0.013752314,1
medium_026,Medium,OpenMP,16,2,0.013197381,1
medium_026,Medium,OpenMP,16,3,0.013194831,1
medium_026,Medium,OpenMP,16,4,0.013126359,1
medium_026,Medium,OpenMP,16,5,0.013293359,1
medium_027,Medium,Serial,1,1,0.007913549,1
medium_027,Medium,Serial,1,2,0.007785578,1
medium_027,Medium,Serial,1,3,0.007810090,1
medium_027,Medium,Serial,1,4,0.007806219,1
medium_027,Medium,Serial,1,5,0.007807073,1
medium_027,Medium,Serial-MRV,1,1,0.022508989,1
medium_027,Medium,Serial-MRV,1,2,0.022889485,1
medium_027,Medium,Serial-MRV,1,3,0.022554749,1
medium_027,Medium,Serial-MRV,1,4,0.022525175,1
medium_027,Medium,Serial-MRV,1,5,0.022500974,1
medium_027,Medium,DLX,1,1,0.000294554,1
medium_027,Medium,DLX,1,2,0.000298354,1
medium_027,Medium,DLX,1,3,0.000287275,1
medium_027,Medium,DLX,1,4,0.000284625,1
medium_027,Medium,DLX,1,5,0.000292701,1
medium_027,Medium,DLX-OMP,4,1,0.000630805,1
medium_027,Medium,DLX-OMP,4,2,0.000543383,1
medium_027,Medium,DLX-OMP,4,3,0.000515755,1
medium_027,Medium,DLX-OMP,4,4,0.000501041,1
medium_027,Medium,DLX-OMP,4,5,0.000508717,1
medium_027,Medium,DLX-OMP,8,1,0.000634635,1
medium_027,Medium,DLX-OMP,8,2,0.000538018,1
medium_027,Medium,DLX-OMP,8,3,0.000506975,1
medium_027,Medium,DLX-OMP,8,4,0.000548355,1
medium_027,Medium,DLX-OMP,8,5,0.000683555,1
medium_027,Medium,DLX-OMP,16,1,0.001949629,1
medium_027,Medium,DLX-OMP,16,2,0.000539979,1
medium_027,Medium,DLX-OMP,16,3,0.000551826,1
medium_027,Medium,DLX-OMP,16,4,0.000651102,1
medium_027,Medium,DLX-OMP,16,5,0.000521082,1
medium_027,Medium,OpenMP,4,1,0.007058636,1
medium_027,Medium,OpenMP,4,2,0.008379330,1
medium_027,Medium,OpenMP,4,3,0.008271668,1
medium_027,Medium,OpenMP,4,4,0.008348272,1
medium_027,Medium,OpenMP,4,5,0.005370412,1
medium_027,Medium,OpenMP,8,1,0.007019765,1
medium_027,Medium,OpenMP,8,2,0.006954125,1
medium_027,Medium,OpenMP,8,3,0.006867695,1
medium_027,Medium,OpenMP,8,4,0.006932690,1
medium_027,Medium,OpenMP,8,5,0.004169995,1
medium_027,Medium,OpenMP,16,1,0.007152807,1
medium_027,Medium,OpenMP,16,2,0.007067269,1
medium_027,Medium,OpenMP,16,3,0.007043842,1
medium_027,Medium,OpenMP,16,4,0.007128497,1
medium_027,Medium,OpenMP,16,5,0.007067753,1
medium_028,Medium,Serial,1,1,0.010434784,1
medium_028,Medium,Serial,1,2,0.010373406,1
medium_028,Medium,Serial,1,3,0.010374837,1
medium_028,Medium,Serial,1,4,0.010368912,1
medium_028,Medium,Serial,1,5,0.013401087,1
medium_028,Medium,Serial-MRV,1,1,0.018376316,1
medium_028,Medium,Serial-MRV,1,2,0.018389096,1
medium_028,Medium,Serial-MRV,1,3,0.018392765,1
medium_028,Medium,Serial-MRV,1,4,0.018385389,1
medium_028,Medium,Serial-MRV,1,5,0.018391429,1
medium_028,Medium,DLX,1,1,0.000226539,1
medium_028,Medium,DLX,1,2,0.000219365,1
medium_028,Medium,DLX,1,3,0.000218452,1
medium_028,Medium,DLX,1,4,0.000226449,1
medium_028,Medium,DLX,1,5,0.000216860,1
medium_028,Medium,DLX-OMP,4,1,0.000468543,1
medium_028,Medium,DLX-OMP,4,2,0.000493402,1
medium_028,Medium,DLX-OMP,4,3,0.000456849,1
medium_028,Medium,DLX-OMP,4,4,0.000475523,1
medium_028,Medium,DLX-OMP,4,5,0.000462103,1
medium_028,Medium,DLX-OMP,8,1,0.000708049,1
medium_028,Medium,DLX-OMP,8,2,0.000628826,1
medium_028,Medium,DLX-OMP,8,3,0.000459290,1
medium_028,Medium,DLX-OMP,8,4,0.000405330,1
medium_028,Medium,DLX-OMP,8,5,0.000455453,1
medium_028,Medium,DLX-OMP,16,1,0.002107056,1
medium_028,Medium,DLX-OMP,16,2,0.000650734,1
medium_028,Medium,DLX-OMP,16,3,0.000671595,1
medium_028,Medium,DLX-OMP,16,4,0.000594290,1
medium_028,Medium,DLX-OMP,16,5,0.000490954,1
medium_028,Medium,OpenMP,4,1,0.025302348,1
medium_028,Medium,OpenMP,4,2,0.014432525,1
medium_028,Medium,OpenMP,4,3,0.014547675,1
medium_028,Medium,OpenMP,4,4,0.014571764,1
medium_028,Medium,OpenMP,4,5,0.024801689,1
medium_028,Medium,OpenMP,8,1,0.024897830,1
medium_028,Medium,OpenMP,8,2,0.025296241,1
medium_028,Medium,OpenMP,8,3,0.024912438,1
medium_028,Medium,OpenMP,8,4,0.024925364,1
medium_028,Medium,OpenMP,8,5,0.024907549,1
medium_028,Medium,OpenMP,16,1,0.025363179,1
medium_028,Medium,OpenMP,16,2,0.025435542,1
medium_028,Medium,OpenMP,16,3,0.024973833,1
medium_028,Medium,OpenMP,16,4,0.024980277,1
medium_028,Medium,OpenMP,16,5,0.025021294,1
medium_029,Medium,Serial,1,1,0.036313391,1
medium_029,Medium,Serial,1,2,0.036565305,1
medium_029,Medium,Serial,1,3,0.036224071,1
medium_029,Medium,Serial,1,4,0.036196206,1
medium_029,Medium,Serial,1,5,0.029551204,1
medium_029,Medium,Serial-MRV,1,1,0.025503600,1
medium_029,Medium,Serial-MRV,1,2,0.025466011,1
medium_029,Medium,Serial-MRV,1,3,0.025518110,1
medium_029,Medium,Serial-MRV,1,4,0.025819240,1
medium_029,Medium,Serial-MRV,1,5,0.026151648,1
medium_029,Medium,DLX,1,1,0.000238838,1
medium_029,Medium,DLX,1,2,0.000224604,1
medium_029,Medium,DLX,1,3,0.000222166,1
medium_029,Medium,DLX,1,4,0.000222863,1
medium_029,Medium,DLX,1,5,0.000227800,1
medium_029,Medium,DLX-OMP,4,1,0.000424413,1
medium_029,Medium,DLX-OMP,4,2,0.000568307,1
medium_029,Medium,DLX-OMP,4,3,0.000533470,1
medium_029,Medium,DLX-OMP,4,4,0.000523270,1
medium_029,Medium,DLX-OMP,4,5,0.000348661,1
medium_029,Medium,DLX-OMP,8,1,0.000663003,1
medium_029,Medium,DLX-OMP,8,2,0.000520013,1
medium_029,Medium,DLX-OMP,8,3,0.000369124,1
medium_029,Medium,DLX-OMP,8,4,0.000520553,1
medium_029,Medium,DLX-OMP,8,5,0.000680461,1
medium_029,Medium,DLX-OMP,16,1,0.001882318,1
medium_029,Medium,DLX-OMP,16,2,0.000577597,1
medium_029,Medium,DLX-OMP,16,3,0.000683081,1
medium_029,Medium,DLX-OMP,16,4,0.000706140,1
medium_029,Medium,DLX-OMP,16,5,0.000515810,1
medium_029,Medium,OpenMP,4,1,0.005650423,1
medium_029,Medium,OpenMP,4,2,0.009237328,1
medium_029,Medium,OpenMP,4,3,0.009359524,1
medium_029,Medium,OpenMP,4,4,0.009215740,1
medium_029,Medium,OpenMP,4,5,0.009241297,1
medium_029,Medium,OpenMP,8,1,0.009455099,1
medium_029,Medium,OpenMP,8,2,0.009264459,1
medium_029,Medium,OpenMP,8,3,0.009283717,1
medium_029,Medium,OpenMP,8,4,0.009357892,1
medium_029,Medium,OpenMP,8,5,0.009336538,1
medium_029,Medium,OpenMP,16,1,0.009661751,1
medium_029,Medium,OpenMP,16,2,0.009802054,1
medium_029,Medium,OpenMP,16,3,0.009509051,1
medium_029,Medium,OpenMP,16,4,0.009507088,1
medium_029,Medium,OpenMP,16,5,0.009463275,1
medium_030,Medium,Serial,1,1,0.019780906,1
medium_030,Medium,Serial,1,2,0.019670848,1
medium_030,Medium,Serial,1,3,0.019670845,1
medium_030,Medium,Serial,1,4,0.019672638,1
medium_030,Medium,Serial,1,5,0.022209970,1
medium_030,Medium,Serial-MRV,1,1,0.016741228,1
medium_030,Medium,Serial-MRV,1,2,0.016787165,1
medium_030,Medium,Serial-MRV,1,3,0.016771222,1
medium_030,Medium,Serial-MRV,1,4,0.016747777,1
medium_030,Medium,Serial-MRV,1,5,0.016764964,1
medium_030,Medium,DLX,1,1,0.000236360,1
medium_030,Medium,DLX,1,2,0.000231511,1
medium_030,Medium,DLX,1,3,0.000230751,1
medium_030,Medium,DLX,1,4,0.000239514,1
medium_030,Medium,DLX,1,5,0.000229307,1
medium_030,Medium,DLX-OMP,4,1,0.000501204,1
medium_030,Medium,DLX-OMP,4,2,0.000430247,1
medium_030,Medium,DLX-OMP,4,3,0.000476352,1
medium_030,Medium,DLX-OMP,4,4,0.000476571,1
medium_030,Medium,DLX-OMP,4,5,0.000463959,1
medium_030,Medium,DLX-OMP,8,1,0.000719029,1
medium_030,Medium,DLX-OMP,8,2,0.000489673,1
medium_030,Medium,DLX-OMP,8,3,0.000411058,1
medium_030,Medium,DLX-OMP,8,4,0.000618438,1
medium_030,Medium,DLX-OMP,8,5,0.000602615,1
medium_030,Medium,DLX-OMP,16,1,0.001170039,1
medium_030,Medium,DLX-OMP,16,2,0.000417628,1
medium_030,Medium,DLX-OMP,16,3,0.000663688,1
medium_030,Medium,DLX-OMP,16,4,0.000628555,1
medium_030,Medium,DLX-OMP,16,5,0.000506050,1
medium_030,Medium,OpenMP,4,1,0.017417302,1
medium_030,Medium,OpenMP,4,2,0.020918330,1
medium_030,Medium,OpenMP,4,3,0.020953809,1
medium_030,Medium,OpenMP,4,4,0.020974866,1
medium_030,Medium,OpenMP,4,5,0.020964571,1
medium_030,Medium,OpenMP,8,1,0.021107343,1
medium_030,Medium,OpenMP,8,2,0.021397244,1
medium_030,Medium,OpenMP,8,3,0.021021567,1
medium_030,Medium,OpenMP,8,4,0.021017192,1
medium_030,Medium,OpenMP,8,5,0.021001998,1
medium_030,Medium,OpenMP,16,1,0.021667882,1
medium_030,Medium,OpenMP,16,2,0.021085033,1
medium_030,Medium,OpenMP,16,3,0.021465692,1
medium_030,Medium,OpenMP,16,4,0.021218961,1
medium_030,Medium,OpenMP,16,5,0.021097581,1
medium_031,Medium,Serial,1,1,0.065046226,1
medium_031,Medium,Serial,1,2,0.065251620,1
medium_031,Medium,Serial,1,3,0.064877875,1
medium_031,Medium,Serial,1,4,0.040689872,1
medium_031,Medium,Serial,1,5,0.036997356,1
medium_031,Medium,Serial-MRV,1,1,0.020732458,1
medium_031,Medium,Serial-MRV,1,2,0.020700466,1
medium_031,Medium,Serial-MRV,1,3,0.021037354,1
medium_031,Medium,Serial-MRV,1,4,0.020692634,1
medium_031,Medium,Serial-MRV,1,5,0.020711851,1
medium_031,Medium,DLX,1,1,0.000171134,1
medium_031,Medium,DLX,1,2,0.000166491,1
medium_031,Medium,DLX,1,3,0.000165967,1
medium_031,Medium,DLX,1,4,0.000171232,1
medium_031,Medium,DLX,1,5,0.000165073,1
medium_031,Medium,DLX-OMP,4,1,0.000359735,1
medium_031,Medium,DLX-OMP,4,2,0.000303676,1
medium_031,Medium,DLX-OMP,4,3,0.000447757,1
medium_031,Medium,DLX-OMP,4,4,0.000294004,1
medium_031,Medium,DLX-OMP,4,5,0.000435079,1
medium_031,Medium,DLX-OMP,8,1,0.000522990,1
medium_031,Medium,DLX-OMP,8,2,0.000434810,1
medium_031,Medium,DLX-OMP,8,3,0.000562571,1
medium_031,Medium,DLX-OMP,8,4,0.000437157,1
medium_031,Medium,DLX-OMP,8,5,0.000418460,1
medium_031,Medium,DLX-OMP,16,1,0.001401647,1
medium_031,Medium,DLX-OMP,16,2,0.000580969,1
medium_031,Medium,DLX-OMP,16,3,0.000448371,1
medium_031,Medium,DLX-OMP,16,4,0.000566114,1
medium_031,Medium,DLX-OMP,16,5,0.000325097,1
medium_031,Medium,OpenMP,4,1,0.016806329,1
medium_031,Medium,OpenMP,4,2,0.009743391,1
medium_031,Medium,OpenMP,4,3,0.009732132,1
medium_031,Medium,OpenMP,4,4,0.016561419,1
medium_031,Medium,OpenMP,4,5,0.009748034,1
medium_031,Medium,OpenMP,8,1,0.017004231,1
medium_031,Medium,OpenMP,8,2,0.016706063,1
medium_031,Medium,OpenMP,8,3,0.016724935,1
medium_031,Medium,OpenMP,8,4,0.016727639,1
medium_031,Medium,OpenMP,8,5,0.016703407,1
medium_031,Medium,OpenMP,16,1,0.017032371,1
medium_031,Medium,OpenMP,16,2,0.016731854,1
medium_031,Medium,OpenMP,16,3,0.017092561,1
medium_031,Medium,OpenMP,16,4,0.016860347,1
medium_031,Medium,OpenMP,16,5,0.016964457,1
medium_032,Medium,Serial,1,1,0.002322956,1
medium_032,Medium,Serial,1,2,0.002242354,1
medium_032,Medium,Serial,1,3,0.002212636,1
medium_032,Medium,Serial,1,4,0.002211001,1
medium_032,Medium,Serial,1,5,0.002207173,1
medium_032,Medium,Serial-MRV,1,1,0.031033082,1
medium_032,Medium,Serial-MRV,1,2,0.031036923,1
medium_032,Medium,Serial-MRV,1,3,0.031394773,1
medium_032,Medium,Serial-MRV,1,4,0.031043031,1
medium_032,Medium,Serial-MRV,1,5,0.031055475,1
medium_032,Medium,DLX,1,1,0.000341674,1
medium_032,Medium,DLX,1,2,0.000331699,1
medium_032,Medium,DLX,1,3,0.000338508,1
medium_032,Medium,DLX,1,4,0.000329647,1
medium_032,Medium,DLX,1,5,0.000327270,1
medium_032,Medium,DLX-OMP,4,1,0.000677575,1
medium_032,Medium,DLX-OMP,4,2,0.000572317,1
medium_032,Medium,DLX-OMP,4,3,0.000566764,1
medium_032,Medium,DLX-OMP,4,4,0.000574032,1
medium_032,Medium,DLX-OMP,4,5,0.000552524,1
medium_032,Medium,DLX-OMP,8,1,0.000683278,1
medium_032,Medium,DLX-OMP,8,2,0.000716069,1
medium_032,Medium,DLX-OMP,8,3,0.000570358,1
medium_032,Medium,DLX-OMP,8,4,0.000694151,1
medium_032,Medium,DLX-OMP,8,5,0.000582052,1
medium_032,Medium,DLX-OMP,16,1,0.001798211,1
medium_032,Medium,DLX-OMP,16,2,0.000564358,1
medium_032,Medium,DLX-OMP,16,3,0.000745667,1
medium_032,Medium,DLX-OMP,16,4,0.000583716,1
medium_032,Medium,DLX-OMP,16,5,0.000710800,1
medium_032,Medium,OpenMP,4,1,0.004982765,1
medium_032,Medium,OpenMP,4,2,0.004329307,1
medium_032,Medium,OpenMP,4,3,0.004315027,1
medium_032,Medium,OpenMP,4,4,0.004282503,1
medium_032,Medium,OpenMP,4,5,0.004894604,1
medium_032,Medium,OpenMP,8,1,0.004457679,1
medium_032,Medium,OpenMP,8,2,0.004688760,1
medium_032,Medium,OpenMP,8,3,0.004165284,1
medium_032,Medium,OpenMP,8,4,0.002707705,1
medium_032,Medium,OpenMP,8,5,0.002677123,1
medium_032,Medium,OpenMP,16,1,0.004725730,1
medium_032,Medium,OpenMP,16,2,0.004423420,1
medium_032,Medium,OpenMP,16,3,0.004447527,1
medium_032,Medium,OpenMP,16,4,0.004390371,1
medium_032,Medium,OpenMP,16,5,0.002763145,1
medium_033,Medium,Serial,1,1,0.181239166,1
medium_033,Medium,Serial,1,2,0.181324507,1
medium_033,Medium,Serial,1,3,0.181011890,1
medium_033,Medium,Serial,1,4,0.181355491,1
medium_033,Medium,Serial,1,5,0.143409032,1
medium_033,Medium,Serial-MRV,1,1,0.030701421,1
medium_033,Medium,Serial-MRV,1,2,0.030698617,1
medium_033,Medium,Serial-MRV,1,3,0.030688289,1
medium_033,Medium,Serial-MRV,1,4,0.031126947,1
medium_033,Medium,Serial-MRV,1,5,0.030688384,1
medium_033,Medium,DLX,1,1,0.000118200,1
medium_033,Medium,DLX,1,2,0.000114352,1
medium_033,Medium,DLX,1,3,0.000114017,1
medium_033,Medium,DLX,1,4,0.000113967,1
medium_033,Medium,DLX,1,5,0.000113433,1
medium_033,Medium,DLX-OMP,4,1,0.000324176,1
medium_033,Medium,DLX-OMP,4,2,0.000427632,1
medium_033,Medium,DLX-OMP,4,3,0.000204424,1
medium_033,Medium,DLX-OMP,4,4,0.000407828,1
medium_033,Medium,DLX-OMP,4,5,0.000258871,1
medium_033,Medium,DLX-OMP,8,1,0.000684468,1
medium_033,Medium,DLX-OMP,8,2,0.000264484,1
medium_033,Medium,DLX-OMP,8,3,0.000227904,1
medium_033,Medium,DLX-OMP,8,4,0.000570601,1
medium_033,Medium,DLX-OMP,8,5,0.000383246,1
medium_033,Medium,DLX-OMP,16,1,0.001732317,1
medium_033,Medium,DLX-OMP,16,2,0.000570647,1
medium_033,Medium,DLX-OMP,16,3,0.000415304,1
medium_033,Medium,DLX-OMP,16,4,0.000406030,1
medium_033,Medium,DLX-OMP,16,5,0.000588025,1
medium_033,Medium,OpenMP,4,1,0.039192148,1
medium_033,Medium,OpenMP,4,2,0.039342282,1
medium_033,Medium,OpenMP,4,3,0.039277290,1
medium_033,Medium,OpenMP,4,4,0.038988290,1
medium_033,Medium,OpenMP,4,5,0.039331980,1
medium_033,Medium,OpenMP,8,1,0.039400991,1
medium_033,Medium,OpenMP,8,2,0.039135326,1
medium_033,Medium,OpenMP,8,3,0.039571893,1
medium_033,Medium,OpenMP,8,4,0.039280194,1
medium_033,Medium,OpenMP,8,5,0.039264739,1
medium_033,Medium,OpenMP,16,1,0.039668357,1
medium_033,Medium,OpenMP,16,2,0.039945230,1
medium_033,Medium,OpenMP,16,3,0.039429579,1
medium_033,Medium,OpenMP,16,4,0.039335210,1
medium_033,Medium,OpenMP,16,5,0.039697584,1
medium_034,Medium,Serial,1,1,0.031853229,1
medium_034,Medium,Serial,1,2,0.031749146,1
medium_034,Medium,Serial,1,3,0.031736311,1
medium_034,Medium,Serial,1,4,0.032424955,1
medium_034,Medium,Serial,1,5,0.032070026,1
medium_034,Medium,Serial-MRV,1,1,0.035329969,1
medium_034,Medium,Serial-MRV,1,2,0.031276253,1
medium_034,Medium,Serial-MRV,1,3,0.020083002,1
medium_034,Medium,Serial-MRV,1,4,0.019886272,1
medium_034,Medium,Serial-MRV,1,5,0.019880467,1
medium_034,Medium,DLX,1,1,0.000170297,1
medium_034,Medium,DLX,1,2,0.000171850,1
medium_034,Medium,DLX,1,3,0.000162785,1
medium_034,Medium,DLX,1,4,0.000163349,1
medium_034,Medium,DLX,1,5,0.000162215,1
medium_034,Medium,DLX-OMP,4,1,0.000371129,1
medium_034,Medium,DLX-OMP,4,2,0.000309487,1
medium_034,Medium,DLX-OMP,4,3,0.000427263,1
medium_034,Medium,DLX-OMP,4,4,0.000425115,1
medium_034,Medium,DLX-OMP,4,5,0.000413231,1
medium_034,Medium,DLX-OMP,8,1,0.000541977,1
medium_034,Medium,DLX-OMP,8,2,0.000412283,1
medium_034,Medium,DLX-OMP,8,3,0.000442281,1
medium_034,Medium,DLX-OMP,8,4,0.000561429,1
medium_034,Medium,DLX-OMP,8,5,0.000431236,1
medium_034,Medium,DLX-OMP,16,1,0.001878116,1
medium_034,Medium,DLX-OMP,16,2,0.000585201,1
medium_034,Medium,DLX-OMP,16,3,0.000455060,1
medium_034,Medium,DLX-OMP,16,4,0.000425300,1
medium_034,Medium,DLX-OMP,16,5,0.000464421,1
medium_034,Medium,OpenMP,4,1,0.011848396,1
medium_034,Medium,OpenMP,4,2,0.011861285,1
medium_034,Medium,OpenMP,4,3,0.011776875,1
medium_034,Medium,OpenMP,4,4,0.006906628,1
medium_034,Medium,OpenMP,4,5,0.012099386,1
medium_034,Medium,OpenMP,8,1,0.012051253,1
medium_034,Medium,OpenMP,8,2,0.011829477,1
medium_034,Medium,OpenMP,8,3,0.007005455,1
medium_034,Medium,OpenMP,8,4,0.007001724,1
medium_034,Medium,OpenMP,8,5,0.011828067,1
medium_034,Medium,OpenMP,16,1,0.012247916,1
medium_034,Medium,OpenMP,16,2,0.012007238,1
medium_034,Medium,OpenMP,16,3,0.011952480,1
medium_034,Medium,OpenMP,16,4,0.011878192,1
medium_034,Medium,OpenMP,16,5,0.011931262,1
medium_035,Medium,Serial,1,1,0.000866708,1
medium_035,Medium,Serial,1,2,0.000866023,1
medium_035,Medium,Serial,1,3,0.000863966,1
medium_035,Medium,Serial,1,4,0.000863829,1
medium_035,Medium,Serial,1,5,0.000836527,1
medium_035,Medium,Serial-MRV,1,1,0.016750495,1
medium_035,Medium,Serial-MRV,1,2,0.020482649,1
medium_035,Medium,Serial-MRV,1,3,0.020468763,1
medium_035,Medium,Serial-MRV,1,4,0.020512446,1
medium_035,Medium,Serial-MRV,1,5,0.020269810,1
medium_035,Medium,DLX,1,1,0.000305269,1
medium_035,Medium,DLX,1,2,0.000289834,1
medium_035,Medium,DLX,1,3,0.000286283,1
medium_035,Medium,DLX,1,4,0.000295678,1
medium_035,Medium,DLX,1,5,0.000285326,1
medium_035,Medium,DLX-OMP,4,1,0.000640018,1
medium_035,Medium,DLX-OMP,4,2,0.000519262,1
medium_035,Medium,DLX-OMP,4,3,0.000528793,1
medium_035,Medium,DLX-OMP,4,4,0.000504322,1
medium_035,Medium,DLX-OMP,4,5,0.000530315,1
medium_035,Medium,DLX-OMP,8,1,0.000671444,1
medium_035,Medium,DLX-OMP,8,2,0.000664917,1
medium_035,Medium,DLX-OMP,8,3,0.000532885,1
medium_035,Medium,DLX-OMP,8,4,0.000511633,1
medium_035,Medium,DLX-OMP,8,5,0.000694711,1
medium_035,Medium,DLX-OMP,16,1,0.001866690,1
medium_035,Medium,DLX-OMP,16,2,0.000554804,1
medium_035,Medium,DLX-OMP,16,3,0.000674144,1
medium_035,Medium,DLX-OMP,16,4,0.000703115,1
medium_035,Medium,DLX-OMP,16,5,0.000538692,1
medium_035,Medium,OpenMP,4,1,0.020928032,1
medium_035,Medium,OpenMP,4,2,0.020397153,1
medium_035,Medium,OpenMP,4,3,0.020491489,1
medium_035,Medium,OpenMP,4,4,0.020461981,1
medium_035,Medium,OpenMP,4,5,0.020432263,1
medium_035,Medium,OpenMP,8,1,0.020633480,1
medium_035,Medium,OpenMP,8,2,0.020502138,1
medium_035,Medium,OpenMP,8,3,0.020899510,1
medium_035,Medium,OpenMP,8,4,0.020536971,1
medium_035,Medium,OpenMP,8,5,0.020511803,1
medium_035,Medium,OpenMP,16,1,0.021235410,1
medium_035,Medium,OpenMP,16,2,0.020563528,1
medium_035,Medium,OpenMP,16,3,0.020624966,1
medium_035,Medium,OpenMP,16,4,0.020946938,1
medium_035,Medium,OpenMP,16,5,0.020623247,1
medium_036,Medium,Serial,1,1,0.385241201,1
medium_036,Medium,Serial,1,2,0.296238831,1
medium_036,Medium,Serial,1,3,0.293829261,1
medium_036,Medium,Serial,1,4,0.249425876,1
medium_036,Medium,Serial,1,5,0.204827659,1
medium_036,Medium,Serial-MRV,1,1,0.008872556,1
medium_036,Medium,Serial-MRV,1,2,0.008887044,1
medium_036,Medium,Serial-MRV,1,3,0.008890443,1
medium_036,Medium,Serial-MRV,1,4,0.009263406,1
medium_036,Medium,Serial-MRV,1,5,0.008756159,1
medium_036,Medium,DLX,1,1,0.000119319,1
medium_036,Medium,DLX,1,2,0.000115345,1
medium_036,Medium,DLX,1,3,0.000114667,1
medium_036,Medium,DLX,1,4,0.000113993,1
medium_036,Medium,DLX,1,5,0.000113868,1
medium_036,Medium,DLX-OMP,4,1,0.000320641,1
medium_036,Medium,DLX-OMP,4,2,0.000329198,1
medium_036,Medium,DLX-OMP,4,3,0.000433281,1
medium_036,Medium,DLX-OMP,4,4,0.000406542,1
medium_036,Medium,DLX-OMP,4,5,0.000426151,1
medium_036,Medium,DLX-OMP,8,1,0.000529127,1
medium_036,Medium,DLX-OMP,8,2,0.000425787,1
medium_036,Medium,DLX-OMP,8,3,0.000569579,1
medium_036,Medium,DLX-OMP,8,4,0.000549159,1
medium_036,Medium,DLX-OMP,8,5,0.000564994,1
medium_036,Medium,DLX-OMP,16,1,0.001151172,1
medium_036,Medium,DLX-OMP,16,2,0.000603821,1
medium_036,Medium,DLX-OMP,16,3,0.000408213,1
medium_036,Medium,DLX-OMP,16,4,0.000604486,1
medium_036,Medium,DLX-OMP,16,5,0.000578237,1
medium_036,Medium,OpenMP,4,1,0.005051768,1
medium_036,Medium,OpenMP,4,2,0.009864482,1
medium_036,Medium,OpenMP,4,3,0.009763385,1
medium_036,Medium,OpenMP,4,4,0.009872095,1
medium_036,Medium,OpenMP,4,5,0.009886240,1
medium_036,Medium,OpenMP,8,1,0.010042720,1
medium_036,Medium,OpenMP,8,2,0.009954642,1
medium_036,Medium,OpenMP,8,3,0.009922476,1
medium_036,Medium,OpenMP,8,4,0.010058970,1
medium_036,Medium,OpenMP,8,5,0.010026547,1
medium_036,Medium,OpenMP,16,1,0.010722403,1
medium_036,Medium,OpenMP,16,2,0.010221723,1
medium_036,Medium,OpenMP,16,3,0.009997362,1
medium_036,Medium,OpenMP,16,4,0.010240717,1
medium_036,Medium,OpenMP,16,5,0.010233125,1
medium_037,Medium,Serial,1,1,0.043590138,1
medium_037,Medium,Serial,1,2,0.045271540,1
medium_037,Medium,Serial,1,3,0.051794752,1
medium_037,Medium,Serial,1,4,0.051751943,1
medium_037,Medium,Serial,1,5,0.033650577,1
medium_037,Medium,Serial-MRV,1,1,0.010581213,1
medium_037,Medium,Serial-MRV,1,2,0.010592893,1
medium_037,Medium,Serial-MRV,1,3,0.010587259,1
medium_037,Medium,Serial-MRV,1,4,0.010438831,1
medium_037,Medium,Serial-MRV,1,5,0.010444986,1
medium_037,Medium,DLX,1,1,0.000128660,1
medium_037,Medium,DLX,1,2,0.000124398,1
medium_037,Medium,DLX,1,3,0.000122580,1
medium_037,Medium,DLX,1,4,0.000122020,1
medium_037,Medium,DLX,1,5,0.000122642,1
medium_037,Medium,DLX-OMP,4,1,0.000360656,1
medium_037,Medium,DLX-OMP,4,2,0.000459699,1
medium_037,Medium,DLX-OMP,4,3,0.000275156,1
medium_037,Medium,DLX-OMP,4,4,0.000464336,1
medium_037,Medium,DLX-OMP,4,5,0.000398358,1
medium_037,Medium,DLX-OMP,8,1,0.000524221,1
medium_037,Medium,DLX-OMP,8,2,0.000418875,1
medium_037,Medium,DLX-OMP,8,3,0.000593145,1
medium_037,Medium,DLX-OMP,8,4,0.000403413,1
medium_037,Medium,DLX-OMP,8,5,0.000577453,1
medium_037,Medium,DLX-OMP,16,1,0.001192175,1
medium_037,Medium,DLX-OMP,16,2,0.000629276,1
medium_037,Medium,DLX-OMP,16,3,0.000425685,1
medium_037,Medium,DLX-OMP,16,4,0.000469586,1
medium_037,Medium,DLX-OMP,16,5,0.000576305,1
medium_037,Medium,OpenMP,4,1,0.012274664,1
medium_037,Medium,OpenMP,4,2,0.011130640,1
medium_037,Medium,OpenMP,4,3,0.010958024,1
medium_037,Medium,OpenMP,4,4,0.026698867,1
medium_037,Medium,OpenMP,4,5,0.026386453,1
medium_037,Medium,OpenMP,8,1,0.026545109,1
medium_037,Medium,OpenMP,8,2,0.011214904,1
medium_037,Medium,OpenMP,8,3,0.026306978,1
medium_037,Medium,OpenMP,8,4,0.026810074,1
medium_037,Medium,OpenMP,8,5,0.026469458,1
medium_037,Medium,OpenMP,16,1,0.027600196,1
medium_037,Medium,OpenMP,16,2,0.026597773,1
medium_037,Medium,OpenMP,16,3,0.026561441,1
medium_037,Medium,OpenMP,16,4,0.026956343,1
medium_037,Medium,OpenMP,16,5,0.026588335,1
medium_038,Medium,Serial,1,1,0.002681824,1
medium_038,Medium,Serial,1,2,0.002613271,1
medium_038,Medium,Serial,1,3,0.002604431,1
medium_038,Medium,Serial,1,4,0.002588109,1
medium_038,Medium,Serial,1,5,0.002583360,1
medium_038,Medium,Serial-MRV,1,1,0.072556574,1
medium_038,Medium,Serial-MRV,1,2,0.072186247,1
medium_038,Medium,Serial-MRV,1,3,0.060402066,1
medium_038,Medium,Serial-MRV,1,4,0.041169011,1
medium_038,Medium,Serial-MRV,1,5,0.041154247,1
medium_038,Medium,DLX,1,1,0.000183703,1
medium_038,Medium,DLX,1,2,0.000181752,1
medium_038,Medium,DLX,1,3,0.000185281,1
medium_038,Medium,DLX,1,4,0.000178283,1
medium_038,Medium,DLX,1,5,0.000178027,1
medium_038,Medium,DLX-OMP,4,1,0.000371257,1
medium_038,Medium,DLX-OMP,4,2,0.000328242,1
medium_038,Medium,DLX-OMP,4,3,0.000477015,1
medium_038,Medium,DLX-OMP,4,4,0.000465378,1
medium_038,Medium,DLX-OMP,4,5,0.000445495,1
medium_038,Medium,DLX-OMP,8,1,0.000557678,1
medium_038,Medium,DLX-OMP,8,2,0.000310341,1
medium_038,Medium,DLX-OMP,8,3,0.000469891,1
medium_038,Medium,DLX-OMP,8,4,0.000577738,1
medium_038,Medium,DLX-OMP,8,5,0.000456825,1
medium_038,Medium,DLX-OMP,16,1,0.001236745,1
medium_038,Medium,DLX-OMP,16,2,0.000641512,1
medium_038,Medium,DLX-OMP,16,3,0.000444093,1
medium_038,Medium,DLX-OMP,16,4,0.000623948,1
medium_038,Medium,DLX-OMP,16,5,0.000443907,1
medium_038,Medium,OpenMP,4,1,0.010791722,1
medium_038,Medium,OpenMP,4,2,0.009852930,1
medium_038,Medium,OpenMP,4,3,0.009492264,1
medium_038,Medium,OpenMP,4,4,0.006373648,1
medium_038,Medium,OpenMP,4,5,0.010701837,1
medium_038,Medium,OpenMP,8,1,0.009576220,1
medium_038,Medium,OpenMP,8,2,0.009630901,1
medium_038,Medium,OpenMP,8,3,0.009564059,1
medium_038,Medium,OpenMP,8,4,0.009570702,1
medium_038,Medium,OpenMP,8,5,0.009611383,1
medium_038,Medium,OpenMP,16,1,0.009885361,1
medium_038,Medium,OpenMP,16,2,0.009677350,1
medium_038,Medium,OpenMP,16,3,0.009782492,1
medium_038,Medium,OpenMP,16,4,0.009783829,1
medium_038,Medium,OpenMP,16,5,0.010109782,1
medium_039,Medium,Serial,1,1,0.006685084,1
medium_039,Medium,Serial,1,2,0.006573593,1
medium_039,Medium,Serial,1,3,0.006561524,1
medium_039,Medium,Serial,1,4,0.006573153,1
medium_039,Medium,Serial,1,5,0.006572589,1
medium_039,Medium,Serial-MRV,1,1,0.029550824,1
medium_039,Medium,Serial-MRV,1,2,0.029563411,1
medium_039,Medium,Serial-MRV,1,3,0.029544206,1
medium_039,Medium,Serial-MRV,1,4,0.022951911,1
medium_039,Medium,Serial-MRV,1,5,0.022490605,1
medium_039,Medium,DLX,1,1,0.000205494,1
medium_039,Medium,DLX,1,2,0.000192745,1
medium_039,Medium,DLX,1,3,0.000190889,1
medium_039,Medium,DLX,1,4,0.000190046,1
medium_039,Medium,DLX,1,5,0.000189628,1
medium_039,Medium,DLX-OMP,4,1,0.000392096,1
medium_039,Medium,DLX-OMP,4,2,0.000489909,1
medium_039,Medium,DLX-OMP,4,3,0.000481536,1
medium_039,Medium,DLX-OMP,4,4,0.000458363,1
medium_039,Medium,DLX-OMP,4,5,0.000468373,1
medium_039,Medium,DLX-OMP,8,1,0.000735896,1
medium_039,Medium,DLX-OMP,8,2,0.000608980,1
medium_039,Medium,DLX-OMP,8,3,0.000636159,1
medium_039,Medium,DLX-OMP,8,4,0.000466489,1
medium_039,Medium,DLX-OMP,8,5,0.000340714,1
medium_039,Medium,DLX-OMP,16,1,0.000745157,1
medium_039,Medium,DLX-OMP,16,2,0.000621796,1
medium_039,Medium,DLX-OMP,16,3,0.000514262,1
medium_039,Medium,DLX-OMP,16,4,0.000469536,1
medium_039,Medium,DLX-OMP,16,5,0.000501354,1
medium_039,Medium,OpenMP,4,1,0.010481351,1
medium_039,Medium,OpenMP,4,2,0.010454487,1
medium_039,Medium,OpenMP,4,3,0.010470754,1
medium_039,Medium,OpenMP,4,4,0.010449452,1
medium_039,Medium,OpenMP,4,5,0.010473550,1
medium_039,Medium,OpenMP,8,1,0.010587507,1
medium_039,Medium,OpenMP,8,2,0.010877224,1
medium_039,Medium,OpenMP,8,3,0.010534555,1
medium_039,Medium,OpenMP,8,4,0.010449640,1
medium_039,Medium,OpenMP,8,5,0.010418519,1
medium_039,Medium,OpenMP,16,1,0.011542532,1
medium_039,Medium,OpenMP,16,2,0.010614048,1
medium_039,Medium,OpenMP,16,3,0.010510108,1
medium_039,Medium,OpenMP,16,4,0.010655085,1
medium_039,Medium,OpenMP,16,5,0.010545426,1
medium_040,Medium,Serial,1,1,0.156386020,1
medium_040,Medium,Serial,1,2,0.098963413,1
medium_040,Medium,Serial,1,3,0.096751442,1
medium_040,Medium,Serial,1,4,0.096747044,1
medium_040,Medium,Serial,1,5,0.096732185,1
medium_040,Medium,Serial-MRV,1,1,0.010958534,1
medium_040,Medium,Serial-MRV,1,2,0.011113199,1
medium_040,Medium,Serial-MRV,1,3,0.011113264,1
medium_040,Medium,Serial-MRV,1,4,0.011111293,1
medium_040,Medium,Serial-MRV,1,5,0.011120991,1
medium_040,Medium,DLX,1,1,0.000172769,1
medium_040,Medium,DLX,1,2,0.000167412,1
medium_040,Medium,DLX,1,3,0.000166826,1
medium_040,Medium,DLX,1,4,0.000165513,1
medium_040,Medium,DLX,1,5,0.000171169,1
medium_040,Medium,DLX-OMP,4,1,0.000361791,1
medium_040,Medium,DLX-OMP,4,2,0.000444802,1
medium_040,Medium,DLX-OMP,4,3,0.000450013,1
medium_040,Medium,DLX-OMP,4,4,0.000418319,1
medium_040,Medium,DLX-OMP,4,5,0.000302374,1
medium_040,Medium,DLX-OMP,8,1,0.000524092,1
medium_040,Medium,DLX-OMP,8,2,0.000587479,1
medium_040,Medium,DLX-OMP,8,3,0.000429509,1
medium_040,Medium,DLX-OMP,8,4,0.000582364,1
medium_040,Medium,DLX-OMP,8,5,0.000417217,1
medium_040,Medium,DLX-OMP,16,1,0.000780844,1
medium_040,Medium,DLX-OMP,16,2,0.000605991,1
medium_040,Medium,DLX-OMP,16,3,0.000420901,1
medium_040,Medium,DLX-OMP,16,4,0.000450479,1
medium_040,Medium,DLX-OMP,16,5,0.000565748,1
medium_040,Medium,OpenMP,4,1,0.019842906,1
medium_040,Medium,OpenMP,4,2,0.019474696,1
medium_040,Medium,OpenMP,4,3,0.019817468,1
medium_040,Medium,OpenMP,4,4,0.019475727,1
medium_040,Medium,OpenMP,4,5,0.019479128,1
medium_040,Medium,OpenMP,8,1,0.019574407,1
medium_040,Medium,OpenMP,8,2,0.015719893,1
medium_040,Medium,OpenMP,8,3,0.019530137,1
medium_040,Medium,OpenMP,8,4,0.019512886,1
medium_040,Medium,OpenMP,8,5,0.019872866,1
medium_040,Medium,OpenMP,16,1,0.021566673,1
medium_040,Medium,OpenMP,16,2,0.019581125,1
medium_040,Medium,OpenMP,16,3,0.019624855,1
medium_040,Medium,OpenMP,16,4,0.019616189,1
medium_040,Medium,OpenMP,16,5,0.019561175,1
medium_041,Medium,Serial,1,1,0.071103815,1
medium_041,Medium,Serial,1,2,0.067184589,1
medium_041,Medium,Serial,1,3,0.040218445,1
medium_041,Medium,Serial,1,4,0.040210027,1
medium_041,Medium,Serial,1,5,0.040518650,1
medium_041,Medium,Serial-MRV,1,1,0.011901364,1
medium_041,Medium,Serial-MRV,1,2,0.011912046,1
medium_041,Medium,Serial-MRV,1,3,0.011911385,1
medium_041,Medium,Serial-MRV,1,4,0.011910523,1
medium_041,Medium,Serial-MRV,1,5,0.011905538,1
medium_041,Medium,DLX,1,1,0.000223267,1
medium_041,Medium,DLX,1,2,0.000211148,1
medium_041,Medium,DLX,1,3,0.000208568,1
medium_041,Medium,DLX,1,4,0.000207948,1
medium_041,Medium,DLX,1,5,0.000208383,1
medium_041,Medium,DLX-OMP,4,1,0.000409351,1
medium_041,Medium,DLX-OMP,4,2,0.000521836,1
medium_041,Medium,DLX-OMP,4,3,0.000360761,1
medium_041,Medium,DLX-OMP,4,4,0.000340176,1
medium_041,Medium,DLX-OMP,4,5,0.000333279,1
medium_041,Medium,DLX-OMP,8,1,0.000732573,1
medium_041,Medium,DLX-OMP,8,2,0.000530883,1
medium_041,Medium,DLX-OMP,8,3,0.000634205,1
medium_041,Medium,DLX-OMP,8,4,0.000512113,1
medium_041,Medium,DLX-OMP,8,5,0.000517282,1
medium_041,Medium,DLX-OMP,16,1,0.000938790,1
medium_041,Medium,DLX-OMP,16,2,0.000653802,1
medium_041,Medium,DLX-OMP,16,3,0.000534674,1
medium_041,Medium,DLX-OMP,16,4,0.000643832,1
medium_041,Medium,DLX-OMP,16,5,0.000532096,1
medium_041,Medium,OpenMP,4,1,0.004161828,1
medium_041,Medium,OpenMP,4,2,0.006823431,1
medium_041,Medium,OpenMP,4,3,0.006872632,1
medium_041,Medium,OpenMP,4,4,0.004158546,1
medium_041,Medium,OpenMP,4,5,0.006844459,1
medium_041,Medium,OpenMP,8,1,0.006981626,1
medium_041,Medium,OpenMP,8,2,0.006751142,1
medium_041,Medium,OpenMP,8,3,0.004121478,1
medium_041,Medium,OpenMP,8,4,0.004088576,1
medium_041,Medium,OpenMP,8,5,0.007343101,1
medium_041,Medium,OpenMP,16,1,0.007870790,1
medium_041,Medium,OpenMP,16,2,0.006941947,1
medium_041,Medium,OpenMP,16,3,0.007010031,1
medium_041,Medium,OpenMP,16,4,0.007001844,1
medium_041,Medium,OpenMP,16,5,0.006946928,1
medium_042,Medium,Serial,1,1,0.003292959,1
medium_042,Medium,Serial,1,2,0.003233620,1
medium_042,Medium,Serial,1,3,0.003230283,1
medium_042,Medium,Serial,1,4,0.003233335,1
medium_042,Medium,Serial,1,5,0.003248635,1
medium_042,Medium,Serial-MRV,1,1,0.016839537,1
medium_042,Medium,Serial-MRV,1,2,0.016840507,1
medium_042,Medium,Serial-MRV,1,3,0.016835823,1
medium_042,Medium,Serial-MRV,1,4,0.016843223,1
medium_042,Medium,Serial-MRV,1,5,0.019078000,1
medium_042,Medium,DLX,1,1,0.000246565,1
medium_042,Medium,DLX,1,2,0.000232091,1
medium_042,Medium,DLX,1,3,0.000229084,1
medium_042,Medium,DLX,1,4,0.000229196,1
medium_042,Medium,DLX,1,5,0.000236620,1
medium_042,Medium,DLX-OMP,4,1,0.000485959,1
medium_042,Medium,DLX-OMP,4,2,0.000415518,1
medium_042,Medium,DLX-OMP,4,3,0.000509321,1
medium_042,Medium,DLX-OMP,4,4,0.000506344,1
medium_042,Medium,DLX-OMP,4,5,0.000481180,1
medium_042,Medium,DLX-OMP,8,1,0.000598182,1
medium_042,Medium,DLX-OMP,8,2,0.000482956,1
medium_042,Medium,DLX-OMP,8,3,0.000511272,1
medium_042,Medium,DLX-OMP,8,4,0.000655232,1
medium_042,Medium,DLX-OMP,8,5,0.000479851,1
medium_042,Medium,DLX-OMP,16,1,0.001619597,1
medium_042,Medium,DLX-OMP,16,2,0.000483327,1
medium_042,Medium,DLX-OMP,16,3,0.000516516,1
medium_042,Medium,DLX-OMP,16,4,0.000630060,1
medium_042,Medium,DLX-OMP,16,5,0.000682321,1
medium_042,Medium,OpenMP,4,1,0.019157908,1
medium_042,Medium,OpenMP,4,2,0.019241356,1
medium_042,Medium,OpenMP,4,3,0.019221235,1
medium_042,Medium,OpenMP,4,4,0.019225536,1
medium_042,Medium,OpenMP,4,5,0.019555449,1
medium_042,Medium,OpenMP,8,1,0.026802276,1
medium_042,Medium,OpenMP,8,2,0.026811429,1
medium_042,Medium,OpenMP,8,3,0.026863576,1
medium_042,Medium,OpenMP,8,4,0.026815074,1
medium_042,Medium,OpenMP,8,5,0.015508664,1
medium_042,Medium,OpenMP,16,1,0.027392450,1
medium_042,Medium,OpenMP,16,2,0.026967413,1
medium_042,Medium,OpenMP,16,3,0.026967383,1
medium_042,Medium,OpenMP,16,4,0.026864718,1
medium_042,Medium,OpenMP,16,5,0.027248063,1
medium_043,Medium,Serial,1,1,0.040922881,1
medium_043,Medium,Serial,1,2,0.040799710,1
medium_043,Medium,Serial,1,3,0.041168545,1
medium_043,Medium,Serial,1,4,0.040839819,1
medium_043,Medium,Serial,1,5,0.040855814,1
medium_043,Medium,Serial-MRV,1,1,0.041703365,1
medium_043,Medium,Serial-MRV,1,2,0.026011009,1
medium_043,Medium,Serial-MRV,1,3,0.026162177,1
medium_043,Medium,Serial-MRV,1,4,0.026164900,1
medium_043,Medium,Serial-MRV,1,5,0.026127782,1
medium_043,Medium,DLX,1,1,0.000176601,1
medium_043,Medium,DLX,1,2,0.000165657,1
medium_043,Medium,DLX,1,3,0.000164929,1
medium_043,Medium,DLX,1,4,0.000164644,1
medium_043,Medium,DLX,1,5,0.000163652,1
medium_043,Medium,DLX-OMP,4,1,0.000365330,1
medium_043,Medium,DLX-OMP,4,2,0.000439869,1
medium_043,Medium,DLX-OMP,4,3,0.000296880,1
medium_043,Medium,DLX-OMP,4,4,0.000412974,1
medium_043,Medium,DLX-OMP,4,5,0.000409860,1
medium_043,Medium,DLX-OMP,8,1,0.000506466,1
medium_043,Medium,DLX-OMP,8,2,0.000293781,1
medium_043,Medium,DLX-OMP,8,3,0.000310793,1
medium_043,Medium,DLX-OMP,8,4,0.000414537,1
medium_043,Medium,DLX-OMP,8,5,0.000414209,1
medium_043,Medium,DLX-OMP,16,1,0.001398374,1
medium_043,Medium,DLX-OMP,16,2,0.000561991,1
medium_043,Medium,DLX-OMP,16,3,0.000334289,1
medium_043,Medium,DLX-OMP,16,4,0.000297898,1
medium_043,Medium,DLX-OMP,16,5,0.000451826,1
medium_043,Medium,OpenMP,4,1,0.013752789,1
medium_043,Medium,OpenMP,4,2,0.006463218,1
medium_043,Medium,OpenMP,4,3,0.006439422,1
medium_043,Medium,OpenMP,4,4,0.006465277,1
medium_043,Medium,OpenMP,4,5,0.006460618,1
medium_043,Medium,OpenMP,8,1,0.006661740,1
medium_043,Medium,OpenMP,8,2,0.006609213,1
medium_043,Medium,OpenMP,8,3,0.004023443,1
medium_043,Medium,OpenMP,8,4,0.004132957,1
medium_043,Medium,OpenMP,8,5,0.003982545,1
medium_043,Medium,OpenMP,16,1,0.007521290,1
medium_043,Medium,OpenMP,16,2,0.006778563,1
medium_043,Medium,OpenMP,16,3,0.006683150,1
medium_043,Medium,OpenMP,16,4,0.006800661,1
medium_043,Medium,OpenMP,16,5,0.006623126,1
medium_044,Medium,Serial,1,1,0.002082692,1
medium_044,Medium,Serial,1,2,0.002064643,1
medium_044,Medium,Serial,1,3,0.002006826,1
medium_044,Medium,Serial,1,4,0.002006566,1
medium_044,Medium,Serial,1,5,0.002006687,1
medium_044,Medium,Serial-MRV,1,1,0.023252818,1
medium_044,Medium,Serial-MRV,1,2,0.023958480,1
medium_044,Medium,Serial-MRV,1,3,0.023935353,1
medium_044,Medium,Serial-MRV,1,4,0.024280071,1
medium_044,Medium,Serial-MRV,1,5,0.024270039,1
medium_044,Medium,DLX,1,1,0.000184786,1
medium_044,Medium,DLX,1,2,0.000173566,1
medium_044,Medium,DLX,1,3,0.000172828,1
medium_044,Medium,DLX,1,4,0.000171800,1
medium_044,Medium,DLX,1,5,0.000172344,1
medium_044,Medium,DLX-OMP,4,1,0.000383551,1
medium_044,Medium,DLX-OMP,4,2,0.000447436,1
medium_044,Medium,DLX-OMP,4,3,0.000473931,1
medium_044,Medium,DLX-OMP,4,4,0.000422771,1
medium_044,Medium,DLX-OMP,4,5,0.000317957,1
medium_044,Medium,DLX-OMP,8,1,0.000541815,1
medium_044,Medium,DLX-OMP,8,2,0.000435150,1
medium_044,Medium,DLX-OMP,8,3,0.000306640,1
medium_044,Medium,DLX-OMP,8,4,0.000432159,1
medium_044,Medium,DLX-OMP,8,5,0.000327440,1
medium_044,Medium,DLX-OMP,16,1,0.000697229,1
medium_044,Medium,DLX-OMP,16,2,0.000615532,1
medium_044,Medium,DLX-OMP,16,3,0.000632262,1
medium_044,Medium,DLX-OMP,16,4,0.000578638,1
medium_044,Medium,DLX-OMP,16,5,0.000605797,1
medium_044,Medium,OpenMP,4,1,0.015842942,1
medium_044,Medium,OpenMP,4,2,0.016146294,1
medium_044,Medium,OpenMP,4,3,0.015838772,1
medium_044,Medium,OpenMP,4,4,0.009685224,1
medium_044,Medium,OpenMP,4,5,0.015927876,1
medium_044,Medium,OpenMP,8,1,0.015931906,1
medium_044,Medium,OpenMP,8,2,0.015874496,1
medium_044,Medium,OpenMP,8,3,0.015906830,1
medium_044,Medium,OpenMP,8,4,0.015914615,1
medium_044,Medium,OpenMP,8,5,0.016286238,1
medium_044,Medium,OpenMP,16,1,0.017077120,1
medium_044,Medium,OpenMP,16,2,0.016032451,1
medium_044,Medium,OpenMP,16,3,0.016078582,1
medium_044,Medium,OpenMP,16,4,0.016097987,1
medium_044,Medium,OpenMP,16,5,0.016022690,1
medium_045,Medium,Serial,1,1,0.025552738,1
medium_045,Medium,Serial,1,2,0.025804141,1
medium_045,Medium,Serial,1,3,0.025409115,1
medium_045,Medium,Serial,1,4,0.025423004,1
medium_045,Medium,Serial,1,5,0.025410860,1
medium_045,Medium,Serial-MRV,1,1,0.024141473,1
medium_045,Medium,Serial-MRV,1,2,0.016714692,1
medium_045,Medium,Serial-MRV,1,3,0.013764274,1
medium_045,Medium,Serial-MRV,1,4,0.013955808,1
medium_045,Medium,Serial-MRV,1,5,0.013979929,1
medium_045,Medium,DLX,1,1,0.000175912,1
medium_045,Medium,DLX,1,2,0.000171354,1
medium_045,Medium,DLX,1,3,0.000169846,1
medium_045,Medium,DLX,1,4,0.000167480,1
medium_045,Medium,DLX,1,5,0.000174475,1
medium_045,Medium,DLX-OMP,4,1,0.000370026,1
medium_045,Medium,DLX-OMP,4,2,0.000471882,1
medium_045,Medium,DLX-OMP,4,3,0.000439420,1
medium_045,Medium,DLX-OMP,4,4,0.000416725,1
medium_045,Medium,DLX-OMP,4,5,0.000447129,1
medium_045,Medium,DLX-OMP,8,1,0.000523812,1
medium_045,Medium,DLX-OMP,8,2,0.000457675,1
medium_045,Medium,DLX-OMP,8,3,0.000575811,1
medium_045,Medium,DLX-OMP,8,4,0.000579730,1
medium_045,Medium,DLX-OMP,8,5,0.000591483,1
medium_045,Medium,DLX-OMP,16,1,0.001279367,1
medium_045,Medium,DLX-OMP,16,2,0.000629658,1
medium_045,Medium,DLX-OMP,16,3,0.000435461,1
medium_045,Medium,DLX-OMP,16,4,0.000469090,1
medium_045,Medium,DLX-OMP,16,5,0.000619415,1
medium_045,Medium,OpenMP,4,1,0.007622376,1
medium_045,Medium,OpenMP,4,2,0.012738244,1
medium_045,Medium,OpenMP,4,3,0.012704012,1
medium_045,Medium,OpenMP,4,4,0.012780647,1
medium_045,Medium,OpenMP,4,5,0.012730438,1
medium_045,Medium,OpenMP,8,1,0.013149896,1
medium_045,Medium,OpenMP,8,2,0.012828067,1
medium_045,Medium,OpenMP,8,3,0.012801989,1
medium_045,Medium,OpenMP,8,4,0.012801400,1
medium_045,Medium,OpenMP,8,5,0.007571733,1
medium_045,Medium,OpenMP,16,1,0.008636060,1
medium_045,Medium,OpenMP,16,2,0.012994534,1
medium_045,Medium,OpenMP,16,3,0.012971831,1
medium_045,Medium,OpenMP,16,4,0.012934970,1
medium_045,Medium,OpenMP,16,5,0.012875561,1
medium_046,Medium,Serial,1,1,0.000704043,1
medium_046,Medium,Serial,1,2,0.000601646,1
medium_046,Medium,Serial,1,3,0.000632360,1
medium_046,Medium,Serial,1,4,0.000622098,1
medium_046,Medium,Serial,1,5,0.000600659,1
medium_046,Medium,Serial-MRV,1,1,0.031010819,1
medium_046,Medium,Serial-MRV,1,2,0.035220820,1
medium_046,Medium,Serial-MRV,1,3,0.034772694,1
medium_046,Medium,Serial-MRV,1,4,0.032985014,1
medium_046,Medium,Serial-MRV,1,5,0.019779728,1
medium_046,Medium,DLX,1,1,0.000170816,1
medium_046,Medium,DLX,1,2,0.000172675,1
medium_046,Medium,DLX,1,3,0.000180536,1
medium_046,Medium,DLX,1,4,0.000163363,1
medium_046,Medium,DLX,1,5,0.000162189,1
medium_046,Medium,DLX-OMP,4,1,0.000378233,1
medium_046,Medium,DLX-OMP,4,2,0.000445043,1
medium_046,Medium,DLX-OMP,4,3,0.000302152,1
medium_046,Medium,DLX-OMP,4,4,0.000443010,1
medium_046,Medium,DLX-OMP,4,5,0.000413626,1
medium_046,Medium,DLX-OMP,8,1,0.000531404,1
medium_046,Medium,DLX-OMP,8,2,0.000555662,1
medium_046,Medium,DLX-OMP,8,3,0.000595473,1
medium_046,Medium,DLX-OMP,8,4,0.000416210,1
medium_046,Medium,DLX-OMP,8,5,0.000440234,1
medium_046,Medium,DLX-OMP,16,1,0.001350175,1
medium_046,Medium,DLX-OMP,16,2,0.000609336,1
medium_046,Medium,DLX-OMP,16,3,0.000425718,1
medium_046,Medium,DLX-OMP,16,4,0.000607062,1
medium_046,Medium,DLX-OMP,16,5,0.000572169,1
medium_046,Medium,OpenMP,4,1,0.034334505,1
medium_046,Medium,OpenMP,4,2,0.034222036,1
medium_046,Medium,OpenMP,4,3,0.034693545,1
medium_046,Medium,OpenMP,4,4,0.034296921,1
medium_046,Medium,OpenMP,4,5,0.034281773,1
medium_046,Medium,OpenMP,8,1,0.034506760,1
medium_046,Medium,OpenMP,8,2,0.034769580,1
medium_046,Medium,OpenMP,8,3,0.034378622,1
medium_046,Medium,OpenMP,8,4,0.034372295,1
medium_046,Medium,OpenMP,8,5,0.034755988,1
medium_046,Medium,OpenMP,16,1,0.034848861,1
medium_046,Medium,OpenMP,16,2,0.034508933,1
medium_046,Medium,OpenMP,16,3,0.034609271,1
medium_046,Medium,OpenMP,16,4,0.034849034,1
medium_046,Medium,OpenMP,16,5,0.034463630,1
medium_047,Medium,Serial,1,1,0.143315608,1
medium_047,Medium,Serial,1,2,0.105907445,1
medium_047,Medium,Serial,1,3,0.081747517,1
medium_047,Medium,Serial,1,4,0.082007824,1
medium_047,Medium,Serial,1,5,0.082546640,1
medium_047,Medium,Serial-MRV,1,1,0.014590308,1
medium_047,Medium,Serial-MRV,1,2,0.014606478,1
medium_047,Medium,Serial-MRV,1,3,0.014600226,1
medium_047,Medium,Serial-MRV,1,4,0.014594188,1
medium_047,Medium,Serial-MRV,1,5,0.014598741,1
medium_047,Medium,DLX,1,1,0.000226906,1
medium_047,Medium,DLX,1,2,0.000169927,1
medium_047,Medium,DLX,1,3,0.000177652,1
medium_047,Medium,DLX,1,4,0.000166733,1
medium_047,Medium,DLX,1,5,0.000166439,1
medium_047,Medium,DLX-OMP,4,1,0.000500547,1
medium_047,Medium,DLX-OMP,4,2,0.000333869,1
medium_047,Medium,DLX-OMP,4,3,0.000551298,1
medium_047,Medium,DLX-OMP,4,4,0.000440796,1
medium_047,Medium,DLX-OMP,4,5,0.000537362,1
medium_047,Medium,DLX-OMP,8,1,0.000698303,1
medium_047,Medium,DLX-OMP,8,2,0.000440009,1
medium_047,Medium,DLX-OMP,8,3,0.000564735,1
medium_047,Medium,DLX-OMP,8,4,0.000937880,1
medium_047,Medium,DLX-OMP,8,5,0.000441843,1
medium_047,Medium,DLX-OMP,16,1,0.001228001,1
medium_047,Medium,DLX-OMP,16,2,0.000305145,1
medium_047,Medium,DLX-OMP,16,3,0.000302301,1
medium_047,Medium,DLX-OMP,16,4,0.000606831,1
medium_047,Medium,DLX-OMP,16,5,0.000617262,1
medium_047,Medium,OpenMP,4,1,0.004366576,1
medium_047,Medium,OpenMP,4,2,0.004343264,1
medium_047,Medium,OpenMP,4,3,0.004315309,1
medium_047,Medium,OpenMP,4,4,0.004248741,1
medium_047,Medium,OpenMP,4,5,0.004335632,1
medium_047,Medium,OpenMP,8,1,0.004430650,1
medium_047,Medium,OpenMP,8,2,0.004359546,1
medium_047,Medium,OpenMP,8,3,0.004526054,1
medium_047,Medium,OpenMP,8,4,0.004327743,1
medium_047,Medium,OpenMP,8,5,0.004380001,1
medium_047,Medium,OpenMP,16,1,0.004991159,1
medium_047,Medium,OpenMP,16,2,0.004481318,1
medium_047,Medium,OpenMP,16,3,0.004559386,1
medium_047,Medium,OpenMP,16,4,0.004572537,1
medium_047,Medium,OpenMP,16,5,0.004465384,1
medium_048,Medium,Serial,1,1,0.017691357,1
medium_048,Medium,Serial,1,2,0.017625258,1
medium_048,Medium,Serial,1,3,0.017634411,1
medium_048,Medium,Serial,1,4,0.018869299,1
medium_048,Medium,Serial,1,5,0.018512680,1
medium_048,Medium,Serial-MRV,1,1,0.011042402,1
medium_048,Medium,Serial-MRV,1,2,0.011035575,1
medium_048,Medium,Serial-MRV,1,3,0.011033246,1
medium_048,Medium,Serial-MRV,1,4,0.011028248,1
medium_048,Medium,Serial-MRV,1,5,0.011034537,1
medium_048,Medium,DLX,1,1,0.000177923,1
medium_048,Medium,DLX,1,2,0.000173842,1
medium_048,Medium,DLX,1,3,0.000173034,1
medium_048,Medium,DLX,1,4,0.000171909,1
medium_048,Medium,DLX,1,5,0.000178027,1
medium_048,Medium,DLX-OMP,4,1,0.000369562,1
medium_048,Medium,DLX-OMP,4,2,0.000464884,1
medium_048,Medium,DLX-OMP,4,3,0.000434766,1
medium_048,Medium,DLX-OMP,4,4,0.000412989,1
medium_048,Medium,DLX-OMP,4,5,0.000420067,1
medium_048,Medium,DLX-OMP,8,1,0.000516660,1
medium_048,Medium,DLX-OMP,8,2,0.000327576,1
medium_048,Medium,DLX-OMP,8,3,0.000553252,1
medium_048,Medium,DLX-OMP,8,4,0.000447777,1
medium_048,Medium,DLX-OMP,8,5,0.000423707,1
medium_048,Medium,DLX-OMP,16,1,0.000797406,1
medium_048,Medium,DLX-OMP,16,2,0.000610436,1
medium_048,Medium,DLX-OMP,16,3,0.000431564,1
medium_048,Medium,DLX-OMP,16,4,0.000632662,1
medium_048,Medium,DLX-OMP,16,5,0.000429742,1
medium_048,Medium,OpenMP,4,1,0.018776464,1
medium_048,Medium,OpenMP,4,2,0.019076323,1
medium_048,Medium,OpenMP,4,3,0.018696339,1
medium_048,Medium,OpenMP,4,4,0.018686947,1
medium_048,Medium,OpenMP,4,5,0.012606203,1
medium_048,Medium,OpenMP,8,1,0.018825920,1
medium_048,Medium,OpenMP,8,2,0.020165406,1
medium_048,Medium,OpenMP,8,3,0.018763625,1
medium_048,Medium,OpenMP,8,4,0.019110032,1
medium_048,Medium,OpenMP,8,5,0.018778853,1
medium_048,Medium,OpenMP,16,1,0.020029435,1
medium_048,Medium,OpenMP,16,2,0.018836103,1
medium_048,Medium,OpenMP,16,3,0.018842607,1
medium_048,Medium,OpenMP,16,4,0.018825787,1
medium_048,Medium,OpenMP,16,5,0.019349895,1
medium_049,Medium,Serial,1,1,0.016907471,1
medium_049,Medium,Serial,1,2,0.016747333,1
medium_049,Medium,Serial,1,3,0.016759013,1
medium_049,Medium,Serial,1,4,0.016767800,1
medium_049,Medium,Serial,1,5,0.016734114,1
medium_049,Medium,Serial-MRV,1,1,0.022992941,1
medium_049,Medium,Serial-MRV,1,2,0.023374588,1
medium_049,Medium,Serial-MRV,1,3,0.023004314,1
medium_049,Medium,Serial-MRV,1,4,0.023054105,1
medium_049,Medium,Serial-MRV,1,5,0.023022912,1
medium_049,Medium,DLX,1,1,0.000300173,1
medium_049,Medium,DLX,1,2,0.000301986,1
medium_049,Medium,DLX,1,3,0.000290442,1
medium_049,Medium,DLX,1,4,0.000288209,1
medium_049,Medium,DLX,1,5,0.000295511,1
medium_049,Medium,DLX-OMP,4,1,0.000615410,1
medium_049,Medium,DLX-OMP,4,2,0.000791967,1
medium_049,Medium,DLX-OMP,4,3,0.000523647,1
medium_049,Medium,DLX-OMP,4,4,0.000513799,1
medium_049,Medium,DLX-OMP,4,5,0.000526317,1
medium_049,Medium,DLX-OMP,8,1,0.000641173,1
medium_049,Medium,DLX-OMP,8,2,0.000669483,1
medium_049,Medium,DLX-OMP,8,3,0.000532888,1
medium_049,Medium,DLX-OMP,8,4,0.000664002,1
medium_049,Medium,DLX-OMP,8,5,0.000529464,1
medium_049,Medium,DLX-OMP,16,1,0.001694027,1
medium_049,Medium,DLX-OMP,16,2,0.000669615,1
medium_049,Medium,DLX-OMP,16,3,0.000555584,1
medium_049,Medium,DLX-OMP,16,4,0.000559749,1
medium_049,Medium,DLX-OMP,16,5,0.000521285,1
medium_049,Medium,OpenMP,4,1,0.018648506,1
medium_049,Medium,OpenMP,4,2,0.018743552,1
medium_049,Medium,OpenMP,4,3,0.018388963,1
medium_049,Medium,OpenMP,4,4,0.018324058,1
medium_049,Medium,OpenMP,4,5,0.018371867,1
medium_049,Medium,OpenMP,8,1,0.018581169,1
medium_049,Medium,OpenMP,8,2,0.018409380,1
medium_049,Medium,OpenMP,8,3,0.018417216,1
medium_049,Medium,OpenMP,8,4,0.018803371,1
medium_049,Medium,OpenMP,8,5,0.018461673,1
medium_049,Medium,OpenMP,16,1,0.019701988,1
medium_049,Medium,OpenMP,16,2,0.018524246,1
medium_049,Medium,OpenMP,16,3,0.018539377,1
medium_049,Medium,OpenMP,16,4,0.018516140,1
medium_049,Medium,OpenMP,16,5,0.018490463,1
medium_050,Medium,Serial,1,1,0.026765981,1
medium_050,Medium,Serial,1,2,0.026280830,1
medium_050,Medium,Serial,1,3,0.026290782,1
medium_050,Medium,Serial,1,4,0.026266097,1
medium_050,Medium,Serial,1,5,0.024818424,1
medium_050,Medium,Serial-MRV,1,1,0.017261799,1
medium_050,Medium,Serial-MRV,1,2,0.017254695,1
medium_050,Medium,Serial-MRV,1,3,0.017258775,1
medium_050,Medium,Serial-MRV,1,4,0.017270837,1
medium_050,Medium,Serial-MRV,1,5,0.017244600,1
medium_050,Medium,DLX,1,1,0.000170814,1
medium_050,Medium,DLX,1,2,0.000165545,1
medium_050,Medium,DLX,1,3,0.000181049,1
medium_050,Medium,DLX,1,4,0.000169758,1
medium_050,Medium,DLX,1,5,0.000163579,1
medium_050,Medium,DLX-OMP,4,1,0.000364720,1
medium_050,Medium,DLX-OMP,4,2,0.000296727,1
medium_050,Medium,DLX-OMP,4,3,0.000462896,1
medium_050,Medium,DLX-OMP,4,4,0.000426473,1
medium_050,Medium,DLX-OMP,4,5,0.000424318,1
medium_050,Medium,DLX-OMP,8,1,0.000691674,1
medium_050,Medium,DLX-OMP,8,2,0.000565132,1
medium_050,Medium,DLX-OMP,8,3,0.000433111,1
medium_050,Medium,DLX-OMP,8,4,0.000545309,1
medium_050,Medium,DLX-OMP,8,5,0.000438004,1
medium_050,Medium,DLX-OMP,16,1,0.001241692,1
medium_050,Medium,DLX-OMP,16,2,0.000301689,1
medium_050,Medium,DLX-OMP,16,3,0.000637562,1
medium_050,Medium,DLX-OMP,16,4,0.000581680,1
medium_050,Medium,DLX-OMP,16,5,0.000443271,1
medium_050,Medium,OpenMP,4,1,0.006484366,1
medium_050,Medium,OpenMP,4,2,0.006384968,1
medium_050,Medium,OpenMP,4,3,0.006382273,1
medium_050,Medium,OpenMP,4,4,0.003874624,1
medium_050,Medium,OpenMP,4,5,0.006803305,1
medium_050,Medium,OpenMP,8,1,0.006565746,1
medium_050,Medium,OpenMP,8,2,0.006369452,1
medium_050,Medium,OpenMP,8,3,0.006403181,1
medium_050,Medium,OpenMP,8,4,0.006499982,1
medium_050,Medium,OpenMP,8,5,0.006466782,1
medium_050,Medium,OpenMP,16,1,0.007460429,1
medium_050,Medium,OpenMP,16,2,0.006644948,1
medium_050,Medium,OpenMP,16,3,0.006564378,1
medium_050,Medium,OpenMP,16,4,0.006581309,1
medium_050,Medium,OpenMP,16,5,0.006552213,1
medium_051,Medium,Serial,1,1,0.125966274,1
medium_051,Medium,Serial,1,2,0.124241627,1
medium_051,Medium,Serial,1,3,0.119659407,1
medium_051,Medium,Serial,1,4,0.120189592,1
medium_051,Medium,Serial,1,5,0.120166142,1
medium_051,Medium,Serial-MRV,1,1,0.025852515,1
medium_051,Medium,Serial-MRV,1,2,0.025860200,1
medium_051,Medium,Serial-MRV,1,3,0.026234715,1
medium_051,Medium,Serial-MRV,1,4,0.025867455,1
medium_051,Medium,Serial-MRV,1,5,0.025876937,1
medium_051,Medium,DLX,1,1,0.000171251,1
medium_051,Medium,DLX,1,2,0.000169508,1
medium_051,Medium,DLX,1,3,0.000166665,1
medium_051,Medium,DLX,1,4,0.000166651,1
medium_051,Medium,DLX,1,5,0.000165900,1
medium_051,Medium,DLX-OMP,4,1,0.000375025,1
medium_051,Medium,DLX-OMP,4,2,0.000442114,1
medium_051,Medium,DLX-OMP,4,3,0.000313233,1
medium_051,Medium,DLX-OMP,4,4,0.000420292,1
medium_051,Medium,DLX-OMP,4,5,0.000291451,1
medium_051,Medium,DLX-OMP,8,1,0.000516160,1
medium_051,Medium,DLX-OMP,8,2,0.000294518,1
medium_051,Medium,DLX-OMP,8,3,0.000595254,1
medium_051,Medium,DLX-OMP,8,4,0.000428580,1
medium_051,Medium,DLX-OMP,8,5,0.000439492,1
medium_051,Medium,DLX-OMP,16,1,0.001319144,1
medium_051,Medium,DLX-OMP,16,2,0.000301376,1
medium_051,Medium,DLX-OMP,16,3,0.000471082,1
medium_051,Medium,DLX-OMP,16,4,0.000424157,1
medium_051,Medium,DLX-OMP,16,5,0.000621530,1
medium_051,Medium,OpenMP,4,1,0.045481164,1
medium_051,Medium,OpenMP,4,2,0.045674870,1
medium_051,Medium,OpenMP,4,3,0.026064678,1
medium_051,Medium,OpenMP,4,4,0.045275387,1
medium_051,Medium,OpenMP,4,5,0.031941157,1
medium_051,Medium,OpenMP,8,1,0.045491438,1
medium_051,Medium,OpenMP,8,2,0.045371307,1
medium_051,Medium,OpenMP,8,3,0.045751298,1
medium_051,Medium,OpenMP,8,4,0.045377120,1
medium_051,Medium,OpenMP,8,5,0.045364215,1
medium_051,Medium,OpenMP,16,1,0.047037211,1
medium_051,Medium,OpenMP,16,2,0.045478644,1
medium_051,Medium,OpenMP,16,3,0.045793036,1
medium_051,Medium,OpenMP,16,4,0.045442759,1
medium_051,Medium,OpenMP,16,5,0.045483592,1
medium_052,Medium,Serial,1,1,0.011857409,1
medium_052,Medium,Serial,1,2,0.011761251,1
medium_052,Medium,Serial,1,3,0.012127900,1
medium_052,Medium,Serial,1,4,0.011760961,1
medium_052,Medium,Serial,1,5,0.011880562,1
medium_052,Medium,Serial-MRV,1,1,0.034779909,1
medium_052,Medium,Serial-MRV,1,2,0.034737486,1
medium_052,Medium,Serial-MRV,1,3,0.031226022,1
medium_052,Medium,Serial-MRV,1,4,0.019819142,1
medium_052,Medium,Serial-MRV,1,5,0.019825512,1
medium_052,Medium,DLX,1,1,0.000173926,1
medium_052,Medium,DLX,1,2,0.000168927,1
medium_052,Medium,DLX,1,3,0.000168220,1
medium_052,Medium,DLX,1,4,0.000174104,1
medium_052,Medium,DLX,1,5,0.000167961,1
medium_052,Medium,DLX-OMP,4,1,0.000361156,1
medium_052,Medium,DLX-OMP,4,2,0.000468127,1
medium_052,Medium,DLX-OMP,4,3,0.000468906,1
medium_052,Medium,DLX-OMP,4,4,0.000295692,1
medium_052,Medium,DLX-OMP,4,5,0.000432197,1
medium_052,Medium,DLX-OMP,8,1,0.000531298,1
medium_052,Medium,DLX-OMP,8,2,0.000316897,1
medium_052,Medium,DLX-OMP,8,3,0.000567142,1
medium_052,Medium,DLX-OMP,8,4,0.000316741,1
medium_052,Medium,DLX-OMP,8,5,0.000559193,1
medium_052,Medium,DLX-OMP,16,1,0.000669231,1
medium_052,Medium,DLX-OMP,16,2,0.000613712,1
medium_052,Medium,DLX-OMP,16,3,0.000426996,1
medium_052,Medium,DLX-OMP,16,4,0.000598702,1
medium_052,Medium,DLX-OMP,16,5,0.000430731,1
medium_052,Medium,OpenMP,4,1,0.018035869,1
medium_052,Medium,OpenMP,4,2,0.018257932,1
medium_052,Medium,OpenMP,4,3,0.017846121,1
medium_052,Medium,OpenMP,4,4,0.026654222,1
medium_052,Medium,OpenMP,4,5,0.026265074,1
medium_052,Medium,OpenMP,8,1,0.018037096,1
medium_052,Medium,OpenMP,8,2,0.010972399,1
medium_052,Medium,OpenMP,8,3,0.011061685,1
medium_052,Medium,OpenMP,8,4,0.017836701,1
medium_052,Medium,OpenMP,8,5,0.017836408,1
medium_052,Medium,OpenMP,16,1,0.018548174,1
medium_052,Medium,OpenMP,16,2,0.018091960,1
medium_052,Medium,OpenMP,16,3,0.017969344,1
medium_052,Medium,OpenMP,16,4,0.018032733,1
medium_052,Medium,OpenMP,16,5,0.015508693,1
medium_053,Medium,Serial,1,1,0.172894496,1
medium_053,Medium,Serial,1,2,0.105487675,1
medium_053,Medium,Serial,1,3,0.104195577,1
medium_053,Medium,Serial,1,4,0.104217249,1
medium_053,Medium,Serial,1,5,0.104175336,1
medium_053,Medium,Serial-MRV,1,1,0.012661002,1
medium_053,Medium,Serial-MRV,1,2,0.012667966,1
medium_053,Medium,Serial-MRV,1,3,0.012676072,1
medium_053,Medium,Serial-MRV,1,4,0.012668893,1
medium_053,Medium,Serial-MRV,1,5,0.012664896,1
medium_053,Medium,DLX,1,1,0.000170290,1
medium_053,Medium,DLX,1,2,0.000167086,1
medium_053,Medium,DLX,1,3,0.000171205,1
medium_053,Medium,DLX,1,4,0.000164506,1
medium_053,Medium,DLX,1,5,0.000165605,1
medium_053,Medium,DLX-OMP,4,1,0.000365220,1
medium_053,Medium,DLX-OMP,4,2,0.000452985,1
medium_053,Medium,DLX-OMP,4,3,0.000410540,1
medium_053,Medium,DLX-OMP,4,4,0.000302839,1
medium_053,Medium,DLX-OMP,4,5,0.000411431,1
medium_053,Medium,DLX-OMP,8,1,0.000417985,1
medium_053,Medium,DLX-OMP,8,2,0.000575057,1
medium_053,Medium,DLX-OMP,8,3,0.000293318,1
medium_053,Medium,DLX-OMP,8,4,0.000313213,1
medium_053,Medium,DLX-OMP,8,5,0.000421177,1
medium_053,Medium,DLX-OMP,16,1,0.001774954,1
medium_053,Medium,DLX-OMP,16,2,0.000439856,1
medium_053,Medium,DLX-OMP,16,3,0.000465989,1
medium_053,Medium,DLX-OMP,16,4,0.000581560,1
medium_053,Medium,DLX-OMP,16,5,0.000575968,1
medium_053,Medium,OpenMP,4,1,0.012927754,1
medium_053,Medium,OpenMP,4,2,0.012392618,1
medium_053,Medium,OpenMP,4,3,0.012440811,1
medium_053,Medium,OpenMP,4,4,0.012502666,1
medium_053,Medium,OpenMP,4,5,0.012439488,1
medium_053,Medium,OpenMP,8,1,0.012518754,1
medium_053,Medium,OpenMP,8,2,0.012508363,1
medium_053,Medium,OpenMP,8,3,0.012440919,1
medium_053,Medium,OpenMP,8,4,0.012465518,1
medium_053,Medium,OpenMP,8,5,0.012400326,1
medium_053,Medium,OpenMP,16,1,0.013204823,1
medium_053,Medium,OpenMP,16,2,0.012610194,1
medium_053,Medium,OpenMP,16,3,0.012591425,1
medium_053,Medium,OpenMP,16,4,0.012619170,1
medium_053,Medium,OpenMP,16,5,0.012617322,1
medium_054,Medium,Serial,1,1,0.067216904,1
medium_054,Medium,Serial,1,2,0.067475346,1
medium_054,Medium,Serial,1,3,0.065268203,1
medium_054,Medium,Serial,1,4,0.038263723,1
medium_054,Medium,Serial,1,5,0.038283728,1
medium_054,Medium,Serial-MRV,1,1,0.036292888,1
medium_054,Medium,Serial-MRV,1,2,0.036547018,1
medium_054,Medium,Serial-MRV,1,3,0.036741056,1
medium_054,Medium,Serial-MRV,1,4,0.036730673,1
medium_054,Medium,Serial-MRV,1,5,0.037093093,1
medium_054,Medium,DLX,1,1,0.000172073,1
medium_054,Medium,DLX,1,2,0.000169227,1
medium_054,Medium,DLX,1,3,0.000167740,1
medium_054,Medium,DLX,1,4,0.000167028,1
medium_054,Medium,DLX,1,5,0.000171903,1
medium_054,Medium,DLX-OMP,4,1,0.000367782,1
medium_054,Medium,DLX-OMP,4,2,0.000447363,1
medium_054,Medium,DLX-OMP,4,3,0.000303535,1
medium_054,Medium,DLX-OMP,4,4,0.000429295,1
medium_054,Medium,DLX-OMP,4,5,0.000427971,1
medium_054,Medium,DLX-OMP,8,1,0.000524255,1
medium_054,Medium,DLX-OMP,8,2,0.000430913,1
medium_054,Medium,DLX-OMP,8,3,0.000582340,1
medium_054,Medium,DLX-OMP,8,4,0.000444657,1
medium_054,Medium,DLX-OMP,8,5,0.000420832,1
medium_054,Medium,DLX-OMP,16,1,0.001259970,1
medium_054,Medium,DLX-OMP,16,2,0.000600840,1
medium_054,Medium,DLX-OMP,16,3,0.000419842,1
medium_054,Medium,DLX-OMP,16,4,0.000457280,1
medium_054,Medium,DLX-OMP,16,5,0.000609290,1
medium_054,Medium,OpenMP,4,1,0.007945076,1
medium_054,Medium,OpenMP,4,2,0.007828338,1
medium_054,Medium,OpenMP,4,3,0.004414123,1
medium_054,Medium,OpenMP,4,4,0.007874323,1
medium_054,Medium,OpenMP,4,5,0.007831221,1
medium_054,Medium,OpenMP,8,1,0.007290294,1
medium_054,Medium,OpenMP,8,2,0.007185689,1
medium_054,Medium,OpenMP,8,3,0.007194383,1
medium_054,Medium,OpenMP,8,4,0.007233455,1
medium_054,Medium,OpenMP,8,5,0.007298842,1
medium_054,Medium,OpenMP,16,1,0.007664022,1
medium_054,Medium,OpenMP,16,2,0.007435002,1
medium_054,Medium,OpenMP,16,3,0.007358218,1
medium_054,Medium,OpenMP,16,4,0.007390184,1
medium_054,Medium,OpenMP,16,5,0.007768351,1
medium_055,Medium,Serial,1,1,0.024569435,1
medium_055,Medium,Serial,1,2,0.024687265,1
medium_055,Medium,Serial,1,3,0.024726513,1
medium_055,Medium,Serial,1,4,0.024727505,1
medium_055,Medium,Serial,1,5,0.025073925,1
medium_055,Medium,Serial-MRV,1,1,0.016171813,1
medium_055,Medium,Serial-MRV,1,2,0.016179496,1
medium_055,Medium,Serial-MRV,1,3,0.016180864,1
medium_055,Medium,Serial-MRV,1,4,0.016178733,1
medium_055,Medium,Serial-MRV,1,5,0.016188919,1
medium_055,Medium,DLX,1,1,0.000178250,1
medium_055,Medium,DLX,1,2,0.000172981,1
medium_055,Medium,DLX,1,3,0.000172567,1
medium_055,Medium,DLX,1,4,0.000171924,1
medium_055,Medium,DLX,1,5,0.000176734,1
medium_055,Medium,DLX-OMP,4,1,0.000382698,1
medium_055,Medium,DLX-OMP,4,2,0.000319613,1
medium_055,Medium,DLX-OMP,4,3,0.000313406,1
medium_055,Medium,DLX-OMP,4,4,0.000304057,1
medium_055,Medium,DLX-OMP,4,5,0.000429716,1
medium_055,Medium,DLX-OMP,8,1,0.000635458,1
medium_055,Medium,DLX-OMP,8,2,0.000442883,1
medium_055,Medium,DLX-OMP,8,3,0.000419276,1
medium_055,Medium,DLX-OMP,8,4,0.000589520,1
medium_055,Medium,DLX-OMP,8,5,0.000306400,1
medium_055,Medium,DLX-OMP,16,1,0.001287303,1
medium_055,Medium,DLX-OMP,16,2,0.000621762,1
medium_055,Medium,DLX-OMP,16,3,0.000597309,1
medium_055,Medium,DLX-OMP,16,4,0.000438774,1
medium_055,Medium,DLX-OMP,16,5,0.000478678,1
medium_055,Medium,OpenMP,4,1,0.008677174,1
medium_055,Medium,OpenMP,4,2,0.005329916,1
medium_055,Medium,OpenMP,4,3,0.008510997,1
medium_055,Medium,OpenMP,4,4,0.008893391,1
medium_055,Medium,OpenMP,4,5,0.008479329,1
medium_055,Medium,OpenMP,8,1,0.008695910,1
medium_055,Medium,OpenMP,8,2,0.008610165,1
medium_055,Medium,OpenMP,8,3,0.008550037,1
medium_055,Medium,OpenMP,8,4,0.008611765,1
medium_055,Medium,OpenMP,8,5,0.008515612,1
medium_055,Medium,OpenMP,16,1,0.008850625,1
medium_055,Medium,OpenMP,16,2,0.008733370,1
medium_055,Medium,OpenMP,16,3,0.008630751,1
medium_055,Medium,OpenMP,16,4,0.008643946,1
medium_055,Medium,OpenMP,16,5,0.008577975,1
medium_056,Medium,Serial,1,1,0.007909609,1
medium_056,Medium,Serial,1,2,0.007789208,1
medium_056,Medium,Serial,1,3,0.007769391,1
medium_056,Medium,Serial,1,4,0.010284920,1
medium_056,Medium,Serial,1,5,0.011695274,1
medium_056,Medium,Serial-MRV,1,1,0.023358926,1
medium_056,Medium,Serial-MRV,1,2,0.023353117,1
medium_056,Medium,Serial-MRV,1,3,0.023344540,1
medium_056,Medium,Serial-MRV,1,4,0.023362191,1
medium_056,Medium,Serial-MRV,1,5,0.019163792,1
medium_056,Medium,DLX,1,1,0.000182164,1
medium_056,Medium,DLX,1,2,0.000175629,1
medium_056,Medium,DLX,1,3,0.000173446,1
medium_056,Medium,DLX,1,4,0.000173160,1
medium_056,Medium,DLX,1,5,0.000179161,1
medium_056,Medium,DLX-OMP,4,1,0.000378498,1
medium_056,Medium,DLX-OMP,4,2,0.000321605,1
medium_056,Medium,DLX-OMP,4,3,0.000457236,1
medium_056,Medium,DLX-OMP,4,4,0.000442955,1
medium_056,Medium,DLX-OMP,4,5,0.000309296,1
medium_056,Medium,DLX-OMP,8,1,0.000693446,1
medium_056,Medium,DLX-OMP,8,2,0.000608307,1
medium_056,Medium,DLX-OMP,8,3,0.000432695,1
medium_056,Medium,DLX-OMP,8,4,0.000466378,1
medium_056,Medium,DLX-OMP,8,5,0.000614317,1
medium_056,Medium,DLX-OMP,16,1,0.001359573,1
medium_056,Medium,DLX-OMP,16,2,0.000501003,1
medium_056,Medium,DLX-OMP,16,3,0.000434295,1
medium_056,Medium,DLX-OMP,16,4,0.000438329,1
medium_056,Medium,DLX-OMP,16,5,0.000633043,1
medium_056,Medium,OpenMP,4,1,0.023398130,1
medium_056,Medium,OpenMP,4,2,0.023210495,1
medium_056,Medium,OpenMP,4,3,0.023272663,1
medium_056,Medium,OpenMP,4,4,0.023309173,1
medium_056,Medium,OpenMP,4,5,0.023681345,1
medium_056,Medium,OpenMP,8,1,0.023506243,1
medium_056,Medium,OpenMP,8,2,0.023293755,1
medium_056,Medium,OpenMP,8,3,0.023335096,1
medium_056,Medium,OpenMP,8,4,0.023404172,1
medium_056,Medium,OpenMP,8,5,0.023371531,1
medium_056,Medium,OpenMP,16,1,0.024602708,1
medium_056,Medium,OpenMP,16,2,0.023396353,1
medium_056,Medium,OpenMP,16,3,0.023434370,1
medium_056,Medium,OpenMP,16,4,0.023500800,1
medium_056,Medium,OpenMP,16,5,0.023395552,1
medium_057,Medium,Serial,1,1,0.049029480,1
medium_057,Medium,Serial,1,2,0.048529379,1
medium_057,Medium,Serial,1,3,0.042370667,1
medium_057,Medium,Serial,1,4,0.027669384,1
medium_057,Medium,Serial,1,5,0.027678314,1
medium_057,Medium,Serial-MRV,1,1,0.018640479,1
medium_057,Medium,Serial-MRV,1,2,0.018640158,1
medium_057,Medium,Serial-MRV,1,3,0.018615404,1
medium_057,Medium,Serial-MRV,1,4,0.018978244,1
medium_057,Medium,Serial-MRV,1,5,0.018611366,1
medium_057,Medium,DLX,1,1,0.000169794,1
medium_057,Medium,DLX,1,2,0.000171339,1
medium_057,Medium,DLX,1,3,0.000162798,1
medium_057,Medium,DLX,1,4,0.000162716,1
medium_057,Medium,DLX,1,5,0.000163077,1
medium_057,Medium,DLX-OMP,4,1,0.000364836,1
medium_057,Medium,DLX-OMP,4,2,0.000435109,1
medium_057,Medium,DLX-OMP,4,3,0.000432812,1
medium_057,Medium,DLX-OMP,4,4,0.000303084,1
medium_057,Medium,DLX-OMP,4,5,0.000291597,1
medium_057,Medium,DLX-OMP,8,1,0.000676195,1
medium_057,Medium,DLX-OMP,8,2,0.000417926,1
medium_057,Medium,DLX-OMP,8,3,0.000585924,1
medium_057,Medium,DLX-OMP,8,4,0.000294281,1
medium_057,Medium,DLX-OMP,8,5,0.000438727,1
medium_057,Medium,DLX-OMP,16,1,0.001077366,1
medium_057,Medium,DLX-OMP,16,2,0.000565527,1
medium_057,Medium,DLX-OMP,16,3,0.000459534,1
medium_057,Medium,DLX-OMP,16,4,0.000421141,1
medium_057,Medium,DLX-OMP,16,5,0.000619852,1
medium_057,Medium,OpenMP,4,1,0.013941624,1
medium_057,Medium,OpenMP,4,2,0.013817033,1
medium_057,Medium,OpenMP,4,3,0.013856034,1
medium_057,Medium,OpenMP,4,4,0.008135413,1
medium_057,Medium,OpenMP,4,5,0.008049312,1
medium_057,Medium,OpenMP,8,1,0.013914286,1
medium_057,Medium,OpenMP,8,2,0.014268966,1
medium_057,Medium,OpenMP,8,3,0.013949512,1
medium_057,Medium,OpenMP,8,4,0.013925750,1
medium_057,Medium,OpenMP,8,5,0.011194413,1
medium_057,Medium,OpenMP,16,1,0.015096248,1
medium_057,Medium,OpenMP,16,2,0.014028377,1
medium_057,Medium,OpenMP,16,3,0.013992434,1
medium_057,Medium,OpenMP,16,4,0.013988183,1
medium_057,Medium,OpenMP,16,5,0.014039451,1
medium_058,Medium,Serial,1,1,0.013027615,1
medium_058,Medium,Serial,1,2,0.015449266,1
medium_058,Medium,Serial,1,3,0.015449883,1
medium_058,Medium,Serial,1,4,0.015464183,1
medium_058,Medium,Serial,1,5,0.015452816,1
medium_058,Medium,Serial-MRV,1,1,0.026640656,1
medium_058,Medium,Serial-MRV,1,2,0.026659301,1
medium_058,Medium,Serial-MRV,1,3,0.019162250,1
medium_058,Medium,Serial-MRV,1,4,0.015185396,1
medium_058,Medium,Serial-MRV,1,5,0.015209225,1
medium_058,Medium,DLX,1,1,0.000171710,1
medium_058,Medium,DLX,1,2,0.000165867,1
medium_058,Medium,DLX,1,3,0.000165441,1
medium_058,Medium,DLX,1,4,0.000164494,1
medium_058,Medium,DLX,1,5,0.000171097,1
medium_058,Medium,DLX-OMP,4,1,0.000365328,1
medium_058,Medium,DLX-OMP,4,2,0.000301380,1
medium_058,Medium,DLX-OMP,4,3,0.000466258,1
medium_058,Medium,DLX-OMP,4,4,0.000417247,1
medium_058,Medium,DLX-OMP,4,5,0.000290068,1
medium_058,Medium,DLX-OMP,8,1,0.000688390,1
medium_058,Medium,DLX-OMP,8,2,0.000594575,1
medium_058,Medium,DLX-OMP,8,3,0.000417339,1
medium_058,Medium,DLX-OMP,8,4,0.000435956,1
medium_058,Medium,DLX-OMP,8,5,0.000558412,1
medium_058,Medium,DLX-OMP,16,1,0.001353505,1
medium_058,Medium,DLX-OMP,16,2,0.000414146,1
medium_058,Medium,DLX-OMP,16,3,0.000583196,1
medium_058,Medium,DLX-OMP,16,4,0.000571423,1
medium_058,Medium,DLX-OMP,16,5,0.000620276,1
medium_058,Medium,OpenMP,4,1,0.026661048,1
medium_058,Medium,OpenMP,4,2,0.026451017,1
medium_058,Medium,OpenMP,4,3,0.026838344,1
medium_058,Medium,OpenMP,4,4,0.026482153,1
medium_058,Medium,OpenMP,4,5,0.026595954,1
medium_058,Medium,OpenMP,8,1,0.026754180,1
medium_058,Medium,OpenMP,8,2,0.026616071,1
medium_058,Medium,OpenMP,8,3,0.026986041,1
medium_058,Medium,OpenMP,8,4,0.026618707,1
medium_058,Medium,OpenMP,8,5,0.026625151,1
medium_058,Medium,OpenMP,16,1,0.027087338,1
medium_058,Medium,OpenMP,16,2,0.026715075,1
medium_058,Medium,OpenMP,16,3,0.027029227,1
medium_058,Medium,OpenMP,16,4,0.026717304,1
medium_058,Medium,OpenMP,16,5,0.026676190,1
medium_059,Medium,Serial,1,1,0.013170103,1
medium_059,Medium,Serial,1,2,0.013105061,1
medium_059,Medium,Serial,1,3,0.013108025,1
medium_059,Medium,Serial,1,4,0.013471340,1
medium_059,Medium,Serial,1,5,0.013103293,1
medium_059,Medium,Serial-MRV,1,1,0.022189391,1
medium_059,Medium,Serial-MRV,1,2,0.022106222,1
medium_059,Medium,Serial-MRV,1,3,0.022104780,1
medium_059,Medium,Serial-MRV,1,4,0.022105214,1
medium_059,Medium,Serial-MRV,1,5,0.020772888,1
medium_059,Medium,DLX,1,1,0.000180593,1
medium_059,Medium,DLX,1,2,0.000181633,1
medium_059,Medium,DLX,1,3,0.000169979,1
medium_059,Medium,DLX,1,4,0.000170509,1
medium_059,Medium,DLX,1,5,0.000170425,1
medium_059,Medium,DLX-OMP,4,1,0.000392950,1
medium_059,Medium,DLX-OMP,4,2,0.000458840,1
medium_059,Medium,DLX-OMP,4,3,0.000438862,1
medium_059,Medium,DLX-OMP,4,4,0.000435857,1
medium_059,Medium,DLX-OMP,4,5,0.000420836,1
medium_059,Medium,DLX-OMP,8,1,0.000685328,1
medium_059,Medium,DLX-OMP,8,2,0.000588689,1
medium_059,Medium,DLX-OMP,8,3,0.000580409,1
medium_059,Medium,DLX-OMP,8,4,0.000322374,1
medium_059,Medium,DLX-OMP,8,5,0.000303903,1
medium_059,Medium,DLX-OMP,16,1,0.000872580,1
medium_059,Medium,DLX-OMP,16,2,0.000593089,1
medium_059,Medium,DLX-OMP,16,3,0.000623252,1
medium_059,Medium,DLX-OMP,16,4,0.000645940,1
medium_059,Medium,DLX-OMP,16,5,0.000433298,1
medium_059,Medium,OpenMP,4,1,0.022078467,1
medium_059,Medium,OpenMP,4,2,0.012699467,1
medium_059,Medium,OpenMP,4,3,0.022004652,1
medium_059,Medium,OpenMP,4,4,0.022006159,1
medium_059,Medium,OpenMP,4,5,0.022023905,1
medium_059,Medium,OpenMP,8,1,0.022403185,1
medium_059,Medium,OpenMP,8,2,0.022051271,1
medium_059,Medium,OpenMP,8,3,0.022163054,1
medium_059,Medium,OpenMP,8,4,0.022096908,1
medium_059,Medium,OpenMP,8,5,0.022087790,1
medium_059,Medium,OpenMP,16,1,0.024196206,1
medium_059,Medium,OpenMP,16,2,0.022581263,1
medium_059,Medium,OpenMP,16,3,0.022183180,1
medium_059,Medium,OpenMP,16,4,0.022212511,1
medium_059,Medium,OpenMP,16,5,0.022222816,1
medium_060,Medium,Serial,1,1,0.164193034,1
medium_060,Medium,Serial,1,2,0.093381834,1
medium_060,Medium,Serial,1,3,0.093585993,1
medium_060,Medium,Serial,1,4,0.093575725,1
medium_060,Medium,Serial,1,5,0.093567003,1
medium_060,Medium,Serial-MRV,1,1,0.024465717,1
medium_060,Medium,Serial-MRV,1,2,0.024500051,1
medium_060,Medium,Serial-MRV,1,3,0.024462439,1
medium_060,Medium,Serial-MRV,1,4,0.024463960,1
medium_060,Medium,Serial-MRV,1,5,0.024471768,1
medium_060,Medium,DLX,1,1,0.000171007,1
medium_060,Medium,DLX,1,2,0.000166394,1
medium_060,Medium,DLX,1,3,0.000165480,1
medium_060,Medium,DLX,1,4,0.000163911,1
medium_060,Medium,DLX,1,5,0.000171918,1
medium_060,Medium,DLX-OMP,4,1,0.000360654,1
medium_060,Medium,DLX-OMP,4,2,0.000302602,1
medium_060,Medium,DLX-OMP,4,3,0.000797485,1
medium_060,Medium,DLX-OMP,4,4,0.000434107,1
medium_060,Medium,DLX-OMP,4,5,0.000421566,1
medium_060,Medium,DLX-OMP,8,1,0.000530822,1
medium_060,Medium,DLX-OMP,8,2,0.000298354,1
medium_060,Medium,DLX-OMP,8,3,0.000420861,1
medium_060,Medium,DLX-OMP,8,4,0.000563240,1
medium_060,Medium,DLX-OMP,8,5,0.000421522,1
medium_060,Medium,DLX-OMP,16,1,0.000802591,1
medium_060,Medium,DLX-OMP,16,2,0.000585520,1
medium_060,Medium,DLX-OMP,16,3,0.000429640,1
medium_060,Medium,DLX-OMP,16,4,0.000606261,1
medium_060,Medium,DLX-OMP,16,5,0.000419315,1
medium_060,Medium,OpenMP,4,1,0.018976766,1
medium_060,Medium,OpenMP,4,2,0.019036017,1
medium_060,Medium,OpenMP,4,3,0.018987800,1
medium_060,Medium,OpenMP,4,4,0.018728533,1
medium_060,Medium,OpenMP,4,5,0.018719507,1
medium_060,Medium,OpenMP,8,1,0.032931303,1
medium_060,Medium,OpenMP,8,2,0.032494385,1
medium_060,Medium,OpenMP,8,3,0.032443450,1
medium_060,Medium,OpenMP,8,4,0.032474569,1
medium_060,Medium,OpenMP,8,5,0.032920286,1
medium_060,Medium,OpenMP,16,1,0.033718331,1
medium_060,Medium,OpenMP,16,2,0.032612124,1
medium_060,Medium,OpenMP,16,3,0.032574831,1
medium_060,Medium,OpenMP,16,4,0.032968285,1
medium_060,Medium,OpenMP,16,5,0.032608460,1
medium_061,Medium,Serial,1,1,0.280660241,1
medium_061,Medium,Serial,1,2,0.250260234,1
medium_061,Medium,Serial,1,3,0.196438296,1
medium_061,Medium,Serial,1,4,0.196053699,1
medium_061,Medium,Serial,1,5,0.196532924,1
medium_061,Medium,Serial-MRV,1,1,0.053257944,1
medium_061,Medium,Serial-MRV,1,2,0.052406326,1
medium_061,Medium,Serial-MRV,1,3,0.037261418,1
medium_061,Medium,Serial-MRV,1,4,0.037206504,1
medium_061,Medium,Serial-MRV,1,5,0.037627205,1
medium_061,Medium,DLX,1,1,0.000121624,1
medium_061,Medium,DLX,1,2,0.000119596,1
medium_061,Medium,DLX,1,3,0.000117370,1
medium_061,Medium,DLX,1,4,0.000117477,1
medium_061,Medium,DLX,1,5,0.000121751,1
medium_061,Medium,DLX-OMP,4,1,0.000323815,1
medium_061,Medium,DLX-OMP,4,2,0.000435590,1
medium_061,Medium,DLX-OMP,4,3,0.000296769,1
medium_061,Medium,DLX-OMP,4,4,0.000284371,1
medium_061,Medium,DLX-OMP,4,5,0.000395281,1
medium_061,Medium,DLX-OMP,8,1,0.000647021,1
medium_061,Medium,DLX-OMP,8,2,0.000587322,1
medium_061,Medium,DLX-OMP,8,3,0.000410432,1
medium_061,Medium,DLX-OMP,8,4,0.000232440,1
medium_061,Medium,DLX-OMP,8,5,0.000426643,1
medium_061,Medium,DLX-OMP,16,1,0.001179156,1
medium_061,Medium,DLX-OMP,16,2,0.000420762,1
medium_061,Medium,DLX-OMP,16,3,0.000620339,1
medium_061,Medium,DLX-OMP,16,4,0.000413643,1
medium_061,Medium,DLX-OMP,16,5,0.000590136,1
medium_061,Medium,OpenMP,4,1,0.029600637,1
medium_061,Medium,OpenMP,4,2,0.029340337,1
medium_061,Medium,OpenMP,4,3,0.029719493,1
medium_061,Medium,OpenMP,4,4,0.030213854,1
medium_061,Medium,OpenMP,4,5,0.030040567,1
medium_061,Medium,OpenMP,8,1,0.023848040,1
medium_061,Medium,OpenMP,8,2,0.029590091,1
medium_061,Medium,OpenMP,8,3,0.030010933,1
medium_061,Medium,OpenMP,8,4,0.029666406,1
medium_061,Medium,OpenMP,8,5,0.029701316,1
medium_061,Medium,OpenMP,16,1,0.030899305,1
medium_061,Medium,OpenMP,16,2,0.030119696,1
medium_061,Medium,OpenMP,16,3,0.029654786,1
medium_061,Medium,OpenMP,16,4,0.029820307,1
medium_061,Medium,OpenMP,16,5,0.029739994,1
medium_062,Medium,Serial,1,1,0.024428477,1
medium_062,Medium,Serial,1,2,0.024679000,1
medium_062,Medium,Serial,1,3,0.024326753,1
medium_062,Medium,Serial,1,4,0.024320399,1
medium_062,Medium,Serial,1,5,0.024306483,1
medium_062,Medium,Serial-MRV,1,1,0.027787682,1
medium_062,Medium,Serial-MRV,1,2,0.019172868,1
medium_062,Medium,Serial-MRV,1,3,0.015845756,1
medium_062,Medium,Serial-MRV,1,4,0.015830092,1
medium_062,Medium,Serial-MRV,1,5,0.015843859,1
medium_062,Medium,DLX,1,1,0.000173848,1
medium_062,Medium,DLX,1,2,0.000170742,1
medium_062,Medium,DLX,1,3,0.000168276,1
medium_062,Medium,DLX,1,4,0.000168306,1
medium_062,Medium,DLX,1,5,0.000168110,1
medium_062,Medium,DLX-OMP,4,1,0.000358009,1
medium_062,Medium,DLX-OMP,4,2,0.000447468,1
medium_062,Medium,DLX-OMP,4,3,0.000318917,1
medium_062,Medium,DLX-OMP,4,4,0.000425456,1
medium_062,Medium,DLX-OMP,4,5,0.000441999,1
medium_062,Medium,DLX-OMP,8,1,0.000532624,1
medium_062,Medium,DLX-OMP,8,2,0.000316098,1
medium_062,Medium,DLX-OMP,8,3,0.000309722,1
medium_062,Medium,DLX-OMP,8,4,0.000577992,1
medium_062,Medium,DLX-OMP,8,5,0.000581732,1
medium_062,Medium,DLX-OMP,16,1,0.001288879,1
medium_062,Medium,DLX-OMP,16,2,0.000455390,1
medium_062,Medium,DLX-OMP,16,3,0.000430785,1
medium_062,Medium,DLX-OMP,16,4,0.000459052,1
medium_062,Medium,DLX-OMP,16,5,0.000586968,1
medium_062,Medium,OpenMP,4,1,0.027877085,1
medium_062,Medium,OpenMP,4,2,0.027733096,1
medium_062,Medium,OpenMP,4,3,0.028091766,1
medium_062,Medium,OpenMP,4,4,0.027780347,1
medium_062,Medium,OpenMP,4,5,0.027729912,1
medium_062,Medium,OpenMP,8,1,0.027968481,1
medium_062,Medium,OpenMP,8,2,0.028160042,1
medium_062,Medium,OpenMP,8,3,0.027787171,1
medium_062,Medium,OpenMP,8,4,0.027796479,1
medium_062,Medium,OpenMP,8,5,0.027749969,1
medium_062,Medium,OpenMP,16,1,0.028868906,1
medium_062,Medium,OpenMP,16,2,0.027962340,1
medium_062,Medium,OpenMP,16,3,0.027934819,1
medium_062,Medium,OpenMP,16,4,0.027841661,1
medium_062,Medium,OpenMP,16,5,0.027940315,1
medium_063,Medium,Serial,1,1,0.083959996,1
medium_063,Medium,Serial,1,2,0.070776129,1
medium_063,Medium,Serial,1,3,0.047962050,1
medium_063,Medium,Serial,1,4,0.047966907,1
medium_063,Medium,Serial,1,5,0.048216941,1
medium_063,Medium,Serial-MRV,1,1,0.032553914,1
medium_063,Medium,Serial-MRV,1,2,0.032555695,1
medium_063,Medium,Serial-MRV,1,3,0.032897381,1
medium_063,Medium,Serial-MRV,1,4,0.032545788,1
medium_063,Medium,Serial-MRV,1,5,0.032545333,1
medium_063,Medium,DLX,1,1,0.000172245,1
medium_063,Medium,DLX,1,2,0.000168022,1
medium_063,Medium,DLX,1,3,0.000167470,1
medium_063,Medium,DLX,1,4,0.000166880,1
medium_063,Medium,DLX,1,5,0.000165582,1
medium_063,Medium,DLX-OMP,4,1,0.000363271,1
medium_063,Medium,DLX-OMP,4,2,0.000296000,1
medium_063,Medium,DLX-OMP,4,3,0.000475171,1
medium_063,Medium,DLX-OMP,4,4,0.000435474,1
medium_063,Medium,DLX-OMP,4,5,0.000415977,1
medium_063,Medium,DLX-OMP,8,1,0.000487313,1
medium_063,Medium,DLX-OMP,8,2,0.000582273,1
medium_063,Medium,DLX-OMP,8,3,0.000556951,1
medium_063,Medium,DLX-OMP,8,4,0.000433306,1
medium_063,Medium,DLX-OMP,8,5,0.000422642,1
medium_063,Medium,DLX-OMP,16,1,0.000843880,1
medium_063,Medium,DLX-OMP,16,2,0.000603916,1
medium_063,Medium,DLX-OMP,16,3,0.000570338,1
medium_063,Medium,DLX-OMP,16,4,0.000592586,1
medium_063,Medium,DLX-OMP,16,5,0.000565062,1
medium_063,Medium,OpenMP,4,1,0.007021130,1
medium_063,Medium,OpenMP,4,2,0.011791184,1
medium_063,Medium,OpenMP,4,3,0.011663357,1
medium_063,Medium,OpenMP,4,4,0.012144058,1
medium_063,Medium,OpenMP,4,5,0.006940301,1
medium_063,Medium,OpenMP,8,1,0.011671287,1
medium_063,Medium,OpenMP,8,2,0.007025779,1
medium_063,Medium,OpenMP,8,3,0.007015081,1
medium_063,Medium,OpenMP,8,4,0.007057050,1
medium_063,Medium,OpenMP,8,5,0.007024442,1
medium_063,Medium,OpenMP,16,1,0.012463484,1
medium_063,Medium,OpenMP,16,2,0.011834475,1
medium_063,Medium,OpenMP,16,3,0.011822109,1
medium_063,Medium,OpenMP,16,4,0.011879710,1
medium_063,Medium,OpenMP,16,5,0.011738047,1
medium_064,Medium,Serial,1,1,0.004229464,1
medium_064,Medium,Serial,1,2,0.004151986,1
medium_064,Medium,Serial,1,3,0.004148792,1
medium_064,Medium,Serial,1,4,0.004640382,1
medium_064,Medium,Serial,1,5,0.004584060,1
medium_064,Medium,Serial-MRV,1,1,0.020235656,1
medium_064,Medium,Serial-MRV,1,2,0.020215219,1
medium_064,Medium,Serial-MRV,1,3,0.020219281,1
medium_064,Medium,Serial-MRV,1,4,0.020219586,1
medium_064,Medium,Serial-MRV,1,5,0.020222345,1
medium_064,Medium,DLX,1,1,0.000248071,1
medium_064,Medium,DLX,1,2,0.000241676,1
medium_064,Medium,DLX,1,3,0.000247369,1
medium_064,Medium,DLX,1,4,0.000238561,1
medium_064,Medium,DLX,1,5,0.000237663,1
medium_064,Medium,DLX-OMP,4,1,0.000493798,1
medium_064,Medium,DLX-OMP,4,2,0.000559929,1
medium_064,Medium,DLX-OMP,4,3,0.000399478,1
medium_064,Medium,DLX-OMP,4,4,0.000380999,1
medium_064,Medium,DLX-OMP,4,5,0.000531165,1
medium_064,Medium,DLX-OMP,8,1,0.000636157,1
medium_064,Medium,DLX-OMP,8,2,0.000541303,1
medium_064,Medium,DLX-OMP,8,3,0.000514471,1
medium_064,Medium,DLX-OMP,8,4,0.000534027,1
medium_064,Medium,DLX-OMP,8,5,0.000509471,1
medium_064,Medium,DLX-OMP,16,1,0.000914241,1
medium_064,Medium,DLX-OMP,16,2,0.000393250,1
medium_064,Medium,DLX-OMP,16,3,0.000703589,1
medium_064,Medium,DLX-OMP,16,4,0.000686232,1
medium_064,Medium,DLX-OMP,16,5,0.000695351,1
medium_064,Medium,OpenMP,4,1,0.003520086,1
medium_064,Medium,OpenMP,4,2,0.005455730,1
medium_064,Medium,OpenMP,4,3,0.005031143,1
medium_064,Medium,OpenMP,4,4,0.005135755,1
medium_064,Medium,OpenMP,4,5,0.005132332,1
medium_064,Medium,OpenMP,8,1,0.005335711,1
medium_064,Medium,OpenMP,8,2,0.005319777,1
medium_064,Medium,OpenMP,8,3,0.003129345,1
medium_064,Medium,OpenMP,8,4,0.005192509,1
medium_064,Medium,OpenMP,8,5,0.005186617,1
medium_064,Medium,OpenMP,16,1,0.006043045,1
medium_064,Medium,OpenMP,16,2,0.005219824,1
medium_064,Medium,OpenMP,16,3,0.005253356,1
medium_064,Medium,OpenMP,16,4,0.005280577,1
medium_064,Medium,OpenMP,16,5,0.005394145,1
medium_065,Medium,Serial,1,1,0.022010887,1
medium_065,Medium,Serial,1,2,0.021944031,1
medium_065,Medium,Serial,1,3,0.023326381,1
medium_065,Medium,Serial,1,4,0.024285372,1
medium_065,Medium,Serial,1,5,0.024263336,1
medium_065,Medium,Serial-MRV,1,1,0.027518793,1
medium_065,Medium,Serial-MRV,1,2,0.027511579,1
medium_065,Medium,Serial-MRV,1,3,0.026263630,1
medium_065,Medium,Serial-MRV,1,4,0.024953085,1
medium_065,Medium,Serial-MRV,1,5,0.024684230,1
medium_065,Medium,DLX,1,1,0.000169947,1
medium_065,Medium,DLX,1,2,0.000171859,1
medium_065,Medium,DLX,1,3,0.000164735,1
medium_065,Medium,DLX,1,4,0.000164640,1
medium_065,Medium,DLX,1,5,0.000163608,1
medium_065,Medium,DLX-OMP,4,1,0.000361944,1
medium_065,Medium,DLX-OMP,4,2,0.000443945,1
medium_065,Medium,DLX-OMP,4,3,0.000432598,1
medium_065,Medium,DLX-OMP,4,4,0.000434812,1
medium_065,Medium,DLX-OMP,4,5,0.000288917,1
medium_065,Medium,DLX-OMP,8,1,0.000523914,1
medium_065,Medium,DLX-OMP,8,2,0.000293478,1
medium_065,Medium,DLX-OMP,8,3,0.000412640,1
medium_065,Medium,DLX-OMP,8,4,0.000441761,1
medium_065,Medium,DLX-OMP,8,5,0.000413828,1
medium_065,Medium,DLX-OMP,16,1,0.001400446,1
medium_065,Medium,DLX-OMP,16,2,0.000417338,1
medium_065,Medium,DLX-OMP,16,3,0.000594585,1
medium_065,Medium,DLX-OMP,16,4,0.000571293,1
medium_065,Medium,DLX-OMP,16,5,0.000624717,1
medium_065,Medium,OpenMP,4,1,0.025405029,1
medium_065,Medium,OpenMP,4,2,0.025662804,1
medium_065,Medium,OpenMP,4,3,0.025327180,1
medium_065,Medium,OpenMP,4,4,0.025346468,1
medium_065,Medium,OpenMP,4,5,0.043433911,1
medium_065,Medium,OpenMP,8,1,0.044020438,1
medium_065,Medium,OpenMP,8,2,0.043561692,1
medium_065,Medium,OpenMP,8,3,0.043551737,1
medium_065,Medium,OpenMP,8,4,0.043929887,1
medium_065,Medium,OpenMP,8,5,0.043558365,1
medium_065,Medium,OpenMP,16,1,0.045322170,1
medium_065,Medium,OpenMP,16,2,0.044041339,1
medium_065,Medium,OpenMP,16,3,0.043632104,1
medium_065,Medium,OpenMP,16,4,0.043738410,1
medium_065,Medium,OpenMP,16,5,0.044012692,1
medium_066,Medium,Serial,1,1,0.017895911,1
medium_066,Medium,Serial,1,2,0.017786038,1
medium_066,Medium,Serial,1,3,0.017759731,1
medium_066,Medium,Serial,1,4,0.017786245,1
medium_066,Medium,Serial,1,5,0.017774204,1
medium_066,Medium,Serial-MRV,1,1,0.030243769,1
medium_066,Medium,Serial-MRV,1,2,0.029601541,1
medium_066,Medium,Serial-MRV,1,3,0.029469700,1
medium_066,Medium,Serial-MRV,1,4,0.029427564,1
medium_066,Medium,Serial-MRV,1,5,0.020286909,1
medium_066,Medium,DLX,1,1,0.000178064,1
medium_066,Medium,DLX,1,2,0.000169975,1
medium_066,Medium,DLX,1,3,0.000169998,1
medium_066,Medium,DLX,1,4,0.000185425,1
medium_066,Medium,DLX,1,5,0.000175114,1
medium_066,Medium,DLX-OMP,4,1,0.000368331,1
medium_066,Medium,DLX-OMP,4,2,0.000451279,1
medium_066,Medium,DLX-OMP,4,3,0.000467164,1
medium_066,Medium,DLX-OMP,4,4,0.000425691,1
medium_066,Medium,DLX-OMP,4,5,0.000434408,1
medium_066,Medium,DLX-OMP,8,1,0.000697482,1
medium_066,Medium,DLX-OMP,8,2,0.000438435,1
medium_066,Medium,DLX-OMP,8,3,0.000430966,1
medium_066,Medium,DLX-OMP,8,4,0.000320770,1
medium_066,Medium,DLX-OMP,8,5,0.000582373,1
medium_066,Medium,DLX-OMP,16,1,0.001544815,1
medium_066,Medium,DLX-OMP,16,2,0.000631060,1
medium_066,Medium,DLX-OMP,16,3,0.000433381,1
medium_066,Medium,DLX-OMP,16,4,0.000451172,1
medium_066,Medium,DLX-OMP,16,5,0.000464841,1
medium_066,Medium,OpenMP,4,1,0.029931618,1
medium_066,Medium,OpenMP,4,2,0.029716057,1
medium_066,Medium,OpenMP,4,3,0.017193102,1
medium_066,Medium,OpenMP,4,4,0.030106368,1
medium_066,Medium,OpenMP,4,5,0.029671545,1
medium_066,Medium,OpenMP,8,1,0.029945314,1
medium_066,Medium,OpenMP,8,2,0.029842803,1
medium_066,Medium,OpenMP,8,3,0.029807989,1
medium_066,Medium,OpenMP,8,4,0.030172043,1
medium_066,Medium,OpenMP,8,5,0.029823224,1
medium_066,Medium,OpenMP,16,1,0.030260238,1
medium_066,Medium,OpenMP,16,2,0.029983118,1
medium_066,Medium,OpenMP,16,3,0.030290566,1
medium_066,Medium,OpenMP,16,4,0.029929493,1
medium_066,Medium,OpenMP,16,5,0.029925001,1
medium_067,Medium,Serial,1,1,0.015606417,1
medium_067,Medium,Serial,1,2,0.015454172,1
medium_067,Medium,Serial,1,3,0.015842242,1
medium_067,Medium,Serial,1,4,0.015456421,1
medium_067,Medium,Serial,1,5,0.015467220,1
medium_067,Medium,Serial-MRV,1,1,0.024000840,1
medium_067,Medium,Serial-MRV,1,2,0.024022302,1
medium_067,Medium,Serial-MRV,1,3,0.024007115,1
medium_067,Medium,Serial-MRV,1,4,0.020540691,1
medium_067,Medium,Serial-MRV,1,5,0.013686078,1
medium_067,Medium,DLX,1,1,0.000173562,1
medium_067,Medium,DLX,1,2,0.000167945,1
medium_067,Medium,DLX,1,3,0.000165686,1
medium_067,Medium,DLX,1,4,0.000165370,1
medium_067,Medium,DLX,1,5,0.000189134,1
medium_067,Medium,DLX-OMP,4,1,0.000368865,1
medium_067,Medium,DLX-OMP,4,2,0.000312215,1
medium_067,Medium,DLX-OMP,4,3,0.000442292,1
medium_067,Medium,DLX-OMP,4,4,0.000418109,1
medium_067,Medium,DLX-OMP,4,5,0.000306882,1
medium_067,Medium,DLX-OMP,8,1,0.000693213,1
medium_067,Medium,DLX-OMP,8,2,0.000450351,1
medium_067,Medium,DLX-OMP,8,3,0.000295907,1
medium_067,Medium,DLX-OMP,8,4,0.000581755,1
medium_067,Medium,DLX-OMP,8,5,0.000421566,1
medium_067,Medium,DLX-OMP,16,1,0.001418934,1
medium_067,Medium,DLX-OMP,16,2,0.000598282,1
medium_067,Medium,DLX-OMP,16,3,0.000592828,1
medium_067,Medium,DLX-OMP,16,4,0.000448548,1
medium_067,Medium,DLX-OMP,16,5,0.000462482,1
medium_067,Medium,OpenMP,4,1,0.023852823,1
medium_067,Medium,OpenMP,4,2,0.013826539,1
medium_067,Medium,OpenMP,4,3,0.013815337,1
medium_067,Medium,OpenMP,4,4,0.013775055,1
medium_067,Medium,OpenMP,4,5,0.023674283,1
medium_067,Medium,OpenMP,8,1,0.014243351,1
medium_067,Medium,OpenMP,8,2,0.023829321,1
medium_067,Medium,OpenMP,8,3,0.023862891,1
medium_067,Medium,OpenMP,8,4,0.023876404,1
medium_067,Medium,OpenMP,8,5,0.023842078,1
medium_067,Medium,OpenMP,16,1,0.024462669,1
medium_067,Medium,OpenMP,16,2,0.023978545,1
medium_067,Medium,OpenMP,16,3,0.023905074,1
medium_067,Medium,OpenMP,16,4,0.024190402,1
medium_067,Medium,OpenMP,16,5,0.023990419,1
medium_068,Medium,Serial,1,1,0.027911759,1
medium_068,Medium,Serial,1,2,0.027402651,1
medium_068,Medium,Serial,1,3,0.027848603,1
medium_068,Medium,Serial,1,4,0.027428501,1
medium_068,Medium,Serial,1,5,0.027420262,1
medium_068,Medium,Serial-MRV,1,1,0.021772240,1
medium_068,Medium,Serial-MRV,1,2,0.015515868,1
medium_068,Medium,Serial-MRV,1,3,0.015705273,1
medium_068,Medium,Serial-MRV,1,4,0.015665947,1
medium_068,Medium,Serial-MRV,1,5,0.015675929,1
medium_068,Medium,DLX,1,1,0.000171478,1
medium_068,Medium,DLX,1,2,0.000172382,1
medium_068,Medium,DLX,1,3,0.000165595,1
medium_068,Medium,DLX,1,4,0.000164599,1
medium_068,Medium,DLX,1,5,0.000164838,1
medium_068,Medium,DLX-OMP,4,1,0.000374803,1
medium_068,Medium,DLX-OMP,4,2,0.000444860,1
medium_068,Medium,DLX-OMP,4,3,0.000415135,1
medium_068,Medium,DLX-OMP,4,4,0.000424616,1
medium_068,Medium,DLX-OMP,4,5,0.000410804,1
medium_068,Medium,DLX-OMP,8,1,0.000660095,1
medium_068,Medium,DLX-OMP,8,2,0.000418919,1
medium_068,Medium,DLX-OMP,8,3,0.000434269,1
medium_068,Medium,DLX-OMP,8,4,0.000433185,1
medium_068,Medium,DLX-OMP,8,5,0.000580188,1
medium_068,Medium,DLX-OMP,16,1,0.001996839,1
medium_068,Medium,DLX-OMP,16,2,0.000422163,1
medium_068,Medium,DLX-OMP,16,3,0.000337082,1
medium_068,Medium,DLX-OMP,16,4,0.000435903,1
medium_068,Medium,DLX-OMP,16,5,0.000594294,1
medium_068,Medium,OpenMP,4,1,0.016909048,1
medium_068,Medium,OpenMP,4,2,0.016715130,1
medium_068,Medium,OpenMP,4,3,0.017088688,1
medium_068,Medium,OpenMP,4,4,0.016732346,1
medium_068,Medium,OpenMP,4,5,0.016825076,1
medium_068,Medium,OpenMP,8,1,0.016899667,1
medium_068,Medium,OpenMP,8,2,0.016842722,1
medium_068,Medium,OpenMP,8,3,0.011963113,1
medium_068,Medium,OpenMP,8,4,0.016870692,1
medium_068,Medium,OpenMP,8,5,0.016885342,1
medium_068,Medium,OpenMP,16,1,0.017664157,1
medium_068,Medium,OpenMP,16,2,0.016965915,1
medium_068,Medium,OpenMP,16,3,0.016962949,1
medium_068,Medium,OpenMP,16,4,0.016947313,1
medium_068,Medium,OpenMP,16,5,0.016951768,1
medium_069,Medium,Serial,1,1,0.014315982,1
medium_069,Medium,Serial,1,2,0.014244425,1
medium_069,Medium,Serial,1,3,0.014226708,1
medium_069,Medium,Serial,1,4,0.014627244,1
medium_069,Medium,Serial,1,5,0.014229045,1
medium_069,Medium,Serial-MRV,1,1,0.035196509,1
medium_069,Medium,Serial-MRV,1,2,0.035221301,1
medium_069,Medium,Serial-MRV,1,3,0.032161870,1
medium_069,Medium,Serial-MRV,1,4,0.020074648,1
medium_069,Medium,Serial-MRV,1,5,0.020084569,1
medium_069,Medium,DLX,1,1,0.000169662,1
medium_069,Medium,DLX,1,2,0.000165595,1
medium_069,Medium,DLX,1,3,0.000164092,1
medium_069,Medium,DLX,1,4,0.000163903,1
medium_069,Medium,DLX,1,5,0.000164659,1
medium_069,Medium,DLX-OMP,4,1,0.000369022,1
medium_069,Medium,DLX-OMP,4,2,0.000443422,1
medium_069,Medium,DLX-OMP,4,3,0.000431370,1
medium_069,Medium,DLX-OMP,4,4,0.000293512,1
medium_069,Medium,DLX-OMP,4,5,0.000290780,1
medium_069,Medium,DLX-OMP,8,1,0.000516922,1
medium_069,Medium,DLX-OMP,8,2,0.000293665,1
medium_069,Medium,DLX-OMP,8,3,0.000331964,1
medium_069,Medium,DLX-OMP,8,4,0.000566636,1
medium_069,Medium,DLX-OMP,8,5,0.000433939,1
medium_069,Medium,DLX-OMP,16,1,0.002118814,1
medium_069,Medium,DLX-OMP,16,2,0.000430437,1
medium_069,Medium,DLX-OMP,16,3,0.000336537,1
medium_069,Medium,DLX-OMP,16,4,0.000572530,1
medium_069,Medium,DLX-OMP,16,5,0.000460009,1
medium_069,Medium,OpenMP,4,1,0.005447681,1
medium_069,Medium,OpenMP,4,2,0.003331430,1
medium_069,Medium,OpenMP,4,3,0.005435489,1
medium_069,Medium,OpenMP,4,4,0.003290087,1
medium_069,Medium,OpenMP,4,5,0.005398609,1
medium_069,Medium,OpenMP,8,1,0.005515795,1
medium_069,Medium,OpenMP,8,2,0.005418094,1
medium_069,Medium,OpenMP,8,3,0.005423176,1
medium_069,Medium,OpenMP,8,4,0.003286644,1
medium_069,Medium,OpenMP,8,5,0.005491072,1
medium_069,Medium,OpenMP,16,1,0.005831864,1
medium_069,Medium,OpenMP,16,2,0.005610467,1
medium_069,Medium,OpenMP,16,3,0.005470384,1
medium_069,Medium,OpenMP,16,4,0.005811217,1
medium_069,Medium,OpenMP,16,5,0.005522106,1
medium_070,Medium,Serial,1,1,0.136251546,1
medium_070,Medium,Serial,1,2,0.136109138,1
medium_070,Medium,Serial,1,3,0.136140198,1
medium_070,Medium,Serial,1,4,0.136918109,1
medium_070,Medium,Serial,1,5,0.137422823,1
medium_070,Medium,Serial-MRV,1,1,0.008798765,1
medium_070,Medium,Serial-MRV,1,2,0.008816191,1
medium_070,Medium,Serial-MRV,1,3,0.007761743,1
medium_070,Medium,Serial-MRV,1,4,0.006179819,1
medium_070,Medium,Serial-MRV,1,5,0.006163353,1
medium_070,Medium,DLX,1,1,0.000118616,1
medium_070,Medium,DLX,1,2,0.000118708,1
medium_070,Medium,DLX,1,3,0.000113392,1
medium_070,Medium,DLX,1,4,0.000113051,1
medium_070,Medium,DLX,1,5,0.000112873,1
medium_070,Medium,DLX-OMP,4,1,0.000316630,1
medium_070,Medium,DLX-OMP,4,2,0.000324418,1
medium_070,Medium,DLX-OMP,4,3,0.000407614,1
medium_070,Medium,DLX-OMP,4,4,0.000387671,1
medium_070,Medium,DLX-OMP,4,5,0.000256923,1
medium_070,Medium,DLX-OMP,8,1,0.000556583,1
medium_070,Medium,DLX-OMP,8,2,0.000570956,1
medium_070,Medium,DLX-OMP,8,3,0.000387805,1
medium_070,Medium,DLX-OMP,8,4,0.000425201,1
medium_070,Medium,DLX-OMP,8,5,0.000275527,1
medium_070,Medium,DLX-OMP,16,1,0.001940484,1
medium_070,Medium,DLX-OMP,16,2,0.000594828,1
medium_070,Medium,DLX-OMP,16,3,0.000547333,1
medium_070,Medium,DLX-OMP,16,4,0.000594736,1
medium_070,Medium,DLX-OMP,16,5,0.000544165,1
medium_070,Medium,OpenMP,4,1,0.016067149,1
medium_070,Medium,OpenMP,4,2,0.015476400,1
medium_070,Medium,OpenMP,4,3,0.015585923,1
medium_070,Medium,OpenMP,4,4,0.015457285,1
medium_070,Medium,OpenMP,4,5,0.015457478,1
medium_070,Medium,OpenMP,8,1,0.015631933,1
medium_070,Medium,OpenMP,8,2,0.015610942,1
medium_070,Medium,OpenMP,8,3,0.015518488,1
medium_070,Medium,OpenMP,8,4,0.007102201,1
medium_070,Medium,OpenMP,8,5,0.007465090,1
medium_070,Medium,OpenMP,16,1,0.016048630,1
medium_070,Medium,OpenMP,16,2,0.015703910,1
medium_070,Medium,OpenMP,16,3,0.015697031,1
medium_070,Medium,OpenMP,16,4,0.015702077,1
medium_070,Medium,OpenMP,16,5,0.015713811,1
medium_071,Medium,Serial,1,1,0.015406396,1
medium_071,Medium,Serial,1,2,0.015293328,1
medium_071,Medium,Serial,1,3,0.015650053,1
medium_071,Medium,Serial,1,4,0.015295288,1
medium_071,Medium,Serial,1,5,0.015278512,1
medium_071,Medium,Serial-MRV,1,1,0.035246711,1
medium_071,Medium,Serial-MRV,1,2,0.034765896,1
medium_071,Medium,Serial-MRV,1,3,0.030093801,1
medium_071,Medium,Serial-MRV,1,4,0.019823801,1
medium_071,Medium,Serial-MRV,1,5,0.019832177,1
medium_071,Medium,DLX,1,1,0.000169693,1
medium_071,Medium,DLX,1,2,0.000171394,1
medium_071,Medium,DLX,1,3,0.000164332,1
medium_071,Medium,DLX,1,4,0.000162580,1
medium_071,Medium,DLX,1,5,0.000163386,1
medium_071,Medium,DLX-OMP,4,1,0.000377230,1
medium_071,Medium,DLX-OMP,4,2,0.000442791,1
medium_071,Medium,DLX-OMP,4,3,0.000424977,1
medium_071,Medium,DLX-OMP,4,4,0.000421168,1
medium_071,Medium,DLX-OMP,4,5,0.000426929,1
medium_071,Medium,DLX-OMP,8,1,0.000504594,1
medium_071,Medium,DLX-OMP,8,2,0.000547535,1
medium_071,Medium,DLX-OMP,8,3,0.000581465,1
medium_071,Medium,DLX-OMP,8,4,0.000594156,1
medium_071,Medium,DLX-OMP,8,5,0.000426284,1
medium_071,Medium,DLX-OMP,16,1,0.001943719,1
medium_071,Medium,DLX-OMP,16,2,0.000455487,1
medium_071,Medium,DLX-OMP,16,3,0.000415585,1
medium_071,Medium,DLX-OMP,16,4,0.000304361,1
medium_071,Medium,DLX-OMP,16,5,0.000470806,1
medium_071,Medium,OpenMP,4,1,0.006245568,1
medium_071,Medium,OpenMP,4,2,0.009952740,1
medium_071,Medium,OpenMP,4,3,0.010540895,1
medium_071,Medium,OpenMP,4,4,0.010532103,1
medium_071,Medium,OpenMP,4,5,0.010565527,1
medium_071,Medium,OpenMP,8,1,0.005938191,1
medium_071,Medium,OpenMP,8,2,0.009876708,1
medium_071,Medium,OpenMP,8,3,0.010262047,1
medium_071,Medium,OpenMP,8,4,0.009768741,1
medium_071,Medium,OpenMP,8,5,0.009825733,1
medium_071,Medium,OpenMP,16,1,0.010267007,1
medium_071,Medium,OpenMP,16,2,0.009954751,1
medium_071,Medium,OpenMP,16,3,0.009983074,1
medium_071,Medium,OpenMP,16,4,0.009925436,1
medium_071,Medium,OpenMP,16,5,0.009974642,1
medium_072,Medium,Serial,1,1,0.050596403,1
medium_072,Medium,Serial,1,2,0.067017864,1
medium_072,Medium,Serial,1,3,0.064891121,1
medium_072,Medium,Serial,1,4,0.048136605,1
medium_072,Medium,Serial,1,5,0.048064967,1
medium_072,Medium,Serial-MRV,1,1,0.018776302,1
medium_072,Medium,Serial-MRV,1,2,0.019148941,1
medium_072,Medium,Serial-MRV,1,3,0.018782908,1
medium_072,Medium,Serial-MRV,1,4,0.018787211,1
medium_072,Medium,Serial-MRV,1,5,0.018784983,1
medium_072,Medium,DLX,1,1,0.000185561,1
medium_072,Medium,DLX,1,2,0.000185078,1
medium_072,Medium,DLX,1,3,0.000177581,1
medium_072,Medium,DLX,1,4,0.000176684,1
medium_072,Medium,DLX,1,5,0.000176544,1
medium_072,Medium,DLX-OMP,4,1,0.000372246,1
medium_072,Medium,DLX-OMP,4,2,0.000461437,1
medium_072,Medium,DLX-OMP,4,3,0.000436004,1
medium_072,Medium,DLX-OMP,4,4,0.000311001,1
medium_072,Medium,DLX-OMP,4,5,0.000432842,1
medium_072,Medium,DLX-OMP,8,1,0.000564272,1
medium_072,Medium,DLX-OMP,8,2,0.000449503,1
medium_072,Medium,DLX-OMP,8,3,0.000460630,1
medium_072,Medium,DLX-OMP,8,4,0.000307647,1
medium_072,Medium,DLX-OMP,8,5,0.000304830,1
medium_072,Medium,DLX-OMP,16,1,0.001424927,1
medium_072,Medium,DLX-OMP,16,2,0.000598645,1
medium_072,Medium,DLX-OMP,16,3,0.000338583,1
medium_072,Medium,DLX-OMP,16,4,0.000456982,1
medium_072,Medium,DLX-OMP,16,5,0.000462875,1
medium_072,Medium,OpenMP,4,1,0.033074802,1
medium_072,Medium,OpenMP,4,2,0.021499263,1
medium_072,Medium,OpenMP,4,3,0.032871586,1
medium_072,Medium,OpenMP,4,4,0.032979632,1
medium_072,Medium,OpenMP,4,5,0.032935768,1
medium_072,Medium,OpenMP,8,1,0.033422843,1
medium_072,Medium,OpenMP,8,2,0.032987791,1
medium_072,Medium,OpenMP,8,3,0.032993401,1
medium_072,Medium,OpenMP,8,4,0.033007583,1
medium_072,Medium,OpenMP,8,5,0.033333626,1
medium_072,Medium,OpenMP,16,1,0.034246700,1
medium_072,Medium,OpenMP,16,2,0.033075825,1
medium_072,Medium,OpenMP,16,3,0.033517479,1
medium_072,Medium,OpenMP,16,4,0.033110108,1
medium_072,Medium,OpenMP,16,5,0.033055623,1
medium_073,Medium,Serial,1,1,0.018744150,1
medium_073,Medium,Serial,1,2,0.018627979,1
medium_073,Medium,Serial,1,3,0.018995543,1
medium_073,Medium,Serial,1,4,0.018633539,1
medium_073,Medium,Serial,1,5,0.018619709,1
medium_073,Medium,Serial-MRV,1,1,0.061524137,1
medium_073,Medium,Serial-MRV,1,2,0.046545091,1
medium_073,Medium,Serial-MRV,1,3,0.035147182,1
medium_073,Medium,Serial-MRV,1,4,0.035106634,1
medium_073,Medium,Serial-MRV,1,5,0.035389181,1
medium_073,Medium,DLX,1,1,0.000169636,1
medium_073,Medium,DLX,1,2,0.000163881,1
medium_073,Medium,DLX,1,3,0.000162812,1
medium_073,Medium,DLX,1,4,0.000162855,1
medium_073,Medium,DLX,1,5,0.000163083,1
medium_073,Medium,DLX-OMP,4,1,0.000376860,1
medium_073,Medium,DLX-OMP,4,2,0.000294946,1
medium_073,Medium,DLX-OMP,4,3,0.000439436,1
medium_073,Medium,DLX-OMP,4,4,0.000310179,1
medium_073,Medium,DLX-OMP,4,5,0.000414381,1
medium_073,Medium,DLX-OMP,8,1,0.000670726,1
medium_073,Medium,DLX-OMP,8,2,0.000565821,1
medium_073,Medium,DLX-OMP,8,3,0.000312053,1
medium_073,Medium,DLX-OMP,8,4,0.000545585,1
medium_073,Medium,DLX-OMP,8,5,0.000440002,1
medium_073,Medium,DLX-OMP,16,1,0.000867555,1
medium_073,Medium,DLX-OMP,16,2,0.000298569,1
medium_073,Medium,DLX-OMP,16,3,0.000420281,1
medium_073,Medium,DLX-OMP,16,4,0.000325946,1
medium_073,Medium,DLX-OMP,16,5,0.000293373,1
medium_073,Medium,OpenMP,4,1,0.012100713,1
medium_073,Medium,OpenMP,4,2,0.007452927,1
medium_073,Medium,OpenMP,4,3,0.005060867,1
medium_073,Medium,OpenMP,4,4,0.012007413,1
medium_073,Medium,OpenMP,4,5,0.005054908,1
medium_073,Medium,OpenMP,8,1,0.005217562,1
medium_073,Medium,OpenMP,8,2,0.005066410,1
medium_073,Medium,OpenMP,8,3,0.005050562,1
medium_073,Medium,OpenMP,8,4,0.004997853,1
medium_073,Medium,OpenMP,8,5,0.005087164,1
medium_073,Medium,OpenMP,16,1,0.005295762,1
medium_073,Medium,OpenMP,16,2,0.005251204,1
medium_073,Medium,OpenMP,16,3,0.005262466,1
medium_073,Medium,OpenMP,16,4,0.005319014,1
medium_073,Medium,OpenMP,16,5,0.005242756,1
medium_074,Medium,Serial,1,1,0.025468018,1
medium_074,Medium,Serial,1,2,0.027265047,1
medium_074,Medium,Serial,1,3,0.027236220,1
medium_074,Medium,Serial,1,4,0.027231630,1
medium_074,Medium,Serial,1,5,0.027412809,1
medium_074,Medium,Serial-MRV,1,1,0.021240723,1
medium_074,Medium,Serial-MRV,1,2,0.019781273,1
medium_074,Medium,Serial-MRV,1,3,0.019728944,1
medium_074,Medium,Serial-MRV,1,4,0.019731469,1
medium_074,Medium,Serial-MRV,1,5,0.019733046,1
medium_074,Medium,DLX,1,1,0.000234737,1
medium_074,Medium,DLX,1,2,0.000233389,1
medium_074,Medium,DLX,1,3,0.000225540,1
medium_074,Medium,DLX,1,4,0.000225401,1
medium_074,Medium,DLX,1,5,0.000223986,1
medium_074,Medium,DLX-OMP,4,1,0.000435615,1
medium_074,Medium,DLX-OMP,4,2,0.000551774,1
medium_074,Medium,DLX-OMP,4,3,0.000544922,1
medium_074,Medium,DLX-OMP,4,4,0.000521129,1
medium_074,Medium,DLX-OMP,4,5,0.000534697,1
medium_074,Medium,DLX-OMP,8,1,0.000645749,1
medium_074,Medium,DLX-OMP,8,2,0.000354927,1
medium_074,Medium,DLX-OMP,8,3,0.000541176,1
medium_074,Medium,DLX-OMP,8,4,0.000354550,1
medium_074,Medium,DLX-OMP,8,5,0.000352212,1
medium_074,Medium,DLX-OMP,16,1,0.001906684,1
medium_074,Medium,DLX-OMP,16,2,0.000394865,1
medium_074,Medium,DLX-OMP,16,3,0.000686077,1
medium_074,Medium,DLX-OMP,16,4,0.000385271,1
medium_074,Medium,DLX-OMP,16,5,0.000705832,1
medium_074,Medium,OpenMP,4,1,0.034938100,1
medium_074,Medium,OpenMP,4,2,0.019872317,1
medium_074,Medium,OpenMP,4,3,0.034448262,1
medium_074,Medium,OpenMP,4,4,0.034401192,1
medium_074,Medium,OpenMP,4,5,0.034780309,1
medium_074,Medium,OpenMP,8,1,0.034715143,1
medium_074,Medium,OpenMP,8,2,0.034552533,1
medium_074,Medium,OpenMP,8,3,0.034556595,1
medium_074,Medium,OpenMP,8,4,0.034945152,1
medium_074,Medium,OpenMP,8,5,0.034568661,1
medium_074,Medium,OpenMP,16,1,0.035345631,1
medium_074,Medium,OpenMP,16,2,0.035054822,1
medium_074,Medium,OpenMP,16,3,0.034672949,1
medium_074,Medium,OpenMP,16,4,0.034625654,1
medium_074,Medium,OpenMP,16,5,0.034636860,1
medium_075,Medium,Serial,1,1,0.025139561,1
medium_075,Medium,Serial,1,2,0.024611088,1
medium_075,Medium,Serial,1,3,0.024816174,1
medium_075,Medium,Serial,1,4,0.024849796,1
medium_075,Medium,Serial,1,5,0.024840489,1
medium_075,Medium,Serial-MRV,1,1,0.037249284,1
medium_075,Medium,Serial-MRV,1,2,0.028417010,1
medium_075,Medium,Serial-MRV,1,3,0.028392517,1
medium_075,Medium,Serial-MRV,1,4,0.028402398,1
medium_075,Medium,Serial-MRV,1,5,0.028709986,1
medium_075,Medium,DLX,1,1,0.000181423,1
medium_075,Medium,DLX,1,2,0.000176724,1
medium_075,Medium,DLX,1,3,0.000180353,1
medium_075,Medium,DLX,1,4,0.000174092,1
medium_075,Medium,DLX,1,5,0.000173833,1
medium_075,Medium,DLX-OMP,4,1,0.000379678,1
medium_075,Medium,DLX-OMP,4,2,0.000332660,1
medium_075,Medium,DLX-OMP,4,3,0.000445075,1
medium_075,Medium,DLX-OMP,4,4,0.000454939,1
medium_075,Medium,DLX-OMP,4,5,0.000436079,1
medium_075,Medium,DLX-OMP,8,1,0.000541522,1
medium_075,Medium,DLX-OMP,8,2,0.000595586,1
medium_075,Medium,DLX-OMP,8,3,0.000457297,1
medium_075,Medium,DLX-OMP,8,4,0.000589058,1
medium_075,Medium,DLX-OMP,8,5,0.000602326,1
medium_075,Medium,DLX-OMP,16,1,0.001744744,1
medium_075,Medium,DLX-OMP,16,2,0.000435228,1
medium_075,Medium,DLX-OMP,16,3,0.000617602,1
medium_075,Medium,DLX-OMP,16,4,0.000441856,1
medium_075,Medium,DLX-OMP,16,5,0.000491506,1
medium_075,Medium,OpenMP,4,1,0.012699857,1
medium_075,Medium,OpenMP,4,2,0.012524228,1
medium_075,Medium,OpenMP,4,3,0.012598744,1
medium_075,Medium,OpenMP,4,4,0.007316316,1
medium_075,Medium,OpenMP,4,5,0.012509100,1
medium_075,Medium,OpenMP,8,1,0.012594172,1
medium_075,Medium,OpenMP,8,2,0.012706851,1
medium_075,Medium,OpenMP,8,3,0.012676915,1
medium_075,Medium,OpenMP,8,4,0.012533474,1
medium_075,Medium,OpenMP,8,5,0.012986097,1
medium_075,Medium,OpenMP,16,1,0.013117796,1
medium_075,Medium,OpenMP,16,2,0.012792367,1
medium_075,Medium,OpenMP,16,3,0.012917775,1
medium_075,Medium,OpenMP,16,4,0.012801411,1
medium_075,Medium,OpenMP,16,5,0.012784898,1
medium_076,Medium,Serial,1,1,0.026510092,1
medium_076,Medium,Serial,1,2,0.026747399,1
medium_076,Medium,Serial,1,3,0.026391886,1
medium_076,Medium,Serial,1,4,0.026395076,1
medium_076,Medium,Serial,1,5,0.026380132,1
medium_076,Medium,Serial-MRV,1,1,0.022650099,1
medium_076,Medium,Serial-MRV,1,2,0.020645729,1
medium_076,Medium,Serial-MRV,1,3,0.012948166,1
medium_076,Medium,Serial-MRV,1,4,0.012921759,1
medium_076,Medium,Serial-MRV,1,5,0.012921258,1
medium_076,Medium,DLX,1,1,0.000170326,1
medium_076,Medium,DLX,1,2,0.000166146,1
medium_076,Medium,DLX,1,3,0.000165349,1
medium_076,Medium,DLX,1,4,0.000170193,1
medium_076,Medium,DLX,1,5,0.000163913,1
medium_076,Medium,DLX-OMP,4,1,0.000361890,1
medium_076,Medium,DLX-OMP,4,2,0.000467589,1
medium_076,Medium,DLX-OMP,4,3,0.000295038,1
medium_076,Medium,DLX-OMP,4,4,0.000309198,1
medium_076,Medium,DLX-OMP,4,5,0.000437402,1
medium_076,Medium,DLX-OMP,8,1,0.000524393,1
medium_076,Medium,DLX-OMP,8,2,0.000588969,1
medium_076,Medium,DLX-OMP,8,3,0.000588052,1
medium_076,Medium,DLX-OMP,8,4,0.000413136,1
medium_076,Medium,DLX-OMP,8,5,0.000412356,1
medium_076,Medium,DLX-OMP,16,1,0.001930965,1
medium_076,Medium,DLX-OMP,16,2,0.000637265,1
medium_076,Medium,DLX-OMP,16,3,0.000435685,1
medium_076,Medium,DLX-OMP,16,4,0.000615045,1
medium_076,Medium,DLX-OMP,16,5,0.000447556,1
medium_076,Medium,OpenMP,4,1,0.013292134,1
medium_076,Medium,OpenMP,4,2,0.022569861,1
medium_076,Medium,OpenMP,4,3,0.022618053,1
medium_076,Medium,OpenMP,4,4,0.022920234,1
medium_076,Medium,OpenMP,4,5,0.022604654,1
medium_076,Medium,OpenMP,8,1,0.022771398,1
medium_076,Medium,OpenMP,8,2,0.022659523,1
medium_076,Medium,OpenMP,8,3,0.022648263,1
medium_076,Medium,OpenMP,8,4,0.022663244,1
medium_076,Medium,OpenMP,8,5,0.023005609,1
medium_076,Medium,OpenMP,16,1,0.023095896,1
medium_076,Medium,OpenMP,16,2,0.022751662,1
medium_076,Medium,OpenMP,16,3,0.022708106,1
medium_076,Medium,OpenMP,16,4,0.022778380,1
medium_076,Medium,OpenMP,16,5,0.023146057,1
medium_077,Medium,Serial,1,1,0.010888558,1
medium_077,Medium,Serial,1,2,0.010809420,1
medium_077,Medium,Serial,1,3,0.010840669,1
medium_077,Medium,Serial,1,4,0.010785913,1
medium_077,Medium,Serial,1,5,0.010828172,1
medium_077,Medium,Serial-MRV,1,1,0.019117841,1
medium_077,Medium,Serial-MRV,1,2,0.019132020,1
medium_077,Medium,Serial-MRV,1,3,0.019100177,1
medium_077,Medium,Serial-MRV,1,4,0.019498847,1
medium_077,Medium,Serial-MRV,1,5,0.019121755,1
medium_077,Medium,DLX,1,1,0.000298418,1
medium_077,Medium,DLX,1,2,0.000299379,1
medium_077,Medium,DLX,1,3,0.000285916,1
medium_077,Medium,DLX,1,4,0.000287191,1
medium_077,Medium,DLX,1,5,0.000292504,1
medium_077,Medium,DLX-OMP,4,1,0.000622274,1
medium_077,Medium,DLX-OMP,4,2,0.000536445,1
medium_077,Medium,DLX-OMP,4,3,0.000522289,1
medium_077,Medium,DLX-OMP,4,4,0.000516929,1
medium_077,Medium,DLX-OMP,4,5,0.000498318,1
medium_077,Medium,DLX-OMP,8,1,0.000647210,1
medium_077,Medium,DLX-OMP,8,2,0.000686499,1
medium_077,Medium,DLX-OMP,8,3,0.000537300,1
medium_077,Medium,DLX-OMP,8,4,0.000647440,1
medium_077,Medium,DLX-OMP,8,5,0.000676363,1
medium_077,Medium,DLX-OMP,16,1,0.001274453,1
medium_077,Medium,DLX-OMP,16,2,0.000707113,1
medium_077,Medium,DLX-OMP,16,3,0.000550932,1
medium_077,Medium,DLX-OMP,16,4,0.000520467,1
medium_077,Medium,DLX-OMP,16,5,0.000540437,1
medium_077,Medium,OpenMP,4,1,0.019277758,1
medium_077,Medium,OpenMP,4,2,0.019088080,1
medium_077,Medium,OpenMP,4,3,0.019105883,1
medium_077,Medium,OpenMP,4,4,0.019129885,1
medium_077,Medium,OpenMP,4,5,0.019400958,1
medium_077,Medium,OpenMP,8,1,0.019275059,1
medium_077,Medium,OpenMP,8,2,0.019149861,1
medium_077,Medium,OpenMP,8,3,0.019174723,1
medium_077,Medium,OpenMP,8,4,0.019164094,1
medium_077,Medium,OpenMP,8,5,0.019145743,1
medium_077,Medium,OpenMP,16,1,0.020791905,1
medium_077,Medium,OpenMP,16,2,0.019227865,1
medium_077,Medium,OpenMP,16,3,0.019264383,1
medium_077,Medium,OpenMP,16,4,0.019286439,1
medium_077,Medium,OpenMP,16,5,0.019232276,1
medium_078,Medium,Serial,1,1,0.135970474,1
medium_078,Medium,Serial,1,2,0.088841143,1
medium_078,Medium,Serial,1,3,0.077496136,1
medium_078,Medium,Serial,1,4,0.077061335,1
medium_078,Medium,Serial,1,5,0.077406909,1
medium_078,Medium,Serial-MRV,1,1,0.021050495,1
medium_078,Medium,Serial-MRV,1,2,0.021034128,1
medium_078,Medium,Serial-MRV,1,3,0.021089004,1
medium_078,Medium,Serial-MRV,1,4,0.021697190,1
medium_078,Medium,Serial-MRV,1,5,0.021047425,1
medium_078,Medium,DLX,1,1,0.000179304,1
medium_078,Medium,DLX,1,2,0.000175360,1
medium_078,Medium,DLX,1,3,0.000178379,1
medium_078,Medium,DLX,1,4,0.000171619,1
medium_078,Medium,DLX,1,5,0.000171989,1
medium_078,Medium,DLX-OMP,4,1,0.000368150,1
medium_078,Medium,DLX-OMP,4,2,0.000469238,1
medium_078,Medium,DLX-OMP,4,3,0.000448640,1
medium_078,Medium,DLX-OMP,4,4,0.000451116,1
medium_078,Medium,DLX-OMP,4,5,0.000426132,1
medium_078,Medium,DLX-OMP,8,1,0.000541216,1
medium_078,Medium,DLX-OMP,8,2,0.000572285,1
medium_078,Medium,DLX-OMP,8,3,0.000448102,1
medium_078,Medium,DLX-OMP,8,4,0.000430985,1
medium_078,Medium,DLX-OMP,8,5,0.000447911,1
medium_078,Medium,DLX-OMP,16,1,0.001371710,1
medium_078,Medium,DLX-OMP,16,2,0.000481963,1
medium_078,Medium,DLX-OMP,16,3,0.000494244,1
medium_078,Medium,DLX-OMP,16,4,0.000626435,1
medium_078,Medium,DLX-OMP,16,5,0.000435609,1
medium_078,Medium,OpenMP,4,1,0.037408531,1
medium_078,Medium,OpenMP,4,2,0.021545432,1
medium_078,Medium,OpenMP,4,3,0.037644083,1
medium_078,Medium,OpenMP,4,4,0.037323632,1
medium_078,Medium,OpenMP,4,5,0.037335210,1
medium_078,Medium,OpenMP,8,1,0.037485085,1
medium_078,Medium,OpenMP,8,2,0.037763247,1
medium_078,Medium,OpenMP,8,3,0.037385644,1
medium_078,Medium,OpenMP,8,4,0.037352783,1
medium_078,Medium,OpenMP,8,5,0.037755251,1
medium_078,Medium,OpenMP,16,1,0.037845091,1
medium_078,Medium,OpenMP,16,2,0.037463731,1
medium_078,Medium,OpenMP,16,3,0.037808375,1
medium_078,Medium,OpenMP,16,4,0.037495274,1
medium_078,Medium,OpenMP,16,5,0.037490839,1
medium_079,Medium,Serial,1,1,0.070011301,1
medium_079,Medium,Serial,1,2,0.069500585,1
medium_079,Medium,Serial,1,3,0.052026145,1
medium_079,Medium,Serial,1,4,0.039631633,1
medium_079,Medium,Serial,1,5,0.039614906,1
medium_079,Medium,Serial-MRV,1,1,0.023698432,1
medium_079,Medium,Serial-MRV,1,2,0.023337480,1
medium_079,Medium,Serial-MRV,1,3,0.023336653,1
medium_079,Medium,Serial-MRV,1,4,0.023361775,1
medium_079,Medium,Serial-MRV,1,5,0.023668380,1
medium_079,Medium,DLX,1,1,0.000202558,1
medium_079,Medium,DLX,1,2,0.000197449,1
medium_079,Medium,DLX,1,3,0.000195477,1
medium_079,Medium,DLX,1,4,0.000195620,1
medium_079,Medium,DLX,1,5,0.000200447,1
medium_079,Medium,DLX-OMP,4,1,0.000392288,1
medium_079,Medium,DLX-OMP,4,2,0.000515184,1
medium_079,Medium,DLX-OMP,4,3,0.000472122,1
medium_079,Medium,DLX-OMP,4,4,0.000480095,1
medium_079,Medium,DLX-OMP,4,5,0.000325112,1
medium_079,Medium,DLX-OMP,8,1,0.000565683,1
medium_079,Medium,DLX-OMP,8,2,0.000485163,1
medium_079,Medium,DLX-OMP,8,3,0.000322784,1
medium_079,Medium,DLX-OMP,8,4,0.000641252,1
medium_079,Medium,DLX-OMP,8,5,0.000473464,1
medium_079,Medium,DLX-OMP,16,1,0.001864459,1
medium_079,Medium,DLX-OMP,16,2,0.000653072,1
medium_079,Medium,DLX-OMP,16,3,0.000672545,1
medium_079,Medium,DLX-OMP,16,4,0.000621877,1
medium_079,Medium,DLX-OMP,16,5,0.000518253,1
medium_079,Medium,OpenMP,4,1,0.004689694,1
medium_079,Medium,OpenMP,4,2,0.005666157,1
medium_079,Medium,OpenMP,4,3,0.009715913,1
medium_079,Medium,OpenMP,4,4,0.009347400,1
medium_079,Medium,OpenMP,4,5,0.007910163,1
medium_079,Medium,OpenMP,8,1,0.004580940,1
medium_079,Medium,OpenMP,8,2,0.004598881,1
medium_079,Medium,OpenMP,8,3,0.004551849,1
medium_079,Medium,OpenMP,8,4,0.004597990,1
medium_079,Medium,OpenMP,8,5,0.004595448,1
medium_079,Medium,OpenMP,16,1,0.004850665,1
medium_079,Medium,OpenMP,16,2,0.004745080,1
medium_079,Medium,OpenMP,16,3,0.004695258,1
medium_079,Medium,OpenMP,16,4,0.004701957,1
medium_079,Medium,OpenMP,16,5,0.004694450,1
medium_080,Medium,Serial,1,1,0.125900248,1
medium_080,Medium,Serial,1,2,0.126381242,1
medium_080,Medium,Serial,1,3,0.126383514,1
medium_080,Medium,Serial,1,4,0.106144933,1
medium_080,Medium,Serial,1,5,0.088611254,1
medium_080,Medium,Serial-MRV,1,1,0.009273268,1
medium_080,Medium,Serial-MRV,1,2,0.009289914,1
medium_080,Medium,Serial-MRV,1,3,0.009292347,1
medium_080,Medium,Serial-MRV,1,4,0.009286173,1
medium_080,Medium,Serial-MRV,1,5,0.009290205,1
medium_080,Medium,DLX,1,1,0.000119444,1
medium_080,Medium,DLX,1,2,0.000121019,1
medium_080,Medium,DLX,1,3,0.000115200,1
medium_080,Medium,DLX,1,4,0.000115193,1
medium_080,Medium,DLX,1,5,0.000114571,1
medium_080,Medium,DLX-OMP,4,1,0.000314003,1
medium_080,Medium,DLX-OMP,4,2,0.000323938,1
medium_080,Medium,DLX-OMP,4,3,0.000416730,1
medium_080,Medium,DLX-OMP,4,4,0.000206161,1
medium_080,Medium,DLX-OMP,4,5,0.000423833,1
medium_080,Medium,DLX-OMP,8,1,0.000701657,1
medium_080,Medium,DLX-OMP,8,2,0.000292467,1
medium_080,Medium,DLX-OMP,8,3,0.000433434,1
medium_080,Medium,DLX-OMP,8,4,0.000569561,1
medium_080,Medium,DLX-OMP,8,5,0.000430088,1
medium_080,Medium,DLX-OMP,16,1,0.001481359,1
medium_080,Medium,DLX-OMP,16,2,0.000545742,1
medium_080,Medium,DLX-OMP,16,3,0.000452304,1
medium_080,Medium,DLX-OMP,16,4,0.000408126,1
medium_080,Medium,DLX-OMP,16,5,0.000611837,1
medium_080,Medium,OpenMP,4,1,0.002457294,1
medium_080,Medium,OpenMP,4,2,0.004340838,1
medium_080,Medium,OpenMP,4,3,0.002243421,1
medium_080,Medium,OpenMP,4,4,0.002237858,1
medium_080,Medium,OpenMP,4,5,0.002132083,1
medium_080,Medium,OpenMP,8,1,0.002555676,1
medium_080,Medium,OpenMP,8,2,0.002336455,1
medium_080,Medium,OpenMP,8,3,0.004394430,1
medium_080,Medium,OpenMP,8,4,0.004402687,1
medium_080,Medium,OpenMP,8,5,0.004390396,1
medium_080,Medium,OpenMP,16,1,0.004618366,1
medium_080,Medium,OpenMP,16,2,0.004486903,1
medium_080,Medium,OpenMP,16,3,0.004482273,1
medium_080,Medium,OpenMP,16,4,0.004403971,1
medium_080,Medium,OpenMP,16,5,0.004457542,1
medium_081,Medium,Serial,1,1,0.027867910,1
medium_081,Medium,Serial,1,2,0.026488026,1
medium_081,Medium,Serial,1,3,0.026487027,1
medium_081,Medium,Serial,1,4,0.026487399,1
medium_081,Medium,Serial,1,5,0.026933093,1
medium_081,Medium,Serial-MRV,1,1,0.014194478,1
medium_081,Medium,Serial-MRV,1,2,0.014184311,1
medium_081,Medium,Serial-MRV,1,3,0.014181774,1
medium_081,Medium,Serial-MRV,1,4,0.014186083,1
medium_081,Medium,Serial-MRV,1,5,0.014186025,1
medium_081,Medium,DLX,1,1,0.000126794,1
medium_081,Medium,DLX,1,2,0.000118168,1
medium_081,Medium,DLX,1,3,0.000117464,1
medium_081,Medium,DLX,1,4,0.000117829,1
medium_081,Medium,DLX,1,5,0.000116861,1
medium_081,Medium,DLX-OMP,4,1,0.000362694,1
medium_081,Medium,DLX-OMP,4,2,0.000451184,1
medium_081,Medium,DLX-OMP,4,3,0.000390191,1
medium_081,Medium,DLX-OMP,4,4,0.000405043,1
medium_081,Medium,DLX-OMP,4,5,0.000430777,1
medium_081,Medium,DLX-OMP,8,1,0.000666024,1
medium_081,Medium,DLX-OMP,8,2,0.000534542,1
medium_081,Medium,DLX-OMP,8,3,0.000285890,1
medium_081,Medium,DLX-OMP,8,4,0.000594734,1
medium_081,Medium,DLX-OMP,8,5,0.000272348,1
medium_081,Medium,DLX-OMP,16,1,0.001204157,1
medium_081,Medium,DLX-OMP,16,2,0.000570368,1
medium_081,Medium,DLX-OMP,16,3,0.000582276,1
medium_081,Medium,DLX-OMP,16,4,0.000589891,1
medium_081,Medium,DLX-OMP,16,5,0.000575037,1
medium_081,Medium,OpenMP,4,1,0.036038616,1
medium_081,Medium,OpenMP,4,2,0.036183381,1
medium_081,Medium,OpenMP,4,3,0.035835920,1
medium_081,Medium,OpenMP,4,4,0.035998080,1
medium_081,Medium,OpenMP,4,5,0.036186424,1
medium_081,Medium,OpenMP,8,1,0.036203797,1
medium_081,Medium,OpenMP,8,2,0.020824987,1
medium_081,Medium,OpenMP,8,3,0.020906394,1
medium_081,Medium,OpenMP,8,4,0.036229821,1
medium_081,Medium,OpenMP,8,5,0.036099291,1
medium_081,Medium,OpenMP,16,1,0.038282262,1
medium_081,Medium,OpenMP,16,2,0.036173629,1
medium_081,Medium,OpenMP,16,3,0.037820722,1
medium_081,Medium,OpenMP,16,4,0.036327331,1
medium_081,Medium,OpenMP,16,5,0.037848384,1
medium_082,Medium,Serial,1,1,0.016645231,1
medium_082,Medium,Serial,1,2,0.015597016,1
medium_082,Medium,Serial,1,3,0.015196070,1
medium_082,Medium,Serial,1,4,0.015186659,1
medium_082,Medium,Serial,1,5,0.015202551,1
medium_082,Medium,Serial-MRV,1,1,0.052160435,1
medium_082,Medium,Serial-MRV,1,2,0.036753396,1
medium_082,Medium,Serial-MRV,1,3,0.030151466,1
medium_082,Medium,Serial-MRV,1,4,0.030159859,1
medium_082,Medium,Serial-MRV,1,5,0.029714902,1
medium_082,Medium,DLX,1,1,0.000172086,1
medium_082,Medium,DLX,1,2,0.000167279,1
medium_082,Medium,DLX,1,3,0.000173053,1
medium_082,Medium,DLX,1,4,0.000165265,1
medium_082,Medium,DLX,1,5,0.000165030,1
medium_082,Medium,DLX-OMP,4,1,0.000378396,1
medium_082,Medium,DLX-OMP,4,2,0.000327706,1
medium_082,Medium,DLX-OMP,4,3,0.000425527,1
medium_082,Medium,DLX-OMP,4,4,0.000440786,1
medium_082,Medium,DLX-OMP,4,5,0.000420975,1
medium_082,Medium,DLX-OMP,8,1,0.000394699,1
medium_082,Medium,DLX-OMP,8,2,0.000581446,1
medium_082,Medium,DLX-OMP,8,3,0.000420677,1
medium_082,Medium,DLX-OMP,8,4,0.000440888,1
medium_082,Medium,DLX-OMP,8,5,0.000293842,1
medium_082,Medium,DLX-OMP,16,1,0.001942103,1
medium_082,Medium,DLX-OMP,16,2,0.000456321,1
medium_082,Medium,DLX-OMP,16,3,0.000422440,1
medium_082,Medium,DLX-OMP,16,4,0.000618307,1
medium_082,Medium,DLX-OMP,16,5,0.000580380,1
medium_082,Medium,OpenMP,4,1,0.012736721,1
medium_082,Medium,OpenMP,4,2,0.006993061,1
medium_082,Medium,OpenMP,4,3,0.012090090,1
medium_082,Medium,OpenMP,4,4,0.012209979,1
medium_082,Medium,OpenMP,4,5,0.012063415,1
medium_082,Medium,OpenMP,8,1,0.012263299,1
medium_082,Medium,OpenMP,8,2,0.012180798,1
medium_082,Medium,OpenMP,8,3,0.012008042,1
medium_082,Medium,OpenMP,8,4,0.012065851,1
medium_082,Medium,OpenMP,8,5,0.012216887,1
medium_082,Medium,OpenMP,16,1,0.012780695,1
medium_082,Medium,OpenMP,16,2,0.012280384,1
medium_082,Medium,OpenMP,16,3,0.012282280,1
medium_082,Medium,OpenMP,16,4,0.012262057,1
medium_082,Medium,OpenMP,16,5,0.012231026,1
medium_083,Medium,Serial,1,1,0.008701885,1
medium_083,Medium,Serial,1,2,0.008649358,1
medium_083,Medium,Serial,1,3,0.008642728,1
medium_083,Medium,Serial,1,4,0.008643270,1
medium_083,Medium,Serial,1,5,0.008627094,1
medium_083,Medium,Serial-MRV,1,1,0.017960095,1
medium_083,Medium,Serial-MRV,1,2,0.019610852,1
medium_083,Medium,Serial-MRV,1,3,0.022474693,1
medium_083,Medium,Serial-MRV,1,4,0.022544510,1
medium_083,Medium,Serial-MRV,1,5,0.022472094,1
medium_083,Medium,DLX,1,1,0.000303380,1
medium_083,Medium,DLX,1,2,0.000287375,1
medium_083,Medium,DLX,1,3,0.000286364,1
medium_083,Medium,DLX,1,4,0.000292107,1
medium_083,Medium,DLX,1,5,0.000281812,1
medium_083,Medium,DLX-OMP,4,1,0.000663138,1
medium_083,Medium,DLX-OMP,4,2,0.000559372,1
medium_083,Medium,DLX-OMP,4,3,0.000516222,1
medium_083,Medium,DLX-OMP,4,4,0.000513783,1
medium_083,Medium,DLX-OMP,4,5,0.000511784,1
medium_083,Medium,DLX-OMP,8,1,0.000669690,1
medium_083,Medium,DLX-OMP,8,2,0.000510039,1
medium_083,Medium,DLX-OMP,8,3,0.000683949,1
medium_083,Medium,DLX-OMP,8,4,0.000504115,1
medium_083,Medium,DLX-OMP,8,5,0.000549474,1
medium_083,Medium,DLX-OMP,16,1,0.002479324,1
medium_083,Medium,DLX-OMP,16,2,0.000580670,1
medium_083,Medium,DLX-OMP,16,3,0.000547745,1
medium_083,Medium,DLX-OMP,16,4,0.000511600,1
medium_083,Medium,DLX-OMP,16,5,0.000711447,1
medium_083,Medium,OpenMP,4,1,0.007587609,1
medium_083,Medium,OpenMP,4,2,0.007567806,1
medium_083,Medium,OpenMP,4,3,0.007390893,1
medium_083,Medium,OpenMP,4,4,0.007395071,1
medium_083,Medium,OpenMP,4,5,0.008678735,1
medium_083,Medium,OpenMP,8,1,0.007612756,1
medium_083,Medium,OpenMP,8,2,0.007471735,1
medium_083,Medium,OpenMP,8,3,0.007534635,1
medium_083,Medium,OpenMP,8,4,0.007451522,1
medium_083,Medium,OpenMP,8,5,0.007435955,1
medium_083,Medium,OpenMP,16,1,0.008021467,1
medium_083,Medium,OpenMP,16,2,0.007550997,1
medium_083,Medium,OpenMP,16,3,0.007707612,1
medium_083,Medium,OpenMP,16,4,0.007651430,1
medium_083,Medium,OpenMP,16,5,0.007553547,1
medium_084,Medium,Serial,1,1,0.085005935,1
medium_084,Medium,Serial,1,2,0.084490988,1
medium_084,Medium,Serial,1,3,0.049726861,1
medium_084,Medium,Serial,1,4,0.048197539,1
medium_084,Medium,Serial,1,5,0.048450936,1
medium_084,Medium,Serial-MRV,1,1,0.039256244,1
medium_084,Medium,Serial-MRV,1,2,0.039813467,1
medium_084,Medium,Serial-MRV,1,3,0.040135221,1
medium_084,Medium,Serial-MRV,1,4,0.039248440,1
medium_084,Medium,Serial-MRV,1,5,0.039247904,1
medium_084,Medium,DLX,1,1,0.000171161,1
medium_084,Medium,DLX,1,2,0.000164302,1
medium_084,Medium,DLX,1,3,0.000170221,1
medium_084,Medium,DLX,1,4,0.000162952,1
medium_084,Medium,DLX,1,5,0.000163301,1
medium_084,Medium,DLX-OMP,4,1,0.000356135,1
medium_084,Medium,DLX-OMP,4,2,0.000324675,1
medium_084,Medium,DLX-OMP,4,3,0.000426246,1
medium_084,Medium,DLX-OMP,4,4,0.000290119,1
medium_084,Medium,DLX-OMP,4,5,0.000421863,1
medium_084,Medium,DLX-OMP,8,1,0.000531055,1
medium_084,Medium,DLX-OMP,8,2,0.000310150,1
medium_084,Medium,DLX-OMP,8,3,0.000291086,1
medium_084,Medium,DLX-OMP,8,4,0.000415311,1
medium_084,Medium,DLX-OMP,8,5,0.000415487,1
medium_084,Medium,DLX-OMP,16,1,0.001948497,1
medium_084,Medium,DLX-OMP,16,2,0.000297526,1
medium_084,Medium,DLX-OMP,16,3,0.000468384,1
medium_084,Medium,DLX-OMP,16,4,0.000418683,1
medium_084,Medium,DLX-OMP,16,5,0.000595014,1
medium_084,Medium,OpenMP,4,1,0.044899464,1
medium_084,Medium,OpenMP,4,2,0.026871795,1
medium_084,Medium,OpenMP,4,3,0.026830719,1
medium_084,Medium,OpenMP,4,4,0.044378361,1
medium_084,Medium,OpenMP,4,5,0.044859683,1
medium_084,Medium,OpenMP,8,1,0.044704684,1
medium_084,Medium,OpenMP,8,2,0.044949209,1
medium_084,Medium,OpenMP,8,3,0.044561653,1
medium_084,Medium,OpenMP,8,4,0.044531885,1
medium_084,Medium,OpenMP,8,5,0.045002317,1
medium_084,Medium,OpenMP,16,1,0.045521407,1
medium_084,Medium,OpenMP,16,2,0.044748428,1
medium_084,Medium,OpenMP,16,3,0.045045998,1
medium_084,Medium,OpenMP,16,4,0.044692090,1
medium_084,Medium,OpenMP,16,5,0.044581716,1
medium_085,Medium,Serial,1,1,0.036920595,1
medium_085,Medium,Serial,1,2,0.036780960,1
medium_085,Medium,Serial,1,3,0.036786256,1
medium_085,Medium,Serial,1,4,0.033124864,1
medium_085,Medium,Serial,1,5,0.020776990,1
medium_085,Medium,Serial-MRV,1,1,0.013625404,1
medium_085,Medium,Serial-MRV,1,2,0.013617964,1
medium_085,Medium,Serial-MRV,1,3,0.013625748,1
medium_085,Medium,Serial-MRV,1,4,0.013612374,1
medium_085,Medium,Serial-MRV,1,5,0.013613001,1
medium_085,Medium,DLX,1,1,0.000174548,1
medium_085,Medium,DLX,1,2,0.000165612,1
medium_085,Medium,DLX,1,3,0.000181602,1
medium_085,Medium,DLX,1,4,0.000165114,1
medium_085,Medium,DLX,1,5,0.000164524,1
medium_085,Medium,DLX-OMP,4,1,0.000372165,1
medium_085,Medium,DLX-OMP,4,2,0.000307930,1
medium_085,Medium,DLX-OMP,4,3,0.000423761,1
medium_085,Medium,DLX-OMP,4,4,0.000425525,1
medium_085,Medium,DLX-OMP,4,5,0.000413317,1
medium_085,Medium,DLX-OMP,8,1,0.000647397,1
medium_085,Medium,DLX-OMP,8,2,0.000576318,1
medium_085,Medium,DLX-OMP,8,3,0.000294128,1
medium_085,Medium,DLX-OMP,8,4,0.000546964,1
medium_085,Medium,DLX-OMP,8,5,0.000434432,1
medium_085,Medium,DLX-OMP,16,1,0.001825791,1
medium_085,Medium,DLX-OMP,16,2,0.000302238,1
medium_085,Medium,DLX-OMP,16,3,0.000471207,1
medium_085,Medium,DLX-OMP,16,4,0.000547249,1
medium_085,Medium,DLX-OMP,16,5,0.000623027,1
medium_085,Medium,OpenMP,4,1,0.015304082,1
medium_085,Medium,OpenMP,4,2,0.009414135,1
medium_085,Medium,OpenMP,4,3,0.014883121,1
medium_085,Medium,OpenMP,4,4,0.014829533,1
medium_085,Medium,OpenMP,4,5,0.009179967,1
medium_085,Medium,OpenMP,8,1,0.009366015,1
medium_085,Medium,OpenMP,8,2,0.009403039,1
medium_085,Medium,OpenMP,8,3,0.014959072,1
medium_085,Medium,OpenMP,8,4,0.015064662,1
medium_085,Medium,OpenMP,8,5,0.015051797,1
medium_085,Medium,OpenMP,16,1,0.015281345,1
medium_085,Medium,OpenMP,16,2,0.015494290,1
medium_085,Medium,OpenMP,16,3,0.015176845,1
medium_085,Medium,OpenMP,16,4,0.015130160,1
medium_085,Medium,OpenMP,16,5,0.015201737,1
medium_086,Medium,Serial,1,1,0.011356737,1
medium_086,Medium,Serial,1,2,0.011232984,1
medium_086,Medium,Serial,1,3,0.011228496,1
medium_086,Medium,Serial,1,4,0.011231326,1
medium_086,Medium,Serial,1,5,0.011233292,1
medium_086,Medium,Serial-MRV,1,1,0.053760571,1
medium_086,Medium,Serial-MRV,1,2,0.052750453,1
medium_086,Medium,Serial-MRV,1,3,0.042676667,1
medium_086,Medium,Serial-MRV,1,4,0.030053483,1
medium_086,Medium,Serial-MRV,1,5,0.030038987,1
medium_086,Medium,DLX,1,1,0.000233441,1
medium_086,Medium,DLX,1,2,0.000173183,1
medium_086,Medium,DLX,1,3,0.000165578,1
medium_086,Medium,DLX,1,4,0.000164590,1
medium_086,Medium,DLX,1,5,0.000164750,1
medium_086,Medium,DLX-OMP,4,1,0.000619407,1
medium_086,Medium,DLX-OMP,4,2,0.000528934,1
medium_086,Medium,DLX-OMP,4,3,0.000529229,1
medium_086,Medium,DLX-OMP,4,4,0.000413734,1
medium_086,Medium,DLX-OMP,4,5,0.000418925,1
medium_086,Medium,DLX-OMP,8,1,0.000633449,1
medium_086,Medium,DLX-OMP,8,2,0.000301223,1
medium_086,Medium,DLX-OMP,8,3,0.000607137,1
medium_086,Medium,DLX-OMP,8,4,0.000437915,1
medium_086,Medium,DLX-OMP,8,5,0.000556328,1
medium_086,Medium,DLX-OMP,16,1,0.001275243,1
medium_086,Medium,DLX-OMP,16,2,0.000434612,1
medium_086,Medium,DLX-OMP,16,3,0.000634660,1
medium_086,Medium,DLX-OMP,16,4,0.000582281,1
medium_086,Medium,DLX-OMP,16,5,0.000325545,1
medium_086,Medium,OpenMP,4,1,0.054329497,1
medium_086,Medium,OpenMP,4,2,0.042632142,1
medium_086,Medium,OpenMP,4,3,0.053143975,1
medium_086,Medium,OpenMP,4,4,0.053564038,1
medium_086,Medium,OpenMP,4,5,0.053186132,1
medium_086,Medium,OpenMP,8,1,0.053749085,1
medium_086,Medium,OpenMP,8,2,0.053241469,1
medium_086,Medium,OpenMP,8,3,0.053611622,1
medium_086,Medium,OpenMP,8,4,0.053263727,1
medium_086,Medium,OpenMP,8,5,0.053259663,1
medium_086,Medium,OpenMP,16,1,0.054703766,1
medium_086,Medium,OpenMP,16,2,0.053323274,1
medium_086,Medium,OpenMP,16,3,0.053787476,1
medium_086,Medium,OpenMP,16,4,0.053476834,1
medium_086,Medium,OpenMP,16,5,0.053899825,1
medium_087,Medium,Serial,1,1,0.060501534,1
medium_087,Medium,Serial,1,2,0.060360441,1
medium_087,Medium,Serial,1,3,0.035419820,1
medium_087,Medium,Serial,1,4,0.034477094,1
medium_087,Medium,Serial,1,5,0.034434110,1
medium_087,Medium,Serial-MRV,1,1,0.017825271,1
medium_087,Medium,Serial-MRV,1,2,0.018198681,1
medium_087,Medium,Serial-MRV,1,3,0.017825695,1
medium_087,Medium,Serial-MRV,1,4,0.017839221,1
medium_087,Medium,Serial-MRV,1,5,0.017813851,1
medium_087,Medium,DLX,1,1,0.000170030,1
medium_087,Medium,DLX,1,2,0.000165736,1
medium_087,Medium,DLX,1,3,0.000164535,1
medium_087,Medium,DLX,1,4,0.000163183,1
medium_087,Medium,DLX,1,5,0.000163066,1
medium_087,Medium,DLX-OMP,4,1,0.000362710,1
medium_087,Medium,DLX-OMP,4,2,0.000444206,1
medium_087,Medium,DLX-OMP,4,3,0.000435966,1
medium_087,Medium,DLX-OMP,4,4,0.000424902,1
medium_087,Medium,DLX-OMP,4,5,0.000421465,1
medium_087,Medium,DLX-OMP,8,1,0.000526523,1
medium_087,Medium,DLX-OMP,8,2,0.000296031,1
medium_087,Medium,DLX-OMP,8,3,0.000308096,1
medium_087,Medium,DLX-OMP,8,4,0.000556038,1
medium_087,Medium,DLX-OMP,8,5,0.000313082,1
medium_087,Medium,DLX-OMP,16,1,0.000979963,1
medium_087,Medium,DLX-OMP,16,2,0.000557266,1
medium_087,Medium,DLX-OMP,16,3,0.000447540,1
medium_087,Medium,DLX-OMP,16,4,0.000417527,1
medium_087,Medium,DLX-OMP,16,5,0.000299489,1
medium_087,Medium,OpenMP,4,1,0.031151488,1
medium_087,Medium,OpenMP,4,2,0.018295120,1
medium_087,Medium,OpenMP,4,3,0.031024827,1
medium_087,Medium,OpenMP,4,4,0.031131466,1
medium_087,Medium,OpenMP,4,5,0.031079175,1
medium_087,Medium,OpenMP,8,1,0.031540375,1
medium_087,Medium,OpenMP,8,2,0.031102829,1
medium_087,Medium,OpenMP,8,3,0.031122229,1
medium_087,Medium,OpenMP,8,4,0.031166099,1
medium_087,Medium,OpenMP,8,5,0.031504189,1
medium_087,Medium,OpenMP,16,1,0.031540321,1
medium_087,Medium,OpenMP,16,2,0.031186196,1
medium_087,Medium,OpenMP,16,3,0.031196952,1
medium_087,Medium,OpenMP,16,4,0.031637606,1
medium_087,Medium,OpenMP,16,5,0.031225395,1
medium_088,Medium,Serial,1,1,0.060036260,1
medium_088,Medium,Serial,1,2,0.060298342,1
medium_088,Medium,Serial,1,3,0.059908412,1
medium_088,Medium,Serial,1,4,0.050484732,1
medium_088,Medium,Serial,1,5,0.034164574,1
medium_088,Medium,Serial-MRV,1,1,0.027801383,1
medium_088,Medium,Serial-MRV,1,2,0.027793831,1
medium_088,Medium,Serial-MRV,1,3,0.028120352,1
medium_088,Medium,Serial-MRV,1,4,0.027760014,1
medium_088,Medium,Serial-MRV,1,5,0.027820655,1
medium_088,Medium,DLX,1,1,0.000204134,1
medium_088,Medium,DLX,1,2,0.000198196,1
medium_088,Medium,DLX,1,3,0.000197956,1
medium_088,Medium,DLX,1,4,0.000196919,1
medium_088,Medium,DLX,1,5,0.000201917,1
medium_088,Medium,DLX-OMP,4,1,0.000406101,1
medium_088,Medium,DLX-OMP,4,2,0.000519070,1
medium_088,Medium,DLX-OMP,4,3,0.000323383,1
medium_088,Medium,DLX-OMP,4,4,0.000473603,1
medium_088,Medium,DLX-OMP,4,5,0.000495103,1
medium_088,Medium,DLX-OMP,8,1,0.000742289,1
medium_088,Medium,DLX-OMP,8,2,0.000621673,1
medium_088,Medium,DLX-OMP,8,3,0.000501169,1
medium_088,Medium,DLX-OMP,8,4,0.000324718,1
medium_088,Medium,DLX-OMP,8,5,0.000491529,1
medium_088,Medium,DLX-OMP,16,1,0.001425902,1
medium_088,Medium,DLX-OMP,16,2,0.000660429,1
medium_088,Medium,DLX-OMP,16,3,0.000652043,1
medium_088,Medium,DLX-OMP,16,4,0.000639262,1
medium_088,Medium,DLX-OMP,16,5,0.000669719,1
medium_088,Medium,OpenMP,4,1,0.013707974,1
medium_088,Medium,OpenMP,4,2,0.023359194,1
medium_088,Medium,OpenMP,4,3,0.023705837,1
medium_088,Medium,OpenMP,4,4,0.013594800,1
medium_088,Medium,OpenMP,4,5,0.013621724,1
medium_088,Medium,OpenMP,8,1,0.023450411,1
medium_088,Medium,OpenMP,8,2,0.023452020,1
medium_088,Medium,OpenMP,8,3,0.013666130,1
medium_088,Medium,OpenMP,8,4,0.023489559,1
medium_088,Medium,OpenMP,8,5,0.024105060,1
medium_088,Medium,OpenMP,16,1,0.024153787,1
medium_088,Medium,OpenMP,16,2,0.023492127,1
medium_088,Medium,OpenMP,16,3,0.023613123,1
medium_088,Medium,OpenMP,16,4,0.023535674,1
medium_088,Medium,OpenMP,16,5,0.023940477,1
medium_089,Medium,Serial,1,1,0.008327493,1
medium_089,Medium,Serial,1,2,0.008188830,1
medium_089,Medium,Serial,1,3,0.008186658,1
medium_089,Medium,Serial,1,4,0.008186213,1
medium_089,Medium,Serial,1,5,0.008186574,1
medium_089,Medium,Serial-MRV,1,1,0.055962494,1
medium_089,Medium,Serial-MRV,1,2,0.056332060,1
medium_089,Medium,Serial-MRV,1,3,0.055975476,1
medium_089,Medium,Serial-MRV,1,4,0.044160739,1
medium_089,Medium,Serial-MRV,1,5,0.031488229,1
medium_089,Medium,DLX,1,1,0.000173356,1
medium_089,Medium,DLX,1,2,0.000168827,1
medium_089,Medium,DLX,1,3,0.000167065,1
medium_089,Medium,DLX,1,4,0.000166733,1
medium_089,Medium,DLX,1,5,0.000173314,1
medium_089,Medium,DLX-OMP,4,1,0.000375725,1
medium_089,Medium,DLX-OMP,4,2,0.000304288,1
medium_089,Medium,DLX-OMP,4,3,0.000464569,1
medium_089,Medium,DLX-OMP,4,4,0.000433374,1
medium_089,Medium,DLX-OMP,4,5,0.000429919,1
medium_089,Medium,DLX-OMP,8,1,0.000522263,1
medium_089,Medium,DLX-OMP,8,2,0.000442642,1
medium_089,Medium,DLX-OMP,8,3,0.000558769,1
medium_089,Medium,DLX-OMP,8,4,0.000437512,1
medium_089,Medium,DLX-OMP,8,5,0.000419892,1
medium_089,Medium,DLX-OMP,16,1,0.001502367,1
medium_089,Medium,DLX-OMP,16,2,0.000429903,1
medium_089,Medium,DLX-OMP,16,3,0.000614496,1
medium_089,Medium,DLX-OMP,16,4,0.000420390,1
medium_089,Medium,DLX-OMP,16,5,0.000334933,1
medium_089,Medium,OpenMP,4,1,0.025470821,1
medium_089,Medium,OpenMP,4,2,0.025364899,1
medium_089,Medium,OpenMP,4,3,0.025678951,1
medium_089,Medium,OpenMP,4,4,0.025330688,1
medium_089,Medium,OpenMP,4,5,0.043403151,1
medium_089,Medium,OpenMP,8,1,0.043623394,1
medium_089,Medium,OpenMP,8,2,0.043911809,1
medium_089,Medium,OpenMP,8,3,0.043594009,1
medium_089,Medium,OpenMP,8,4,0.043961180,1
medium_089,Medium,OpenMP,8,5,0.043600935,1
medium_089,Medium,OpenMP,16,1,0.044162952,1
medium_089,Medium,OpenMP,16,2,0.044118728,1
medium_089,Medium,OpenMP,16,3,0.043709450,1
medium_089,Medium,OpenMP,16,4,0.043656058,1
medium_089,Medium,OpenMP,16,5,0.044077937,1
medium_090,Medium,Serial,1,1,0.020543435,1
medium_090,Medium,Serial,1,2,0.020431917,1
medium_090,Medium,Serial,1,3,0.020424518,1
medium_090,Medium,Serial,1,4,0.020427972,1
medium_090,Medium,Serial,1,5,0.020421334,1
medium_090,Medium,Serial-MRV,1,1,0.043348055,1
medium_090,Medium,Serial-MRV,1,2,0.042973904,1
medium_090,Medium,Serial-MRV,1,3,0.042451548,1
medium_090,Medium,Serial-MRV,1,4,0.025685832,1
medium_090,Medium,Serial-MRV,1,5,0.024178774,1
medium_090,Medium,DLX,1,1,0.000197811,1
medium_090,Medium,DLX,1,2,0.000200328,1
medium_090,Medium,DLX,1,3,0.000190931,1
medium_090,Medium,DLX,1,4,0.000189802,1
medium_090,Medium,DLX,1,5,0.000189897,1
medium_090,Medium,DLX-OMP,4,1,0.000423944,1
medium_090,Medium,DLX-OMP,4,2,0.000488081,1
medium_090,Medium,DLX-OMP,4,3,0.000472486,1
medium_090,Medium,DLX-OMP,4,4,0.000453731,1
medium_090,Medium,DLX-OMP,4,5,0.000317573,1
medium_090,Medium,DLX-OMP,8,1,0.000567855,1
medium_090,Medium,DLX-OMP,8,2,0.000622951,1
medium_090,Medium,DLX-OMP,8,3,0.000463573,1
medium_090,Medium,DLX-OMP,8,4,0.000486939,1
medium_090,Medium,DLX-OMP,8,5,0.000458748,1
medium_090,Medium,DLX-OMP,16,1,0.002011662,1
medium_090,Medium,DLX-OMP,16,2,0.000497675,1
medium_090,Medium,DLX-OMP,16,3,0.000631819,1
medium_090,Medium,DLX-OMP,16,4,0.000515107,1
medium_090,Medium,DLX-OMP,16,5,0.000680892,1
medium_090,Medium,OpenMP,4,1,0.003164109,1
medium_090,Medium,OpenMP,4,2,0.004806256,1
medium_090,Medium,OpenMP,4,3,0.004805041,1
medium_090,Medium,OpenMP,4,4,0.004854469,1
medium_090,Medium,OpenMP,4,5,0.004821740,1
medium_090,Medium,OpenMP,8,1,0.005057942,1
medium_090,Medium,OpenMP,8,2,0.005030218,1
medium_090,Medium,OpenMP,8,3,0.004969534,1
medium_090,Medium,OpenMP,8,4,0.005038405,1
medium_090,Medium,OpenMP,8,5,0.004960324,1
medium_090,Medium,OpenMP,16,1,0.005302240,1
medium_090,Medium,OpenMP,16,2,0.005048226,1
medium_090,Medium,OpenMP,16,3,0.004988777,1
medium_090,Medium,OpenMP,16,4,0.005450287,1
medium_090,Medium,OpenMP,16,5,0.005118865,1
medium_091,Medium,Serial,1,1,0.003596683,1
medium_091,Medium,Serial,1,2,0.003545908,1
medium_091,Medium,Serial,1,3,0.003531872,1
medium_091,Medium,Serial,1,4,0.003540170,1
medium_091,Medium,Serial,1,5,0.003532374,1
medium_091,Medium,Serial-MRV,1,1,0.012842542,1
medium_091,Medium,Serial-MRV,1,2,0.012843795,1
medium_091,Medium,Serial-MRV,1,3,0.012833351,1
medium_091,Medium,Serial-MRV,1,4,0.012845609,1
medium_091,Medium,Serial-MRV,1,5,0.012837794,1
medium_091,Medium,DLX,1,1,0.000189146,1
medium_091,Medium,DLX,1,2,0.000182427,1
medium_091,Medium,DLX,1,3,0.000180702,1
medium_091,Medium,DLX,1,4,0.000180726,1
medium_091,Medium,DLX,1,5,0.000185700,1
medium_091,Medium,DLX-OMP,4,1,0.000394687,1
medium_091,Medium,DLX-OMP,4,2,0.000333010,1
medium_091,Medium,DLX-OMP,4,3,0.000445424,1
medium_091,Medium,DLX-OMP,4,4,0.000426650,1
medium_091,Medium,DLX-OMP,4,5,0.000329633,1
medium_091,Medium,DLX-OMP,8,1,0.000542162,1
medium_091,Medium,DLX-OMP,8,2,0.000435064,1
medium_091,Medium,DLX-OMP,8,3,0.000321088,1
medium_091,Medium,DLX-OMP,8,4,0.000581887,1
medium_091,Medium,DLX-OMP,8,5,0.000576534,1
medium_091,Medium,DLX-OMP,16,1,0.001887392,1
medium_091,Medium,DLX-OMP,16,2,0.000363749,1
medium_091,Medium,DLX-OMP,16,3,0.000585885,1
medium_091,Medium,DLX-OMP,16,4,0.000462833,1
medium_091,Medium,DLX-OMP,16,5,0.000598109,1
medium_091,Medium,OpenMP,4,1,0.020548459,1
medium_091,Medium,OpenMP,4,2,0.020730167,1
medium_091,Medium,OpenMP,4,3,0.015407366,1
medium_091,Medium,OpenMP,4,4,0.020358489,1
medium_091,Medium,OpenMP,4,5,0.020379025,1
medium_091,Medium,OpenMP,8,1,0.020511519,1
medium_091,Medium,OpenMP,8,2,0.020444038,1
medium_091,Medium,OpenMP,8,3,0.020790794,1
medium_091,Medium,OpenMP,8,4,0.020427946,1
medium_091,Medium,OpenMP,8,5,0.020437670,1
medium_091,Medium,OpenMP,16,1,0.020996224,1
medium_091,Medium,OpenMP,16,2,0.020515126,1
medium_091,Medium,OpenMP,16,3,0.020566041,1
medium_091,Medium,OpenMP,16,4,0.020888910,1
medium_091,Medium,OpenMP,16,5,0.020520653,1
medium_092,Medium,Serial,1,1,0.025522336,1
medium_092,Medium,Serial,1,2,0.025360365,1
medium_092,Medium,Serial,1,3,0.025370738,1
medium_092,Medium,Serial,1,4,0.025744068,1
medium_092,Medium,Serial,1,5,0.025374205,1
medium_092,Medium,Serial-MRV,1,1,0.022663051,1
medium_092,Medium,Serial-MRV,1,2,0.022638676,1
medium_092,Medium,Serial-MRV,1,3,0.022632899,1
medium_092,Medium,Serial-MRV,1,4,0.022766683,1
medium_092,Medium,Serial-MRV,1,5,0.015182910,1
medium_092,Medium,DLX,1,1,0.000173898,1
medium_092,Medium,DLX,1,2,0.000174455,1
medium_092,Medium,DLX,1,3,0.000168032,1
medium_092,Medium,DLX,1,4,0.000166411,1
medium_092,Medium,DLX,1,5,0.000165769,1
medium_092,Medium,DLX-OMP,4,1,0.000388809,1
medium_092,Medium,DLX-OMP,4,2,0.000446647,1
medium_092,Medium,DLX-OMP,4,3,0.000432216,1
medium_092,Medium,DLX-OMP,4,4,0.000423769,1
medium_092,Medium,DLX-OMP,4,5,0.000295579,1
medium_092,Medium,DLX-OMP,8,1,0.000683427,1
medium_092,Medium,DLX-OMP,8,2,0.000420079,1
medium_092,Medium,DLX-OMP,8,3,0.000453914,1
medium_092,Medium,DLX-OMP,8,4,0.000418639,1
medium_092,Medium,DLX-OMP,8,5,0.000436824,1
medium_092,Medium,DLX-OMP,16,1,0.001550034,1
medium_092,Medium,DLX-OMP,16,2,0.000601027,1
medium_092,Medium,DLX-OMP,16,3,0.000304362,1
medium_092,Medium,DLX-OMP,16,4,0.000617038,1
medium_092,Medium,DLX-OMP,16,5,0.000580332,1
medium_092,Medium,OpenMP,4,1,0.006322217,1
medium_092,Medium,OpenMP,4,2,0.010292502,1
medium_092,Medium,OpenMP,4,3,0.006119512,1
medium_092,Medium,OpenMP,4,4,0.006155919,1
medium_092,Medium,OpenMP,4,5,0.010250519,1
medium_092,Medium,OpenMP,8,1,0.007424685,1
medium_092,Medium,OpenMP,8,2,0.010430442,1
medium_092,Medium,OpenMP,8,3,0.006183857,1
medium_092,Medium,OpenMP,8,4,0.010258166,1
medium_092,Medium,OpenMP,8,5,0.010341909,1
medium_092,Medium,OpenMP,16,1,0.010558090,1
medium_092,Medium,OpenMP,16,2,0.010876176,1
medium_092,Medium,OpenMP,16,3,0.010535604,1
medium_092,Medium,OpenMP,16,4,0.008490397,1
medium_092,Medium,OpenMP,16,5,0.010488059,1
medium_093,Medium,Serial,1,1,0.007428325,1
medium_093,Medium,Serial,1,2,0.007304433,1
medium_093,Medium,Serial,1,3,0.007314735,1
medium_093,Medium,Serial,1,4,0.007313143,1
medium_093,Medium,Serial,1,5,0.007321461,1
medium_093,Medium,Serial-MRV,1,1,0.020369894,1
medium_093,Medium,Serial-MRV,1,2,0.020386134,1
medium_093,Medium,Serial-MRV,1,3,0.020759280,1
medium_093,Medium,Serial-MRV,1,4,0.020437908,1
medium_093,Medium,Serial-MRV,1,5,0.020431864,1
medium_093,Medium,DLX,1,1,0.000239624,1
medium_093,Medium,DLX,1,2,0.000240263,1
medium_093,Medium,DLX,1,3,0.000232675,1
medium_093,Medium,DLX,1,4,0.000229582,1
medium_093,Medium,DLX,1,5,0.000229128,1
medium_093,Medium,DLX-OMP,4,1,0.000519390,1
medium_093,Medium,DLX-OMP,4,2,0.000484743,1
medium_093,Medium,DLX-OMP,4,3,0.000486839,1
medium_093,Medium,DLX-OMP,4,4,0.000459992,1
medium_093,Medium,DLX-OMP,4,5,0.000466470,1
medium_093,Medium,DLX-OMP,8,1,0.000586630,1
medium_093,Medium,DLX-OMP,8,2,0.000620574,1
medium_093,Medium,DLX-OMP,8,3,0.000482592,1
medium_093,Medium,DLX-OMP,8,4,0.000409494,1
medium_093,Medium,DLX-OMP,8,5,0.000620249,1
medium_093,Medium,DLX-OMP,16,1,0.000950009,1
medium_093,Medium,DLX-OMP,16,2,0.000622094,1
medium_093,Medium,DLX-OMP,16,3,0.000511501,1
medium_093,Medium,DLX-OMP,16,4,0.000655577,1
medium_093,Medium,DLX-OMP,16,5,0.000478411,1
medium_093,Medium,OpenMP,4,1,0.007447707,1
medium_093,Medium,OpenMP,4,2,0.006140062,1
medium_093,Medium,OpenMP,4,3,0.007424751,1
medium_093,Medium,OpenMP,4,4,0.006119758,1
medium_093,Medium,OpenMP,4,5,0.006119242,1
medium_093,Medium,OpenMP,8,1,0.007579758,1
medium_093,Medium,OpenMP,8,2,0.007481577,1
medium_093,Medium,OpenMP,8,3,0.007471023,1
medium_093,Medium,OpenMP,8,4,0.007412327,1
medium_093,Medium,OpenMP,8,5,0.007837150,1
medium_093,Medium,OpenMP,16,1,0.007877226,1
medium_093,Medium,OpenMP,16,2,0.007548812,1
medium_093,Medium,OpenMP,16,3,0.007601379,1
medium_093,Medium,OpenMP,16,4,0.007598803,1
medium_093,Medium,OpenMP,16,5,0.007588201,1
medium_094,Medium,Serial,1,1,0.067294366,1
medium_094,Medium,Serial,1,2,0.075140192,1
medium_094,Medium,Serial,1,3,0.073877946,1
medium_094,Medium,Serial,1,4,0.047917017,1
medium_094,Medium,Serial,1,5,0.047888996,1
medium_094,Medium,Serial-MRV,1,1,0.011740361,1
medium_094,Medium,Serial-MRV,1,2,0.012078034,1
medium_094,Medium,Serial-MRV,1,3,0.011727704,1
medium_094,Medium,Serial-MRV,1,4,0.011725177,1
medium_094,Medium,Serial-MRV,1,5,0.011719838,1
medium_094,Medium,DLX,1,1,0.000177516,1
medium_094,Medium,DLX,1,2,0.000167511,1
medium_094,Medium,DLX,1,3,0.000165954,1
medium_094,Medium,DLX,1,4,0.000166169,1
medium_094,Medium,DLX,1,5,0.000164786,1
medium_094,Medium,DLX-OMP,4,1,0.000371026,1
medium_094,Medium,DLX-OMP,4,2,0.000443710,1
medium_094,Medium,DLX-OMP,4,3,0.000450913,1
medium_094,Medium,DLX-OMP,4,4,0.000420386,1
medium_094,Medium,DLX-OMP,4,5,0.000414164,1
medium_094,Medium,DLX-OMP,8,1,0.000683588,1
medium_094,Medium,DLX-OMP,8,2,0.000444846,1
medium_094,Medium,DLX-OMP,8,3,0.000418033,1
medium_094,Medium,DLX-OMP,8,4,0.000580109,1
medium_094,Medium,DLX-OMP,8,5,0.000573517,1
medium_094,Medium,DLX-OMP,16,1,0.001942660,1
medium_094,Medium,DLX-OMP,16,2,0.000453063,1
medium_094,Medium,DLX-OMP,16,3,0.000420274,1
medium_094,Medium,DLX-OMP,16,4,0.000334916,1
medium_094,Medium,DLX-OMP,16,5,0.000640136,1
medium_094,Medium,OpenMP,4,1,0.010085755,1
medium_094,Medium,OpenMP,4,2,0.009925427,1
medium_094,Medium,OpenMP,4,3,0.009943391,1
medium_094,Medium,OpenMP,4,4,0.005931606,1
medium_094,Medium,OpenMP,4,5,0.009940244,1
medium_094,Medium,OpenMP,8,1,0.006038591,1
medium_094,Medium,OpenMP,8,2,0.009926263,1
medium_094,Medium,OpenMP,8,3,0.006090834,1
medium_094,Medium,OpenMP,8,4,0.006062206,1
medium_094,Medium,OpenMP,8,5,0.010380024,1
medium_094,Medium,OpenMP,16,1,0.010295422,1
medium_094,Medium,OpenMP,16,2,0.006093653,1
medium_094,Medium,OpenMP,16,3,0.010150538,1
medium_094,Medium,OpenMP,16,4,0.010092903,1
medium_094,Medium,OpenMP,16,5,0.010153272,1
medium_095,Medium,Serial,1,1,0.010146073,1
medium_095,Medium,Serial,1,2,0.009966040,1
medium_095,Medium,Serial,1,3,0.009961438,1
medium_095,Medium,Serial,1,4,0.010045590,1
medium_095,Medium,Serial,1,5,0.010045834,1
medium_095,Medium,Serial-MRV,1,1,0.025261852,1
medium_095,Medium,Serial-MRV,1,2,0.031429492,1
medium_095,Medium,Serial-MRV,1,3,0.031394209,1
medium_095,Medium,Serial-MRV,1,4,0.031396979,1
medium_095,Medium,Serial-MRV,1,5,0.030775374,1
medium_095,Medium,DLX,1,1,0.000172076,1
medium_095,Medium,DLX,1,2,0.000167454,1
medium_095,Medium,DLX,1,3,0.000166375,1
medium_095,Medium,DLX,1,4,0.000165885,1
medium_095,Medium,DLX,1,5,0.000166403,1
medium_095,Medium,DLX-OMP,4,1,0.000370577,1
medium_095,Medium,DLX-OMP,4,2,0.000447680,1
medium_095,Medium,DLX-OMP,4,3,0.000300747,1
medium_095,Medium,DLX-OMP,4,4,0.000428940,1
medium_095,Medium,DLX-OMP,4,5,0.000424194,1
medium_095,Medium,DLX-OMP,8,1,0.000676360,1
medium_095,Medium,DLX-OMP,8,2,0.000337185,1
medium_095,Medium,DLX-OMP,8,3,0.000418656,1
medium_095,Medium,DLX-OMP,8,4,0.000297231,1
medium_095,Medium,DLX-OMP,8,5,0.000574866,1
medium_095,Medium,DLX-OMP,16,1,0.001320151,1
medium_095,Medium,DLX-OMP,16,2,0.000446374,1
medium_095,Medium,DLX-OMP,16,3,0.000300574,1
medium_095,Medium,DLX-OMP,16,4,0.000300980,1
medium_095,Medium,DLX-OMP,16,5,0.000329552,1
medium_095,Medium,OpenMP,4,1,0.015488554,1
medium_095,Medium,OpenMP,4,2,0.015361016,1
medium_095,Medium,OpenMP,4,3,0.015359691,1
medium_095,Medium,OpenMP,4,4,0.015546272,1
medium_095,Medium,OpenMP,4,5,0.015535431,1
medium_095,Medium,OpenMP,8,1,0.015313576,1
medium_095,Medium,OpenMP,8,2,0.015386594,1
medium_095,Medium,OpenMP,8,3,0.015719401,1
medium_095,Medium,OpenMP,8,4,0.010501844,1
medium_095,Medium,OpenMP,8,5,0.010503288,1
medium_095,Medium,OpenMP,16,1,0.015621115,1
medium_095,Medium,OpenMP,16,2,0.015495791,1
medium_095,Medium,OpenMP,16,3,0.015406573,1
medium_095,Medium,OpenMP,16,4,0.015505666,1
medium_095,Medium,OpenMP,16,5,0.015451185,1
medium_096,Medium,Serial,1,1,0.064946139,1
medium_096,Medium,Serial,1,2,0.070448952,1
medium_096,Medium,Serial,1,3,0.045854904,1
medium_096,Medium,Serial,1,4,0.043989335,1
medium_096,Medium,Serial,1,5,0.044283418,1
medium_096,Medium,Serial-MRV,1,1,0.013995556,1
medium_096,Medium,Serial-MRV,1,2,0.014016124,1
medium_096,Medium,Serial-MRV,1,3,0.014013613,1
medium_096,Medium,Serial-MRV,1,4,0.014018292,1
medium_096,Medium,Serial-MRV,1,5,0.014014785,1
medium_096,Medium,DLX,1,1,0.000178417,1
medium_096,Medium,DLX,1,2,0.000166060,1
medium_096,Medium,DLX,1,3,0.000164517,1
medium_096,Medium,DLX,1,4,0.000163900,1
medium_096,Medium,DLX,1,5,0.000164394,1
medium_096,Medium,DLX-OMP,4,1,0.000576920,1
medium_096,Medium,DLX-OMP,4,2,0.000299077,1
medium_096,Medium,DLX-OMP,4,3,0.000436621,1
medium_096,Medium,DLX-OMP,4,4,0.000416881,1
medium_096,Medium,DLX-OMP,4,5,0.000416196,1
medium_096,Medium,DLX-OMP,8,1,0.000649077,1
medium_096,Medium,DLX-OMP,8,2,0.000581783,1
medium_096,Medium,DLX-OMP,8,3,0.000411690,1
medium_096,Medium,DLX-OMP,8,4,0.000311279,1
medium_096,Medium,DLX-OMP,8,5,0.000417478,1
medium_096,Medium,DLX-OMP,16,1,0.001962866,1
medium_096,Medium,DLX-OMP,16,2,0.000428065,1
medium_096,Medium,DLX-OMP,16,3,0.000608262,1
medium_096,Medium,DLX-OMP,16,4,0.000416547,1
medium_096,Medium,DLX-OMP,16,5,0.000461153,1
medium_096,Medium,OpenMP,4,1,0.024790590,1
medium_096,Medium,OpenMP,4,2,0.024869869,1
medium_096,Medium,OpenMP,4,3,0.014225438,1
medium_096,Medium,OpenMP,4,4,0.024557862,1
medium_096,Medium,OpenMP,4,5,0.024606433,1
medium_096,Medium,OpenMP,8,1,0.024788455,1
medium_096,Medium,OpenMP,8,2,0.024659498,1
medium_096,Medium,OpenMP,8,3,0.025024064,1
medium_096,Medium,OpenMP,8,4,0.024692722,1
medium_096,Medium,OpenMP,8,5,0.024645908,1
medium_096,Medium,OpenMP,16,1,0.025176817,1
medium_096,Medium,OpenMP,16,2,0.024772467,1
medium_096,Medium,OpenMP,16,3,0.025064381,1
medium_096,Medium,OpenMP,16,4,0.024809627,1
medium_096,Medium,OpenMP,16,5,0.024749721,1
medium_097,Medium,Serial,1,1,0.002422334,1
medium_097,Medium,Serial,1,2,0.002342679,1
medium_097,Medium,Serial,1,3,0.002311524,1
medium_097,Medium,Serial,1,4,0.002334069,1
medium_097,Medium,Serial,1,5,0.002311033,1
medium_097,Medium,Serial-MRV,1,1,0.022342090,1
medium_097,Medium,Serial-MRV,1,2,0.022711950,1
medium_097,Medium,Serial-MRV,1,3,0.022344593,1
medium_097,Medium,Serial-MRV,1,4,0.022356013,1
medium_097,Medium,Serial-MRV,1,5,0.022284127,1
medium_097,Medium,DLX,1,1,0.000311903,1
medium_097,Medium,DLX,1,2,0.000289414,1
medium_097,Medium,DLX,1,3,0.000286263,1
medium_097,Medium,DLX,1,4,0.000293341,1
medium_097,Medium,DLX,1,5,0.000285810,1
medium_097,Medium,DLX-OMP,4,1,0.000638093,1
medium_097,Medium,DLX-OMP,4,2,0.000532425,1
medium_097,Medium,DLX-OMP,4,3,0.000519299,1
medium_097,Medium,DLX-OMP,4,4,0.000521375,1
medium_097,Medium,DLX-OMP,4,5,0.000517624,1
medium_097,Medium,DLX-OMP,8,1,0.000823944,1
medium_097,Medium,DLX-OMP,8,2,0.000509308,1
medium_097,Medium,DLX-OMP,8,3,0.000678252,1
medium_097,Medium,DLX-OMP,8,4,0.000523741,1
medium_097,Medium,DLX-OMP,8,5,0.000534032,1
medium_097,Medium,DLX-OMP,16,1,0.001881945,1
medium_097,Medium,DLX-OMP,16,2,0.000704873,1
medium_097,Medium,DLX-OMP,16,3,0.000704102,1
medium_097,Medium,DLX-OMP,16,4,0.000550875,1
medium_097,Medium,DLX-OMP,16,5,0.000550265,1
medium_097,Medium,OpenMP,4,1,0.007323809,1
medium_097,Medium,OpenMP,4,2,0.007235977,1
medium_097,Medium,OpenMP,4,3,0.007316867,1
medium_097,Medium,OpenMP,4,4,0.007293927,1
medium_097,Medium,OpenMP,4,5,0.007225883,1
medium_097,Medium,OpenMP,8,1,0.007741718,1
medium_097,Medium,OpenMP,8,2,0.007343027,1
medium_097,Medium,OpenMP,8,3,0.007243670,1
medium_097,Medium,OpenMP,8,4,0.007356777,1
medium_097,Medium,OpenMP,8,5,0.007252650,1
medium_097,Medium,OpenMP,16,1,0.007753251,1
medium_097,Medium,OpenMP,16,2,0.007504738,1
medium_097,Medium,OpenMP,16,3,0.007314308,1
medium_097,Medium,OpenMP,16,4,0.007462812,1
medium_097,Medium,OpenMP,16,5,0.007382950,1
medium_098,Medium,Serial,1,1,0.065477104,1
medium_098,Medium,Serial,1,2,0.065026287,1
medium_098,Medium,Serial,1,3,0.058954638,1
medium_098,Medium,Serial,1,4,0.037079540,1
medium_098,Medium,Serial,1,5,0.037073120,1
medium_098,Medium,Serial-MRV,1,1,0.035348578,1
medium_098,Medium,Serial-MRV,1,2,0.035670923,1
medium_098,Medium,Serial-MRV,1,3,0.035111043,1
medium_098,Medium,Serial-MRV,1,4,0.034826440,1
medium_098,Medium,Serial-MRV,1,5,0.035163536,1
medium_098,Medium,DLX,1,1,0.000173175,1
medium_098,Medium,DLX,1,2,0.000169710,1
medium_098,Medium,DLX,1,3,0.000173709,1
medium_098,Medium,DLX,1,4,0.000168778,1
medium_098,Medium,DLX,1,5,0.000167555,1
medium_098,Medium,DLX-OMP,4,1,0.000366995,1
medium_098,Medium,DLX-OMP,4,2,0.000326257,1
medium_098,Medium,DLX-OMP,4,3,0.000428752,1
medium_098,Medium,DLX-OMP,4,4,0.000430453,1
medium_098,Medium,DLX-OMP,4,5,0.000431820,1
medium_098,Medium,DLX-OMP,8,1,0.000704534,1
medium_098,Medium,DLX-OMP,8,2,0.000299140,1
medium_098,Medium,DLX-OMP,8,3,0.000452854,1
medium_098,Medium,DLX-OMP,8,4,0.000420891,1
medium_098,Medium,DLX-OMP,8,5,0.000588063,1
medium_098,Medium,DLX-OMP,16,1,0.001985172,1
medium_098,Medium,DLX-OMP,16,2,0.000578281,1
medium_098,Medium,DLX-OMP,16,3,0.000475524,1
medium_098,Medium,DLX-OMP,16,4,0.000433336,1
medium_098,Medium,DLX-OMP,16,5,0.000457434,1
medium_098,Medium,OpenMP,4,1,0.016246273,1
medium_098,Medium,OpenMP,4,2,0.027478517,1
medium_098,Medium,OpenMP,4,3,0.027497612,1
medium_098,Medium,OpenMP,4,4,0.027464134,1
medium_098,Medium,OpenMP,4,5,0.027803135,1
medium_098,Medium,OpenMP,8,1,0.027696934,1
medium_098,Medium,OpenMP,8,2,0.027577418,1
medium_098,Medium,OpenMP,8,3,0.016005091,1
medium_098,Medium,OpenMP,8,4,0.027609012,1
medium_098,Medium,OpenMP,8,5,0.027905575,1
medium_098,Medium,OpenMP,16,1,0.027996881,1
medium_098,Medium,OpenMP,16,2,0.027666075,1
medium_098,Medium,OpenMP,16,3,0.027624835,1
medium_098,Medium,OpenMP,16,4,0.028112544,1
medium_098,Medium,OpenMP,16,5,0.027654272,1
medium_099,Medium,Serial,1,1,0.014850965,1
medium_099,Medium,Serial,1,2,0.014742870,1
medium_099,Medium,Serial,1,3,0.014763898,1
medium_099,Medium,Serial,1,4,0.014743401,1
medium_099,Medium,Serial,1,5,0.014724800,1
medium_099,Medium,Serial-MRV,1,1,0.047446026,1
medium_099,Medium,Serial-MRV,1,2,0.047787507,1
medium_099,Medium,Serial-MRV,1,3,0.046502844,1
medium_099,Medium,Serial-MRV,1,4,0.027242293,1
medium_099,Medium,Serial-MRV,1,5,0.027264821,1
medium_099,Medium,DLX,1,1,0.000170568,1
medium_099,Medium,DLX,1,2,0.000165366,1
medium_099,Medium,DLX,1,3,0.000169642,1
medium_099,Medium,DLX,1,4,0.000163408,1
medium_099,Medium,DLX,1,5,0.000163327,1
medium_099,Medium,DLX-OMP,4,1,0.000369803,1
medium_099,Medium,DLX-OMP,4,2,0.000451583,1
medium_099,Medium,DLX-OMP,4,3,0.000292381,1
medium_099,Medium,DLX-OMP,4,4,0.000470400,1
medium_099,Medium,DLX-OMP,4,5,0.000426803,1
medium_099,Medium,DLX-OMP,8,1,0.000533925,1
medium_099,Medium,DLX-OMP,8,2,0.000424205,1
medium_099,Medium,DLX-OMP,8,3,0.000588451,1
medium_099,Medium,DLX-OMP,8,4,0.000432478,1
medium_099,Medium,DLX-OMP,8,5,0.000442412,1
medium_099,Medium,DLX-OMP,16,1,0.000824723,1
medium_099,Medium,DLX-OMP,16,2,0.000415791,1
medium_099,Medium,DLX-OMP,16,3,0.000590386,1
medium_099,Medium,DLX-OMP,16,4,0.000439036,1
medium_099,Medium,DLX-OMP,16,5,0.000621227,1
medium_099,Medium,OpenMP,4,1,0.009175965,1
medium_099,Medium,OpenMP,4,2,0.009077748,1
medium_099,Medium,OpenMP,4,3,0.008989907,1
medium_099,Medium,OpenMP,4,4,0.005555066,1
medium_099,Medium,OpenMP,4,5,0.008998880,1
medium_099,Medium,OpenMP,8,1,0.009169548,1
medium_099,Medium,OpenMP,8,2,0.009478479,1
medium_099,Medium,OpenMP,8,3,0.009179196,1
medium_099,Medium,OpenMP,8,4,0.009155645,1
medium_099,Medium,OpenMP,8,5,0.009085551,1
medium_099,Medium,OpenMP,16,1,0.009433472,1
medium_099,Medium,OpenMP,16,2,0.009449076,1
medium_099,Medium,OpenMP,16,3,0.009301418,1
medium_099,Medium,OpenMP,16,4,0.009188410,1
medium_099,Medium,OpenMP,16,5,0.009256656,1
medium_100,Medium,Serial,1,1,0.003754085,1
medium_100,Medium,Serial,1,2,0.003673807,1
medium_100,Medium,Serial,1,3,0.003675314,1
medium_100,Medium,Serial,1,4,0.003695536,1
medium_100,Medium,Serial,1,5,0.003673878,1
medium_100,Medium,Serial-MRV,1,1,0.013697750,1
medium_100,Medium,Serial-MRV,1,2,0.013702115,1
medium_100,Medium,Serial-MRV,1,3,0.018281802,1
medium_100,Medium,Serial-MRV,1,4,0.019229781,1
medium_100,Medium,Serial-MRV,1,5,0.019229356,1
medium_100,Medium,DLX,1,1,0.000238697,1
medium_100,Medium,DLX,1,2,0.000233637,1
medium_100,Medium,DLX,1,3,0.000232871,1
medium_100,Medium,DLX,1,4,0.000239323,1
medium_100,Medium,DLX,1,5,0.000230051,1
medium_100,Medium,DLX-OMP,4,1,0.000506773,1
medium_100,Medium,DLX-OMP,4,2,0.000504893,1
medium_100,Medium,DLX-OMP,4,3,0.000465966,1
medium_100,Medium,DLX-OMP,4,4,0.000475576,1
medium_100,Medium,DLX-OMP,4,5,0.000465494,1
medium_100,Medium,DLX-OMP,8,1,0.000582774,1
medium_100,Medium,DLX-OMP,8,2,0.000638179,1
medium_100,Medium,DLX-OMP,8,3,0.000610269,1
medium_100,Medium,DLX-OMP,8,4,0.000639005,1
medium_100,Medium,DLX-OMP,8,5,0.000465668,1
medium_100,Medium,DLX-OMP,16,1,0.002146424,1
medium_100,Medium,DLX-OMP,16,2,0.000512213,1
medium_100,Medium,DLX-OMP,16,3,0.000695907,1
medium_100,Medium,DLX-OMP,16,4,0.000691101,1
medium_100,Medium,DLX-OMP,16,5,0.000573499,1
medium_100,Medium,OpenMP,4,1,0.024125561,1
medium_100,Medium,OpenMP,4,2,0.019277888,1
medium_100,Medium,OpenMP,4,3,0.024396308,1
medium_100,Medium,OpenMP,4,4,0.024001803,1
medium_100,Medium,OpenMP,4,5,0.024007916,1
medium_100,Medium,OpenMP,8,1,0.024131344,1
medium_100,Medium,OpenMP,8,2,0.024030998,1
medium_100,Medium,OpenMP,8,3,0.024409355,1
medium_100,Medium,OpenMP,8,4,0.024040463,1
medium_100,Medium,OpenMP,8,5,0.024057800,1
medium_100,Medium,OpenMP,16,1,0.024483540,1
medium_100,Medium,OpenMP,16,2,0.024122865,1
medium_100,Medium,OpenMP,16,3,0.024487151,1
medium_100,Medium,OpenMP,16,4,0.024127660,1
medium_100,Medium,OpenMP,16,5,0.024133814,1
hard_001,Hard,Serial,1,1,0.008028168,1
hard_001,Hard,Serial,1,2,0.007897003,1
hard_001,Hard,Serial,1,3,0.007875542,1
hard_001,Hard,Serial,1,4,0.007894480,1
hard_001,Hard,Serial,1,5,0.007903972,1
hard_001,Hard,Serial-MRV,1,1,0.097611273,1
hard_001,Hard,Serial-MRV,1,2,0.081606088,1
hard_001,Hard,Serial-MRV,1,3,0.054690462,1
hard_001,Hard,Serial-MRV,1,4,0.054972494,1
hard_001,Hard,Serial-MRV,1,5,0.054606717,1
hard_001,Hard,DLX,1,1,0.000282640,1
hard_001,Hard,DLX,1,2,0.000276552,1
hard_001,Hard,DLX,1,3,0.000275306,1
hard_001,Hard,DLX,1,4,0.000280476,1
hard_001,Hard,DLX,1,5,0.000273290,1
hard_001,Hard,DLX-OMP,4,1,0.000483342,1
hard_001,Hard,DLX-OMP,4,2,0.000649877,1
hard_001,Hard,DLX-OMP,4,3,0.000413744,1
hard_001,Hard,DLX-OMP,4,4,0.000624698,1
hard_001,Hard,DLX-OMP,4,5,0.000410117,1
hard_001,Hard,DLX-OMP,8,1,0.000898909,1
hard_001,Hard,DLX-OMP,8,2,0.000404406,1
hard_001,Hard,DLX-OMP,8,3,0.000402645,1
hard_001,Hard,DLX-OMP,8,4,0.000641444,1
hard_001,Hard,DLX-OMP,8,5,0.000402851,1
hard_001,Hard,DLX-OMP,16,1,0.001440845,1
hard_001,Hard,DLX-OMP,16,2,0.000812663,1
hard_001,Hard,DLX-OMP,16,3,0.000813893,1
hard_001,Hard,DLX-OMP,16,4,0.000629416,1
hard_001,Hard,DLX-OMP,16,5,0.000645357,1
hard_001,Hard,OpenMP,4,1,0.097016663,1
hard_001,Hard,OpenMP,4,2,0.090513442,1
hard_001,Hard,OpenMP,4,3,0.096243326,1
hard_001,Hard,OpenMP,4,4,0.096667000,1
hard_001,Hard,OpenMP,4,5,0.096804286,1
hard_001,Hard,OpenMP,8,1,0.096990377,1
hard_001,Hard,OpenMP,8,2,0.096883344,1
hard_001,Hard,OpenMP,8,3,0.096823447,1
hard_001,Hard,OpenMP,8,4,0.070760996,1
hard_001,Hard,OpenMP,8,5,0.096665258,1
hard_001,Hard,OpenMP,16,1,0.097798282,1
hard_001,Hard,OpenMP,16,2,0.096950745,1
hard_001,Hard,OpenMP,16,3,0.096872111,1
hard_001,Hard,OpenMP,16,4,0.096954676,1
hard_001,Hard,OpenMP,16,5,0.096576286,1
hard_002,Hard,Serial,1,1,0.154218292,1
hard_002,Hard,Serial,1,2,0.096601160,1
hard_002,Hard,Serial,1,3,0.096877237,1
hard_002,Hard,Serial,1,4,0.096822653,1
hard_002,Hard,Serial,1,5,0.096830316,1
hard_002,Hard,Serial-MRV,1,1,0.082402539,1
hard_002,Hard,Serial-MRV,1,2,0.082757393,1
hard_002,Hard,Serial-MRV,1,3,0.070087249,1
hard_002,Hard,Serial-MRV,1,4,0.057666431,1
hard_002,Hard,Serial-MRV,1,5,0.058076384,1
hard_002,Hard,DLX,1,1,0.000139991,1
hard_002,Hard,DLX,1,2,0.000136303,1
hard_002,Hard,DLX,1,3,0.000134831,1
hard_002,Hard,DLX,1,4,0.000133983,1
hard_002,Hard,DLX,1,5,0.000137639,1
hard_002,Hard,DLX-OMP,4,1,0.000347005,1
hard_002,Hard,DLX-OMP,4,2,0.000510476,1
hard_002,Hard,DLX-OMP,4,3,0.000371695,1
hard_002,Hard,DLX-OMP,4,4,0.000242641,1
hard_002,Hard,DLX-OMP,4,5,0.000439720,1
hard_002,Hard,DLX-OMP,8,1,0.000641181,1
hard_002,Hard,DLX-OMP,8,2,0.000300471,1
hard_002,Hard,DLX-OMP,8,3,0.000451797,1
hard_002,Hard,DLX-OMP,8,4,0.000469975,1
hard_002,Hard,DLX-OMP,8,5,0.000607156,1
hard_002,Hard,DLX-OMP,16,1,0.001436099,1
hard_002,Hard,DLX-OMP,16,2,0.000303350,1
hard_002,Hard,DLX-OMP,16,3,0.000458778,1
hard_002,Hard,DLX-OMP,16,4,0.000631476,1
hard_002,Hard,DLX-OMP,16,5,0.000484316,1
hard_002,Hard,OpenMP,4,1,0.013822667,1
hard_002,Hard,OpenMP,4,2,0.015976159,1
hard_002,Hard,OpenMP,4,3,0.015854839,1
hard_002,Hard,OpenMP,4,4,0.013436379,1
hard_002,Hard,OpenMP,4,5,0.016181530,1
hard_002,Hard,OpenMP,8,1,0.012994325,1
hard_002,Hard,OpenMP,8,2,0.012855214,1
hard_002,Hard,OpenMP,8,3,0.013208453,1
hard_002,Hard,OpenMP,8,4,0.012855667,1
hard_002,Hard,OpenMP,8,5,0.012867654,1
hard_002,Hard,OpenMP,16,1,0.013779492,1
hard_002,Hard,OpenMP,16,2,0.013069924,1
hard_002,Hard,OpenMP,16,3,0.013125871,1
hard_002,Hard,OpenMP,16,4,0.013080425,1
hard_002,Hard,OpenMP,16,5,0.012943423,1
hard_003,Hard,Serial,1,1,0.010822829,1
hard_003,Hard,Serial,1,2,0.009836677,1
hard_003,Hard,Serial,1,3,0.014612787,1
hard_003,Hard,Serial,1,4,0.017427414,1
hard_003,Hard,Serial,1,5,0.017423508,1
hard_003,Hard,Serial-MRV,1,1,0.064973194,1
hard_003,Hard,Serial-MRV,1,2,0.043474109,1
hard_003,Hard,Serial-MRV,1,3,0.036764933,1
hard_003,Hard,Serial-MRV,1,4,0.036743850,1
hard_003,Hard,Serial-MRV,1,5,0.037130876,1
hard_003,Hard,DLX,1,1,0.000154015,1
hard_003,Hard,DLX,1,2,0.000148490,1
hard_003,Hard,DLX,1,3,0.000147591,1
hard_003,Hard,DLX,1,4,0.000147229,1
hard_003,Hard,DLX,1,5,0.000146778,1
hard_003,Hard,DLX-OMP,4,1,0.000373719,1
hard_003,Hard,DLX-OMP,4,2,0.000364848,1
hard_003,Hard,DLX-OMP,4,3,0.000564946,1
hard_003,Hard,DLX-OMP,4,4,0.000483902,1
hard_003,Hard,DLX-OMP,4,5,0.000478868,1
hard_003,Hard,DLX-OMP,8,1,0.000777983,1
hard_003,Hard,DLX-OMP,8,2,0.000526531,1
hard_003,Hard,DLX-OMP,8,3,0.000265113,1
hard_003,Hard,DLX-OMP,8,4,0.000638692,1
hard_003,Hard,DLX-OMP,8,5,0.000474617,1
hard_003,Hard,DLX-OMP,16,1,0.001473377,1
hard_003,Hard,DLX-OMP,16,2,0.000702246,1
hard_003,Hard,DLX-OMP,16,3,0.000505342,1
hard_003,Hard,DLX-OMP,16,4,0.000679022,1
hard_003,Hard,DLX-OMP,16,5,0.000312206,1
hard_003,Hard,OpenMP,4,1,0.004395112,1
hard_003,Hard,OpenMP,4,2,0.004478086,1
hard_003,Hard,OpenMP,4,3,0.004419076,1
hard_003,Hard,OpenMP,4,4,0.004312029,1
hard_003,Hard,OpenMP,4,5,0.004341841,1
hard_003,Hard,OpenMP,8,1,0.002438150,1
hard_003,Hard,OpenMP,8,2,0.004397271,1
hard_003,Hard,OpenMP,8,3,0.004288711,1
hard_003,Hard,OpenMP,8,4,0.004462865,1
hard_003,Hard,OpenMP,8,5,0.004330955,1
hard_003,Hard,OpenMP,16,1,0.005330144,1
hard_003,Hard,OpenMP,16,2,0.004510695,1
hard_003,Hard,OpenMP,16,3,0.002525677,1
hard_003,Hard,OpenMP,16,4,0.004482451,1
hard_003,Hard,OpenMP,16,5,0.004384416,1
hard_004,Hard,Serial,1,1,0.011797866,1
hard_004,Hard,Serial,1,2,0.010886378,1
hard_004,Hard,Serial,1,3,0.010883909,1
hard_004,Hard,Serial,1,4,0.011332454,1
hard_004,Hard,Serial,1,5,0.010885151,1
hard_004,Hard,Serial-MRV,1,1,0.039030721,1
hard_004,Hard,Serial-MRV,1,2,0.039058816,1
hard_004,Hard,Serial-MRV,1,3,0.039388551,1
hard_004,Hard,Serial-MRV,1,4,0.038518700,1
hard_004,Hard,Serial-MRV,1,5,0.038516885,1
hard_004,Hard,DLX,1,1,0.000151826,1
hard_004,Hard,DLX,1,2,0.000147489,1
hard_004,Hard,DLX,1,3,0.000150673,1
hard_004,Hard,DLX,1,4,0.000145981,1
hard_004,Hard,DLX,1,5,0.000145717,1
hard_004,Hard,DLX-OMP,4,1,0.000350798,1
hard_004,Hard,DLX-OMP,4,2,0.000392370,1
hard_004,Hard,DLX-OMP,4,3,0.000558629,1
hard_004,Hard,DLX-OMP,4,4,0.000475650,1
hard_004,Hard,DLX-OMP,4,5,0.000503173,1
hard_004,Hard,DLX-OMP,8,1,0.000760210,1
hard_004,Hard,DLX-OMP,8,2,0.000637855,1
hard_004,Hard,DLX-OMP,8,3,0.000665887,1
hard_004,Hard,DLX-OMP,8,4,0.000493068,1
hard_004,Hard,DLX-OMP,8,5,0.000263680,1
hard_004,Hard,DLX-OMP,16,1,0.000856494,1
hard_004,Hard,DLX-OMP,16,2,0.000655189,1
hard_004,Hard,DLX-OMP,16,3,0.000631435,1
hard_004,Hard,DLX-OMP,16,4,0.000520839,1
hard_004,Hard,DLX-OMP,16,5,0.000663704,1
hard_004,Hard,OpenMP,4,1,0.098536261,1
hard_004,Hard,OpenMP,4,2,0.079759617,1
hard_004,Hard,OpenMP,4,3,0.097247381,1
hard_004,Hard,OpenMP,4,4,0.097785071,1
hard_004,Hard,OpenMP,4,5,0.068249973,1
hard_004,Hard,OpenMP,8,1,0.097938244,1
hard_004,Hard,OpenMP,8,2,0.097498317,1
hard_004,Hard,OpenMP,8,3,0.097848884,1
hard_004,Hard,OpenMP,8,4,0.097875559,1
hard_004,Hard,OpenMP,8,5,0.085826902,1
hard_004,Hard,OpenMP,16,1,0.097850867,1
hard_004,Hard,OpenMP,16,2,0.097992326,1
hard_004,Hard,OpenMP,16,3,0.098578716,1
hard_004,Hard,OpenMP,16,4,0.097945011,1
hard_004,Hard,OpenMP,16,5,0.097939058,1
hard_005,Hard,Serial,1,1,0.013126052,1
hard_005,Hard,Serial,1,2,0.012981932,1
hard_005,Hard,Serial,1,3,0.012982590,1
hard_005,Hard,Serial,1,4,0.013137428,1
hard_005,Hard,Serial,1,5,0.013124090,1
hard_005,Hard,Serial-MRV,1,1,0.236606722,1
hard_005,Hard,Serial-MRV,1,2,0.159585851,1
hard_005,Hard,Serial-MRV,1,3,0.158080664,1
hard_005,Hard,Serial-MRV,1,4,0.157720853,1
hard_005,Hard,Serial-MRV,1,5,0.157752909,1
hard_005,Hard,DLX,1,1,0.000242054,1
hard_005,Hard,DLX,1,2,0.000234320,1
hard_005,Hard,DLX,1,3,0.000231824,1
hard_005,Hard,DLX,1,4,0.000236198,1
hard_005,Hard,DLX,1,5,0.000228446,1
hard_005,Hard,DLX-OMP,4,1,0.000431276,1
hard_005,Hard,DLX-OMP,4,2,0.000382883,1
hard_005,Hard,DLX-OMP,4,3,0.000551144,1
hard_005,Hard,DLX-OMP,4,4,0.000366026,1
hard_005,Hard,DLX-OMP,4,5,0.000536596,1
hard_005,Hard,DLX-OMP,8,1,0.000677168,1
hard_005,Hard,DLX-OMP,8,2,0.000556427,1
hard_005,Hard,DLX-OMP,8,3,0.000547391,1
hard_005,Hard,DLX-OMP,8,4,0.000360671,1
hard_005,Hard,DLX-OMP,8,5,0.000694026,1
hard_005,Hard,DLX-OMP,16,1,0.002069069,1
hard_005,Hard,DLX-OMP,16,2,0.000580243,1
hard_005,Hard,DLX-OMP,16,3,0.000557636,1
hard_005,Hard,DLX-OMP,16,4,0.000394287,1
hard_005,Hard,DLX-OMP,16,5,0.000534287,1
hard_005,Hard,OpenMP,4,1,0.022571701,1
hard_005,Hard,OpenMP,4,2,0.013162004,1
hard_005,Hard,OpenMP,4,3,0.022735642,1
hard_005,Hard,OpenMP,4,4,0.012911783,1
hard_005,Hard,OpenMP,4,5,0.022352585,1
hard_005,Hard,OpenMP,8,1,0.022536036,1
hard_005,Hard,OpenMP,8,2,0.022476747,1
hard_005,Hard,OpenMP,8,3,0.012215421,1
hard_005,Hard,OpenMP,8,4,0.022644562,1
hard_005,Hard,OpenMP,8,5,0.022474258,1
hard_005,Hard,OpenMP,16,1,0.022898357,1
hard_005,Hard,OpenMP,16,2,0.022575350,1
hard_005,Hard,OpenMP,16,3,0.022645752,1
hard_005,Hard,OpenMP,16,4,0.022610157,1
hard_005,Hard,OpenMP,16,5,0.022986517,1
hard_006,Hard,Serial,1,1,0.234774727,1
hard_006,Hard,Serial,1,2,0.133765220,1
hard_006,Hard,Serial,1,3,0.132503739,1
hard_006,Hard,Serial,1,4,0.132610828,1
hard_006,Hard,Serial,1,5,0.133012444,1
hard_006,Hard,Serial-MRV,1,1,0.131159979,1
hard_006,Hard,Serial-MRV,1,2,0.123310508,1
hard_006,Hard,Serial-MRV,1,3,0.092017362,1
hard_006,Hard,Serial-MRV,1,4,0.090935164,1
hard_006,Hard,Serial-MRV,1,5,0.090644246,1
hard_006,Hard,DLX,1,1,0.000175364,1
hard_006,Hard,DLX,1,2,0.000171340,1
hard_006,Hard,DLX,1,3,0.000170239,1
hard_006,Hard,DLX,1,4,0.000169249,1
hard_006,Hard,DLX,1,5,0.000173561,1
hard_006,Hard,DLX-OMP,4,1,0.000395888,1
hard_006,Hard,DLX-OMP,4,2,0.000649776,1
hard_006,Hard,DLX-OMP,4,3,0.000311273,1
hard_006,Hard,DLX-OMP,4,4,0.000258806,1
hard_006,Hard,DLX-OMP,4,5,0.000543305,1
hard_006,Hard,DLX-OMP,8,1,0.000671017,1
hard_006,Hard,DLX-OMP,8,2,0.000353136,1
hard_006,Hard,DLX-OMP,8,3,0.000311273,1
hard_006,Hard,DLX-OMP,8,4,0.000564134,1
hard_006,Hard,DLX-OMP,8,5,0.000288408,1
hard_006,Hard,DLX-OMP,16,1,0.001160392,1
hard_006,Hard,DLX-OMP,16,2,0.000749218,1
hard_006,Hard,DLX-OMP,16,3,0.000341500,1
hard_006,Hard,DLX-OMP,16,4,0.000745821,1
hard_006,Hard,DLX-OMP,16,5,0.000727068,1
hard_006,Hard,OpenMP,4,1,0.081920519,1
hard_006,Hard,OpenMP,4,2,0.032830434,1
hard_006,Hard,OpenMP,4,3,0.032849825,1
hard_006,Hard,OpenMP,4,4,0.081758766,1
hard_006,Hard,OpenMP,4,5,0.081943512,1
hard_006,Hard,OpenMP,8,1,0.081774898,1
hard_006,Hard,OpenMP,8,2,0.063698505,1
hard_006,Hard,OpenMP,8,3,0.046958267,1
hard_006,Hard,OpenMP,8,4,0.081919371,1
hard_006,Hard,OpenMP,8,5,0.081812688,1
hard_006,Hard,OpenMP,16,1,0.081835788,1
hard_006,Hard,OpenMP,16,2,0.082247750,1
hard_006,Hard,OpenMP,16,3,0.082864699,1
hard_006,Hard,OpenMP,16,4,0.082234655,1
hard_006,Hard,OpenMP,16,5,0.082159692,1
hard_007,Hard,Serial,1,1,0.025417541,1
hard_007,Hard,Serial,1,2,0.025315026,1
hard_007,Hard,Serial,1,3,0.025315564,1
hard_007,Hard,Serial,1,4,0.025328301,1
hard_007,Hard,Serial,1,5,0.025678629,1
hard_007,Hard,Serial-MRV,1,1,0.119266239,1
hard_007,Hard,Serial-MRV,1,2,0.074824159,1
hard_007,Hard,Serial-MRV,1,3,0.075048651,1
hard_007,Hard,Serial-MRV,1,4,0.074703753,1
hard_007,Hard,Serial-MRV,1,5,0.075041312,1
hard_007,Hard,DLX,1,1,0.000174510,1
hard_007,Hard,DLX,1,2,0.000170750,1
hard_007,Hard,DLX,1,3,0.000169119,1
hard_007,Hard,DLX,1,4,0.000167439,1
hard_007,Hard,DLX,1,5,0.000174975,1
hard_007,Hard,DLX-OMP,4,1,0.000368530,1
hard_007,Hard,DLX-OMP,4,2,0.000448246,1
hard_007,Hard,DLX-OMP,4,3,0.000463290,1
hard_007,Hard,DLX-OMP,4,4,0.000422310,1
hard_007,Hard,DLX-OMP,4,5,0.000305045,1
hard_007,Hard,DLX-OMP,8,1,0.000403260,1
hard_007,Hard,DLX-OMP,8,2,0.000580161,1
hard_007,Hard,DLX-OMP,8,3,0.000431364,1
hard_007,Hard,DLX-OMP,8,4,0.000610964,1
hard_007,Hard,DLX-OMP,8,5,0.000422775,1
hard_007,Hard,DLX-OMP,16,1,0.001277249,1
hard_007,Hard,DLX-OMP,16,2,0.000629057,1
hard_007,Hard,DLX-OMP,16,3,0.000592392,1
hard_007,Hard,DLX-OMP,16,4,0.000433211,1
hard_007,Hard,DLX-OMP,16,5,0.000629839,1
hard_007,Hard,OpenMP,4,1,0.009663041,1
hard_007,Hard,OpenMP,4,2,0.006490063,1
hard_007,Hard,OpenMP,4,3,0.004589599,1
hard_007,Hard,OpenMP,4,4,0.009364200,1
hard_007,Hard,OpenMP,4,5,0.009532015,1
hard_007,Hard,OpenMP,8,1,0.006502320,1
hard_007,Hard,OpenMP,8,2,0.006821556,1
hard_007,Hard,OpenMP,8,3,0.006487808,1
hard_007,Hard,OpenMP,8,4,0.006411179,1
hard_007,Hard,OpenMP,8,5,0.004004760,1
hard_007,Hard,OpenMP,16,1,0.006785603,1
hard_007,Hard,OpenMP,16,2,0.004106682,1
hard_007,Hard,OpenMP,16,3,0.006629985,1
hard_007,Hard,OpenMP,16,4,0.006581749,1
hard_007,Hard,OpenMP,16,5,0.006727034,1
hard_008,Hard,Serial,1,1,0.043086433,1
hard_008,Hard,Serial,1,2,0.045875449,1
hard_008,Hard,Serial,1,3,0.050177405,1
hard_008,Hard,Serial,1,4,0.050144136,1
hard_008,Hard,Serial,1,5,0.044320625,1
hard_008,Hard,Serial-MRV,1,1,0.061602019,1
hard_008,Hard,Serial-MRV,1,2,0.061944626,1
hard_008,Hard,Serial-MRV,1,3,0.061416760,1
hard_008,Hard,Serial-MRV,1,4,0.061172969,1
hard_008,Hard,Serial-MRV,1,5,0.060850377,1
hard_008,Hard,DLX,1,1,0.000190260,1
hard_008,Hard,DLX,1,2,0.000185158,1
hard_008,Hard,DLX,1,3,0.000182401,1
hard_008,Hard,DLX,1,4,0.000188521,1
hard_008,Hard,DLX,1,5,0.000181535,1
hard_008,Hard,DLX-OMP,4,1,0.000379844,1
hard_008,Hard,DLX-OMP,4,2,0.000508016,1
hard_008,Hard,DLX-OMP,4,3,0.000445644,1
hard_008,Hard,DLX-OMP,4,4,0.000468172,1
hard_008,Hard,DLX-OMP,4,5,0.000308554,1
hard_008,Hard,DLX-OMP,8,1,0.000571786,1
hard_008,Hard,DLX-OMP,8,2,0.000308207,1
hard_008,Hard,DLX-OMP,8,3,0.000447110,1
hard_008,Hard,DLX-OMP,8,4,0.000465951,1
hard_008,Hard,DLX-OMP,8,5,0.000603161,1
hard_008,Hard,DLX-OMP,16,1,0.002014000,1
hard_008,Hard,DLX-OMP,16,2,0.000464387,1
hard_008,Hard,DLX-OMP,16,3,0.000481712,1
hard_008,Hard,DLX-OMP,16,4,0.000598515,1
hard_008,Hard,DLX-OMP,16,5,0.000616244,1
hard_008,Hard,OpenMP,4,1,0.063215533,1
hard_008,Hard,OpenMP,4,2,0.097176271,1
hard_008,Hard,OpenMP,4,3,0.107835414,1
hard_008,Hard,OpenMP,4,4,0.081390825,1
hard_008,Hard,OpenMP,4,5,0.108363383,1
hard_008,Hard,OpenMP,8,1,0.062248530,1
hard_008,Hard,OpenMP,8,2,0.107962014,1
hard_008,Hard,OpenMP,8,3,0.108583127,1
hard_008,Hard,OpenMP,8,4,0.076329283,1
hard_008,Hard,OpenMP,8,5,0.108440182,1
hard_008,Hard,OpenMP,16,1,0.108964587,1
hard_008,Hard,OpenMP,16,2,0.108212826,1
hard_008,Hard,OpenMP,16,3,0.108654967,1
hard_008,Hard,OpenMP,16,4,0.072625407,1
hard_008,Hard,OpenMP,16,5,0.109631760,1
hard_009,Hard,Serial,1,1,0.056123847,1
hard_009,Hard,Serial,1,2,0.056417519,1
hard_009,Hard,Serial,1,3,0.056003105,1
hard_009,Hard,Serial,1,4,0.052126030,1
hard_009,Hard,Serial,1,5,0.031960014,1
hard_009,Hard,Serial-MRV,1,1,0.063405074,1
hard_009,Hard,Serial-MRV,1,2,0.064546903,1
hard_009,Hard,Serial-MRV,1,3,0.063290722,1
hard_009,Hard,Serial-MRV,1,4,0.063661407,1
hard_009,Hard,Serial-MRV,1,5,0.063291399,1
hard_009,Hard,DLX,1,1,0.000207350,1
hard_009,Hard,DLX,1,2,0.000202187,1
hard_009,Hard,DLX,1,3,0.000198582,1
hard_009,Hard,DLX,1,4,0.000198415,1
hard_009,Hard,DLX,1,5,0.000198083,1
hard_009,Hard,DLX-OMP,4,1,0.000406934,1
hard_009,Hard,DLX-OMP,4,2,0.000500383,1
hard_009,Hard,DLX-OMP,4,3,0.000496617,1
hard_009,Hard,DLX-OMP,4,4,0.000493167,1
hard_009,Hard,DLX-OMP,4,5,0.000483987,1
hard_009,Hard,DLX-OMP,8,1,0.000747520,1
hard_009,Hard,DLX-OMP,8,2,0.000329385,1
hard_009,Hard,DLX-OMP,8,3,0.000665993,1
hard_009,Hard,DLX-OMP,8,4,0.000487987,1
hard_009,Hard,DLX-OMP,8,5,0.000493541,1
hard_009,Hard,DLX-OMP,16,1,0.001879156,1
hard_009,Hard,DLX-OMP,16,2,0.000630020,1
hard_009,Hard,DLX-OMP,16,3,0.000510932,1
hard_009,Hard,DLX-OMP,16,4,0.000332239,1
hard_009,Hard,DLX-OMP,16,5,0.000516516,1
hard_009,Hard,OpenMP,4,1,0.048814070,1
hard_009,Hard,OpenMP,4,2,0.048327416,1
hard_009,Hard,OpenMP,4,3,0.043455848,1
hard_009,Hard,OpenMP,4,4,0.048506169,1
hard_009,Hard,OpenMP,4,5,0.048497950,1
hard_009,Hard,OpenMP,8,1,0.048962843,1
hard_009,Hard,OpenMP,8,2,0.048594394,1
hard_009,Hard,OpenMP,8,3,0.048951487,1
hard_009,Hard,OpenMP,8,4,0.048532724,1
hard_009,Hard,OpenMP,8,5,0.048551488,1
hard_009,Hard,OpenMP,16,1,0.049376804,1
hard_009,Hard,OpenMP,16,2,0.048653546,1
hard_009,Hard,OpenMP,16,3,0.048713432,1
hard_009,Hard,OpenMP,16,4,0.049106428,1
hard_009,Hard,OpenMP,16,5,0.048653880,1
hard_010,Hard,Serial,1,1,0.015804439,1
hard_010,Hard,Serial,1,2,0.015665802,1
hard_010,Hard,Serial,1,3,0.016035465,1
hard_010,Hard,Serial,1,4,0.015646006,1
hard_010,Hard,Serial,1,5,0.015668879,1
hard_010,Hard,Serial-MRV,1,1,0.102165480,1
hard_010,Hard,Serial-MRV,1,2,0.068219555,1
hard_010,Hard,Serial-MRV,1,3,0.068437747,1
hard_010,Hard,Serial-MRV,1,4,0.068103382,1
hard_010,Hard,Serial-MRV,1,5,0.069393265,1
hard_010,Hard,DLX,1,1,0.000183634,1
hard_010,Hard,DLX,1,2,0.000179670,1
hard_010,Hard,DLX,1,3,0.000179901,1
hard_010,Hard,DLX,1,4,0.000177969,1
hard_010,Hard,DLX,1,5,0.000177250,1
hard_010,Hard,DLX-OMP,4,1,0.000379455,1
hard_010,Hard,DLX-OMP,4,2,0.000319687,1
hard_010,Hard,DLX-OMP,4,3,0.000474919,1
hard_010,Hard,DLX-OMP,4,4,0.000454147,1
hard_010,Hard,DLX-OMP,4,5,0.000303026,1
hard_010,Hard,DLX-OMP,8,1,0.000387294,1
hard_010,Hard,DLX-OMP,8,2,0.000612705,1
hard_010,Hard,DLX-OMP,8,3,0.000437194,1
hard_010,Hard,DLX-OMP,8,4,0.000306305,1
hard_010,Hard,DLX-OMP,8,5,0.000459835,1
hard_010,Hard,DLX-OMP,16,1,0.001987456,1
hard_010,Hard,DLX-OMP,16,2,0.000597993,1
hard_010,Hard,DLX-OMP,16,3,0.000476280,1
hard_010,Hard,DLX-OMP,16,4,0.000445665,1
hard_010,Hard,DLX-OMP,16,5,0.000622145,1
hard_010,Hard,OpenMP,4,1,0.017636223,1
hard_010,Hard,OpenMP,4,2,0.007391128,1
hard_010,Hard,OpenMP,4,3,0.007473848,1
hard_010,Hard,OpenMP,4,4,0.024248241,1
hard_010,Hard,OpenMP,4,5,0.023317289,1
hard_010,Hard,OpenMP,8,1,0.004690346,1
hard_010,Hard,OpenMP,8,2,0.007456638,1
hard_010,Hard,OpenMP,8,3,0.007439609,1
hard_010,Hard,OpenMP,8,4,0.004522411,1
hard_010,Hard,OpenMP,8,5,0.007543431,1
hard_010,Hard,OpenMP,16,1,0.007962835,1
hard_010,Hard,OpenMP,16,2,0.007580825,1
hard_010,Hard,OpenMP,16,3,0.007632441,1
hard_010,Hard,OpenMP,16,4,0.004666761,1
hard_010,Hard,OpenMP,16,5,0.007619910,1
hard_011,Hard,Serial,1,1,0.034426626,1
hard_011,Hard,Serial,1,2,0.035879921,1
hard_011,Hard,Serial,1,3,0.036028009,1
hard_011,Hard,Serial,1,4,0.036013945,1
hard_011,Hard,Serial,1,5,0.035928019,1
hard_011,Hard,Serial-MRV,1,1,0.060151579,1
hard_011,Hard,Serial-MRV,1,2,0.060472228,1
hard_011,Hard,Serial-MRV,1,3,0.060157797,1
hard_011,Hard,Serial-MRV,1,4,0.060469961,1
hard_011,Hard,Serial-MRV,1,5,0.060120112,1
hard_011,Hard,DLX,1,1,0.000172696,1
hard_011,Hard,DLX,1,2,0.000166680,1
hard_011,Hard,DLX,1,3,0.000165181,1
hard_011,Hard,DLX,1,4,0.000166059,1
hard_011,Hard,DLX,1,5,0.000164950,1
hard_011,Hard,DLX-OMP,4,1,0.000363768,1
hard_011,Hard,DLX-OMP,4,2,0.000441246,1
hard_011,Hard,DLX-OMP,4,3,0.000448978,1
hard_011,Hard,DLX-OMP,4,4,0.000415272,1
hard_011,Hard,DLX-OMP,4,5,0.000417077,1
hard_011,Hard,DLX-OMP,8,1,0.000657179,1
hard_011,Hard,DLX-OMP,8,2,0.000444292,1
hard_011,Hard,DLX-OMP,8,3,0.000296099,1
hard_011,Hard,DLX-OMP,8,4,0.000442154,1
hard_011,Hard,DLX-OMP,8,5,0.000564506,1
hard_011,Hard,DLX-OMP,16,1,0.001796684,1
hard_011,Hard,DLX-OMP,16,2,0.000429349,1
hard_011,Hard,DLX-OMP,16,3,0.000451046,1
hard_011,Hard,DLX-OMP,16,4,0.000570462,1
hard_011,Hard,DLX-OMP,16,5,0.000604775,1
hard_011,Hard,OpenMP,4,1,0.011586017,1
hard_011,Hard,OpenMP,4,2,0.018812685,1
hard_011,Hard,OpenMP,4,3,0.021468908,1
hard_011,Hard,OpenMP,4,4,0.020878123,1
hard_011,Hard,OpenMP,4,5,0.018793329,1
hard_011,Hard,OpenMP,8,1,0.008939824,1
hard_011,Hard,OpenMP,8,2,0.008849880,1
hard_011,Hard,OpenMP,8,3,0.008819063,1
hard_011,Hard,OpenMP,8,4,0.008854944,1
hard_011,Hard,OpenMP,8,5,0.008964467,1
hard_011,Hard,OpenMP,16,1,0.009265649,1
hard_011,Hard,OpenMP,16,2,0.008913532,1
hard_011,Hard,OpenMP,16,3,0.009144523,1
hard_011,Hard,OpenMP,16,4,0.009018292,1
hard_011,Hard,OpenMP,16,5,0.009385654,1
hard_012,Hard,Serial,1,1,0.102041263,1
hard_012,Hard,Serial,1,2,0.083981292,1
hard_012,Hard,Serial,1,3,0.072476889,1
hard_012,Hard,Serial,1,4,0.072085517,1
hard_012,Hard,Serial,1,5,0.072542620,1
hard_012,Hard,Serial-MRV,1,1,0.074584759,1
hard_012,Hard,Serial-MRV,1,2,0.075039052,1
hard_012,Hard,Serial-MRV,1,3,0.075022603,1
hard_012,Hard,Serial-MRV,1,4,0.074002432,1
hard_012,Hard,Serial-MRV,1,5,0.073968771,1
hard_012,Hard,DLX,1,1,0.000154027,1
hard_012,Hard,DLX,1,2,0.000148510,1
hard_012,Hard,DLX,1,3,0.000148432,1
hard_012,Hard,DLX,1,4,0.000147537,1
hard_012,Hard,DLX,1,5,0.000146656,1
hard_012,Hard,DLX-OMP,4,1,0.000363630,1
hard_012,Hard,DLX-OMP,4,2,0.000327475,1
hard_012,Hard,DLX-OMP,4,3,0.000559996,1
hard_012,Hard,DLX-OMP,4,4,0.000471699,1
hard_012,Hard,DLX-OMP,4,5,0.000536598,1
hard_012,Hard,DLX-OMP,8,1,0.000576079,1
hard_012,Hard,DLX-OMP,8,2,0.000264906,1
hard_012,Hard,DLX-OMP,8,3,0.000265116,1
hard_012,Hard,DLX-OMP,8,4,0.000506518,1
hard_012,Hard,DLX-OMP,8,5,0.000262580,1
hard_012,Hard,DLX-OMP,16,1,0.001951590,1
hard_012,Hard,DLX-OMP,16,2,0.000671759,1
hard_012,Hard,DLX-OMP,16,3,0.000692431,1
hard_012,Hard,DLX-OMP,16,4,0.000632907,1
hard_012,Hard,DLX-OMP,16,5,0.000519092,1
hard_012,Hard,OpenMP,4,1,0.062234944,1
hard_012,Hard,OpenMP,4,2,0.062304313,1
hard_012,Hard,OpenMP,4,3,0.061989069,1
hard_012,Hard,OpenMP,4,4,0.063079621,1
hard_012,Hard,OpenMP,4,5,0.062026790,1
hard_012,Hard,OpenMP,8,1,0.062685900,1
hard_012,Hard,OpenMP,8,2,0.062270351,1
hard_012,Hard,OpenMP,8,3,0.063147353,1
hard_012,Hard,OpenMP,8,4,0.062183944,1
hard_012,Hard,OpenMP,8,5,0.062644569,1
hard_012,Hard,OpenMP,16,1,0.062820322,1
hard_012,Hard,OpenMP,16,2,0.062692458,1
hard_012,Hard,OpenMP,16,3,0.062374718,1
hard_012,Hard,OpenMP,16,4,0.062539304,1
hard_012,Hard,OpenMP,16,5,0.062314582,1
hard_013,Hard,Serial,1,1,0.046321346,1
hard_013,Hard,Serial,1,2,0.045834851,1
hard_013,Hard,Serial,1,3,0.045845463,1
hard_013,Hard,Serial,1,4,0.031347638,1
hard_013,Hard,Serial,1,5,0.026159923,1
hard_013,Hard,Serial-MRV,1,1,0.056721474,1
hard_013,Hard,Serial-MRV,1,2,0.057654150,1
hard_013,Hard,Serial-MRV,1,3,0.057397125,1
hard_013,Hard,Serial-MRV,1,4,0.057756342,1
hard_013,Hard,Serial-MRV,1,5,0.057434161,1
hard_013,Hard,DLX,1,1,0.000220367,1
hard_013,Hard,DLX,1,2,0.000215530,1
hard_013,Hard,DLX,1,3,0.000212472,1
hard_013,Hard,DLX,1,4,0.000211320,1
hard_013,Hard,DLX,1,5,0.000217380,1
hard_013,Hard,DLX-OMP,4,1,0.000414858,1
hard_013,Hard,DLX-OMP,4,2,0.000364376,1
hard_013,Hard,DLX-OMP,4,3,0.000340833,1
hard_013,Hard,DLX-OMP,4,4,0.000518235,1
hard_013,Hard,DLX-OMP,4,5,0.000521661,1
hard_013,Hard,DLX-OMP,8,1,0.000612658,1
hard_013,Hard,DLX-OMP,8,2,0.000497455,1
hard_013,Hard,DLX-OMP,8,3,0.000665927,1
hard_013,Hard,DLX-OMP,8,4,0.000500769,1
hard_013,Hard,DLX-OMP,8,5,0.000520727,1
hard_013,Hard,DLX-OMP,16,1,0.001700848,1
hard_013,Hard,DLX-OMP,16,2,0.000654324,1
hard_013,Hard,DLX-OMP,16,3,0.000560681,1
hard_013,Hard,DLX-OMP,16,4,0.000684141,1
hard_013,Hard,DLX-OMP,16,5,0.000346153,1
hard_013,Hard,OpenMP,4,1,0.004915798,1
hard_013,Hard,OpenMP,4,2,0.004971614,1
hard_013,Hard,OpenMP,4,3,0.004573139,1
hard_013,Hard,OpenMP,4,4,0.004647457,1
hard_013,Hard,OpenMP,4,5,0.004771613,1
hard_013,Hard,OpenMP,8,1,0.004651145,1
hard_013,Hard,OpenMP,8,2,0.005000824,1
hard_013,Hard,OpenMP,8,3,0.004613343,1
hard_013,Hard,OpenMP,8,4,0.004598888,1
hard_013,Hard,OpenMP,8,5,0.004554632,1
hard_013,Hard,OpenMP,16,1,0.005005891,1
hard_013,Hard,OpenMP,16,2,0.004682578,1
hard_013,Hard,OpenMP,16,3,0.004787430,1
hard_013,Hard,OpenMP,16,4,0.004729205,1
hard_013,Hard,OpenMP,16,5,0.004665679,1
hard_014,Hard,Serial,1,1,0.036457518,1
hard_014,Hard,Serial,1,2,0.036323626,1
hard_014,Hard,Serial,1,3,0.037113026,1
hard_014,Hard,Serial,1,4,0.036747061,1
hard_014,Hard,Serial,1,5,0.036708224,1
hard_014,Hard,Serial-MRV,1,1,0.070928987,1
hard_014,Hard,Serial-MRV,1,2,0.070585150,1
hard_014,Hard,Serial-MRV,1,3,0.070932363,1
hard_014,Hard,Serial-MRV,1,4,0.051966957,1
hard_014,Hard,Serial-MRV,1,5,0.049494939,1
hard_014,Hard,DLX,1,1,0.000125717,1
hard_014,Hard,DLX,1,2,0.000121572,1
hard_014,Hard,DLX,1,3,0.000120425,1
hard_014,Hard,DLX,1,4,0.000120477,1
hard_014,Hard,DLX,1,5,0.000125265,1
hard_014,Hard,DLX-OMP,4,1,0.000331905,1
hard_014,Hard,DLX-OMP,4,2,0.000443546,1
hard_014,Hard,DLX-OMP,4,3,0.000259324,1
hard_014,Hard,DLX-OMP,4,4,0.000414947,1
hard_014,Hard,DLX-OMP,4,5,0.000404356,1
hard_014,Hard,DLX-OMP,8,1,0.000645525,1
hard_014,Hard,DLX-OMP,8,2,0.000235981,1
hard_014,Hard,DLX-OMP,8,3,0.000580217,1
hard_014,Hard,DLX-OMP,8,4,0.000406872,1
hard_014,Hard,DLX-OMP,8,5,0.000563897,1
hard_014,Hard,DLX-OMP,16,1,0.001384815,1
hard_014,Hard,DLX-OMP,16,2,0.000446659,1
hard_014,Hard,DLX-OMP,16,3,0.000423903,1
hard_014,Hard,DLX-OMP,16,4,0.000448457,1
hard_014,Hard,DLX-OMP,16,5,0.000434933,1
hard_014,Hard,OpenMP,4,1,0.011026346,1
hard_014,Hard,OpenMP,4,2,0.010723668,1
hard_014,Hard,OpenMP,4,3,0.010749535,1
hard_014,Hard,OpenMP,4,4,0.007324779,1
hard_014,Hard,OpenMP,4,5,0.004553483,1
hard_014,Hard,OpenMP,8,1,0.007343289,1
hard_014,Hard,OpenMP,8,2,0.007291865,1
hard_014,Hard,OpenMP,8,3,0.007331235,1
hard_014,Hard,OpenMP,8,4,0.007376493,1
hard_014,Hard,OpenMP,8,5,0.007775129,1
hard_014,Hard,OpenMP,16,1,0.007673121,1
hard_014,Hard,OpenMP,16,2,0.004229951,1
hard_014,Hard,OpenMP,16,3,0.007381238,1
hard_014,Hard,OpenMP,16,4,0.007400311,1
hard_014,Hard,OpenMP,16,5,0.007427098,1
hard_015,Hard,Serial,1,1,0.011295874,1
hard_015,Hard,Serial,1,2,0.010212039,1
hard_015,Hard,Serial,1,3,0.010210808,1
hard_015,Hard,Serial,1,4,0.010211157,1
hard_015,Hard,Serial,1,5,0.010212166,1
hard_015,Hard,Serial-MRV,1,1,0.097453831,1
hard_015,Hard,Serial-MRV,1,2,0.097449976,1
hard_015,Hard,Serial-MRV,1,3,0.096271089,1
hard_015,Hard,Serial-MRV,1,4,0.095709752,1
hard_015,Hard,Serial-MRV,1,5,0.096140870,1
hard_015,Hard,DLX,1,1,0.000146254,1
hard_015,Hard,DLX,1,2,0.000142101,1
hard_015,Hard,DLX,1,3,0.000140398,1
hard_015,Hard,DLX,1,4,0.000140190,1
hard_015,Hard,DLX,1,5,0.000139359,1
hard_015,Hard,DLX-OMP,4,1,0.000351264,1
hard_015,Hard,DLX-OMP,4,2,0.000514983,1
hard_015,Hard,DLX-OMP,4,3,0.000267671,1
hard_015,Hard,DLX-OMP,4,4,0.000472133,1
hard_015,Hard,DLX-OMP,4,5,0.000464155,1
hard_015,Hard,DLX-OMP,8,1,0.000537060,1
hard_015,Hard,DLX-OMP,8,2,0.000482413,1
hard_015,Hard,DLX-OMP,8,3,0.000622912,1
hard_015,Hard,DLX-OMP,8,4,0.000625792,1
hard_015,Hard,DLX-OMP,8,5,0.000457247,1
hard_015,Hard,DLX-OMP,16,1,0.001025473,1
hard_015,Hard,DLX-OMP,16,2,0.000340443,1
hard_015,Hard,DLX-OMP,16,3,0.000484068,1
hard_015,Hard,DLX-OMP,16,4,0.000506798,1
hard_015,Hard,DLX-OMP,16,5,0.000636220,1
hard_015,Hard,OpenMP,4,1,0.021378229,1
hard_015,Hard,OpenMP,4,2,0.021120846,1
hard_015,Hard,OpenMP,4,3,0.021509937,1
hard_015,Hard,OpenMP,4,4,0.021186002,1
hard_015,Hard,OpenMP,4,5,0.021172099,1
hard_015,Hard,OpenMP,8,1,0.021387724,1
hard_015,Hard,OpenMP,8,2,0.021078147,1
hard_015,Hard,OpenMP,8,3,0.021538862,1
hard_015,Hard,OpenMP,8,4,0.021216538,1
hard_015,Hard,OpenMP,8,5,0.021210153,1
hard_015,Hard,OpenMP,16,1,0.021743516,1
hard_015,Hard,OpenMP,16,2,0.021503979,1
hard_015,Hard,OpenMP,16,3,0.021458476,1
hard_015,Hard,OpenMP,16,4,0.021808683,1
hard_015,Hard,OpenMP,16,5,0.021540695,1
hard_016,Hard,Serial,1,1,0.029718065,1
hard_016,Hard,Serial,1,2,0.029608563,1
hard_016,Hard,Serial,1,3,0.029606731,1
hard_016,Hard,Serial,1,4,0.029969042,1
hard_016,Hard,Serial,1,5,0.029633825,1
hard_016,Hard,Serial-MRV,1,1,0.079132630,1
hard_016,Hard,Serial-MRV,1,2,0.047214872,1
hard_016,Hard,Serial-MRV,1,3,0.047190300,1
hard_016,Hard,Serial-MRV,1,4,0.047460290,1
hard_016,Hard,Serial-MRV,1,5,0.047118784,1
hard_016,Hard,DLX,1,1,0.000172151,1
hard_016,Hard,DLX,1,2,0.000167893,1
hard_016,Hard,DLX,1,3,0.000165964,1
hard_016,Hard,DLX,1,4,0.000169927,1
hard_016,Hard,DLX,1,5,0.000164773,1
hard_016,Hard,DLX-OMP,4,1,0.000355185,1
hard_016,Hard,DLX-OMP,4,2,0.000308865,1
hard_016,Hard,DLX-OMP,4,3,0.000435018,1
hard_016,Hard,DLX-OMP,4,4,0.000291340,1
hard_016,Hard,DLX-OMP,4,5,0.000427363,1
hard_016,Hard,DLX-OMP,8,1,0.000661584,1
hard_016,Hard,DLX-OMP,8,2,0.000570134,1
hard_016,Hard,DLX-OMP,8,3,0.000554093,1
hard_016,Hard,DLX-OMP,8,4,0.000315142,1
hard_016,Hard,DLX-OMP,8,5,0.000417664,1
hard_016,Hard,DLX-OMP,16,1,0.001407079,1
hard_016,Hard,DLX-OMP,16,2,0.000425247,1
hard_016,Hard,DLX-OMP,16,3,0.000301458,1
hard_016,Hard,DLX-OMP,16,4,0.000606210,1
hard_016,Hard,DLX-OMP,16,5,0.000467281,1
hard_016,Hard,OpenMP,4,1,0.043823965,1
hard_016,Hard,OpenMP,4,2,0.044541831,1
hard_016,Hard,OpenMP,4,3,0.044317254,1
hard_016,Hard,OpenMP,4,4,0.043912185,1
hard_016,Hard,OpenMP,4,5,0.043686312,1
hard_016,Hard,OpenMP,8,1,0.043752677,1
hard_016,Hard,OpenMP,8,2,0.043945043,1
hard_016,Hard,OpenMP,8,3,0.043759698,1
hard_016,Hard,OpenMP,8,4,0.043784803,1
hard_016,Hard,OpenMP,8,5,0.033537822,1
hard_016,Hard,OpenMP,16,1,0.044776834,1
hard_016,Hard,OpenMP,16,2,0.043854416,1
hard_016,Hard,OpenMP,16,3,0.044168269,1
hard_016,Hard,OpenMP,16,4,0.043832898,1
hard_016,Hard,OpenMP,16,5,0.043830115,1
hard_017,Hard,Serial,1,1,0.275925386,1
hard_017,Hard,Serial,1,2,0.212765570,1
hard_017,Hard,Serial,1,3,0.213052310,1
hard_017,Hard,Serial,1,4,0.211950433,1
hard_017,Hard,Serial,1,5,0.166630015,1
hard_017,Hard,Serial-MRV,1,1,0.043838156,1
hard_017,Hard,Serial-MRV,1,2,0.044305123,1
hard_017,Hard,Serial-MRV,1,3,0.043847590,1
hard_017,Hard,Serial-MRV,1,4,0.043861021,1
hard_017,Hard,Serial-MRV,1,5,0.043911432,1
hard_017,Hard,DLX,1,1,0.000132028,1
hard_017,Hard,DLX,1,2,0.000128267,1
hard_017,Hard,DLX,1,3,0.000131450,1
hard_017,Hard,DLX,1,4,0.000126156,1
hard_017,Hard,DLX,1,5,0.000126717,1
hard_017,Hard,DLX-OMP,4,1,0.000333628,1
hard_017,Hard,DLX-OMP,4,2,0.000489793,1
hard_017,Hard,DLX-OMP,4,3,0.000472838,1
hard_017,Hard,DLX-OMP,4,4,0.000431670,1
hard_017,Hard,DLX-OMP,4,5,0.000425122,1
hard_017,Hard,DLX-OMP,8,1,0.000694840,1
hard_017,Hard,DLX-OMP,8,2,0.000455927,1
hard_017,Hard,DLX-OMP,8,3,0.000465444,1
hard_017,Hard,DLX-OMP,8,4,0.000461511,1
hard_017,Hard,DLX-OMP,8,5,0.000583444,1
hard_017,Hard,DLX-OMP,16,1,0.001330667,1
hard_017,Hard,DLX-OMP,16,2,0.000471122,1
hard_017,Hard,DLX-OMP,16,3,0.000580521,1
hard_017,Hard,DLX-OMP,16,4,0.000609870,1
hard_017,Hard,DLX-OMP,16,5,0.000579646,1
hard_017,Hard,OpenMP,4,1,0.059214446,1
hard_017,Hard,OpenMP,4,2,0.015181432,1
hard_017,Hard,OpenMP,4,3,0.015667415,1
hard_017,Hard,OpenMP,4,4,0.015013415,1
hard_017,Hard,OpenMP,4,5,0.015055509,1
hard_017,Hard,OpenMP,8,1,0.015643943,1
hard_017,Hard,OpenMP,8,2,0.015250816,1
hard_017,Hard,OpenMP,8,3,0.015203548,1
hard_017,Hard,OpenMP,8,4,0.015104733,1
hard_017,Hard,OpenMP,8,5,0.015203287,1
hard_017,Hard,OpenMP,16,1,0.015910481,1
hard_017,Hard,OpenMP,16,2,0.015363207,1
hard_017,Hard,OpenMP,16,3,0.015445248,1
hard_017,Hard,OpenMP,16,4,0.015384138,1
hard_017,Hard,OpenMP,16,5,0.015372695,1
hard_018,Hard,Serial,1,1,0.023932390,1
hard_018,Hard,Serial,1,2,0.022878099,1
hard_018,Hard,Serial,1,3,0.028237705,1
hard_018,Hard,Serial,1,4,0.038220131,1
hard_018,Hard,Serial,1,5,0.038218576,1
hard_018,Hard,Serial-MRV,1,1,0.073608322,1
hard_018,Hard,Serial-MRV,1,2,0.058849818,1
hard_018,Hard,Serial-MRV,1,3,0.059223256,1
hard_018,Hard,Serial-MRV,1,4,0.058772477,1
hard_018,Hard,Serial-MRV,1,5,0.059212156,1
hard_018,Hard,DLX,1,1,0.000155756,1
hard_018,Hard,DLX,1,2,0.000155973,1
hard_018,Hard,DLX,1,3,0.000150594,1
hard_018,Hard,DLX,1,4,0.000149680,1
hard_018,Hard,DLX,1,5,0.000148919,1
hard_018,Hard,DLX-OMP,4,1,0.000365748,1
hard_018,Hard,DLX-OMP,4,2,0.000349064,1
hard_018,Hard,DLX-OMP,4,3,0.000529568,1
hard_018,Hard,DLX-OMP,4,4,0.000307491,1
hard_018,Hard,DLX-OMP,4,5,0.000486006,1
hard_018,Hard,DLX-OMP,8,1,0.000582246,1
hard_018,Hard,DLX-OMP,8,2,0.000533907,1
hard_018,Hard,DLX-OMP,8,3,0.000670123,1
hard_018,Hard,DLX-OMP,8,4,0.000476751,1
hard_018,Hard,DLX-OMP,8,5,0.000507167,1
hard_018,Hard,DLX-OMP,16,1,0.000785831,1
hard_018,Hard,DLX-OMP,16,2,0.000642763,1
hard_018,Hard,DLX-OMP,16,3,0.000700504,1
hard_018,Hard,DLX-OMP,16,4,0.000528557,1
hard_018,Hard,DLX-OMP,16,5,0.000500014,1
hard_018,Hard,OpenMP,4,1,0.016712210,1
hard_018,Hard,OpenMP,4,2,0.016522121,1
hard_018,Hard,OpenMP,4,3,0.016369425,1
hard_018,Hard,OpenMP,4,4,0.016508136,1
hard_018,Hard,OpenMP,4,5,0.016514421,1
hard_018,Hard,OpenMP,8,1,0.016999002,1
hard_018,Hard,OpenMP,8,2,0.016526120,1
hard_018,Hard,OpenMP,8,3,0.016564463,1
hard_018,Hard,OpenMP,8,4,0.016397729,1
hard_018,Hard,OpenMP,8,5,0.016510226,1
hard_018,Hard,OpenMP,16,1,0.017533883,1
hard_018,Hard,OpenMP,16,2,0.016842255,1
hard_018,Hard,OpenMP,16,3,0.016911693,1
hard_018,Hard,OpenMP,16,4,0.016856484,1
hard_018,Hard,OpenMP,16,5,0.016658752,1
hard_019,Hard,Serial,1,1,0.011688747,1
hard_019,Hard,Serial,1,2,0.011557955,1
hard_019,Hard,Serial,1,3,0.011560502,1
hard_019,Hard,Serial,1,4,0.011544851,1
hard_019,Hard,Serial,1,5,0.011544632,1
hard_019,Hard,Serial-MRV,1,1,0.125913651,1
hard_019,Hard,Serial-MRV,1,2,0.114178914,1
hard_019,Hard,Serial-MRV,1,3,0.109540861,1
hard_019,Hard,Serial-MRV,1,4,0.108536177,1
hard_019,Hard,Serial-MRV,1,5,0.108055497,1
hard_019,Hard,DLX,1,1,0.000177807,1
hard_019,Hard,DLX,1,2,0.000167183,1
hard_019,Hard,DLX,1,3,0.000165217,1
hard_019,Hard,DLX,1,4,0.000166703,1
hard_019,Hard,DLX,1,5,0.000165394,1
hard_019,Hard,DLX-OMP,4,1,0.000374035,1
hard_019,Hard,DLX-OMP,4,2,0.000302742,1
hard_019,Hard,DLX-OMP,4,3,0.000302803,1
hard_019,Hard,DLX-OMP,4,4,0.000310112,1
hard_019,Hard,DLX-OMP,4,5,0.000293484,1
hard_019,Hard,DLX-OMP,8,1,0.000558080,1
hard_019,Hard,DLX-OMP,8,2,0.000295873,1
hard_019,Hard,DLX-OMP,8,3,0.000421438,1
hard_019,Hard,DLX-OMP,8,4,0.000593538,1
hard_019,Hard,DLX-OMP,8,5,0.000563471,1
hard_019,Hard,DLX-OMP,16,1,0.001399262,1
hard_019,Hard,DLX-OMP,16,2,0.000474008,1
hard_019,Hard,DLX-OMP,16,3,0.000597453,1
hard_019,Hard,DLX-OMP,16,4,0.000605037,1
hard_019,Hard,DLX-OMP,16,5,0.000583403,1
hard_019,Hard,OpenMP,4,1,0.110867171,1
hard_019,Hard,OpenMP,4,2,0.192615631,1
hard_019,Hard,OpenMP,4,3,0.175810640,1
hard_019,Hard,OpenMP,4,4,0.192475420,1
hard_019,Hard,OpenMP,4,5,0.178626222,1
hard_019,Hard,OpenMP,8,1,0.191416516,1
hard_019,Hard,OpenMP,8,2,0.180997443,1
hard_019,Hard,OpenMP,8,3,0.191170970,1
hard_019,Hard,OpenMP,8,4,0.183239570,1
hard_019,Hard,OpenMP,8,5,0.191085747,1
hard_019,Hard,OpenMP,16,1,0.182456957,1
hard_019,Hard,OpenMP,16,2,0.191421082,1
hard_019,Hard,OpenMP,16,3,0.183979797,1
hard_019,Hard,OpenMP,16,4,0.191363358,1
hard_019,Hard,OpenMP,16,5,0.128671574,1
hard_020,Hard,Serial,1,1,0.054683919,1
hard_020,Hard,Serial,1,2,0.054246715,1
hard_020,Hard,Serial,1,3,0.054233993,1
hard_020,Hard,Serial,1,4,0.032438607,1
hard_020,Hard,Serial,1,5,0.030916249,1
hard_020,Hard,Serial-MRV,1,1,0.124070539,1
hard_020,Hard,Serial-MRV,1,2,0.124022858,1
hard_020,Hard,Serial-MRV,1,3,0.123264246,1
hard_020,Hard,Serial-MRV,1,4,0.122232314,1
hard_020,Hard,Serial-MRV,1,5,0.117542674,1
hard_020,Hard,DLX,1,1,0.000136930,1
hard_020,Hard,DLX,1,2,0.000132339,1
hard_020,Hard,DLX,1,3,0.000134673,1
hard_020,Hard,DLX,1,4,0.000130495,1
hard_020,Hard,DLX,1,5,0.000129812,1
hard_020,Hard,DLX-OMP,4,1,0.000341479,1
hard_020,Hard,DLX-OMP,4,2,0.000339016,1
hard_020,Hard,DLX-OMP,4,3,0.000325986,1
hard_020,Hard,DLX-OMP,4,4,0.000428420,1
hard_020,Hard,DLX-OMP,4,5,0.000448624,1
hard_020,Hard,DLX-OMP,8,1,0.000720168,1
hard_020,Hard,DLX-OMP,8,2,0.000607151,1
hard_020,Hard,DLX-OMP,8,3,0.000458283,1
hard_020,Hard,DLX-OMP,8,4,0.000607740,1
hard_020,Hard,DLX-OMP,8,5,0.000460669,1
hard_020,Hard,DLX-OMP,16,1,0.001698974,1
hard_020,Hard,DLX-OMP,16,2,0.000463822,1
hard_020,Hard,DLX-OMP,16,3,0.000645605,1
hard_020,Hard,DLX-OMP,16,4,0.000598411,1
hard_020,Hard,DLX-OMP,16,5,0.000496480,1
hard_020,Hard,OpenMP,4,1,0.038691711,1
hard_020,Hard,OpenMP,4,2,0.032279097,1
hard_020,Hard,OpenMP,4,3,0.032362303,1
hard_020,Hard,OpenMP,4,4,0.034088945,1
hard_020,Hard,OpenMP,4,5,0.037370999,1
hard_020,Hard,OpenMP,8,1,0.032528329,1
hard_020,Hard,OpenMP,8,2,0.018432414,1
hard_020,Hard,OpenMP,8,3,0.018538889,1
hard_020,Hard,OpenMP,8,4,0.031710042,1
hard_020,Hard,OpenMP,8,5,0.031947573,1
hard_020,Hard,OpenMP,16,1,0.020140073,1
hard_020,Hard,OpenMP,16,2,0.032199085,1
hard_020,Hard,OpenMP,16,3,0.032296384,1
hard_020,Hard,OpenMP,16,4,0.032159272,1
hard_020,Hard,OpenMP,16,5,0.032577018,1
hard_021,Hard,Serial,1,1,0.139013341,1
hard_021,Hard,Serial,1,2,0.121611736,1
hard_021,Hard,Serial,1,3,0.079610991,1
hard_021,Hard,Serial,1,4,0.079469008,1
hard_021,Hard,Serial,1,5,0.079045324,1
hard_021,Hard,Serial-MRV,1,1,0.100575122,1
hard_021,Hard,Serial-MRV,1,2,0.101041192,1
hard_021,Hard,Serial-MRV,1,3,0.100976455,1
hard_021,Hard,Serial-MRV,1,4,0.100953980,1
hard_021,Hard,Serial-MRV,1,5,0.090332738,1
hard_021,Hard,DLX,1,1,0.000299223,1
hard_021,Hard,DLX,1,2,0.000288373,1
hard_021,Hard,DLX,1,3,0.000285922,1
hard_021,Hard,DLX,1,4,0.000312298,1
hard_021,Hard,DLX,1,5,0.000311282,1
hard_021,Hard,DLX-OMP,4,1,0.000589416,1
hard_021,Hard,DLX-OMP,4,2,0.000509345,1
hard_021,Hard,DLX-OMP,4,3,0.000374932,1
hard_021,Hard,DLX-OMP,4,4,0.000868922,1
hard_021,Hard,DLX-OMP,4,5,0.000839951,1
hard_021,Hard,DLX-OMP,8,1,0.001003793,1
hard_021,Hard,DLX-OMP,8,2,0.000482612,1
hard_021,Hard,DLX-OMP,8,3,0.001042421,1
hard_021,Hard,DLX-OMP,8,4,0.000905397,1
hard_021,Hard,DLX-OMP,8,5,0.000881316,1
hard_021,Hard,DLX-OMP,16,1,0.001638532,1
hard_021,Hard,DLX-OMP,16,2,0.000861468,1
hard_021,Hard,DLX-OMP,16,3,0.000896391,1
hard_021,Hard,DLX-OMP,16,4,0.001041265,1
hard_021,Hard,DLX-OMP,16,5,0.000865837,1
hard_021,Hard,OpenMP,4,1,0.035715686,1
hard_021,Hard,OpenMP,4,2,0.035538617,1
hard_021,Hard,OpenMP,4,3,0.035969197,1
hard_021,Hard,OpenMP,4,4,0.035560147,1
hard_021,Hard,OpenMP,4,5,0.036071480,1
hard_021,Hard,OpenMP,8,1,0.036352446,1
hard_021,Hard,OpenMP,8,2,0.035972952,1
hard_021,Hard,OpenMP,8,3,0.035638676,1
hard_021,Hard,OpenMP,8,4,0.035799231,1
hard_021,Hard,OpenMP,8,5,0.036063092,1
hard_021,Hard,OpenMP,16,1,0.037054799,1
hard_021,Hard,OpenMP,16,2,0.035801436,1
hard_021,Hard,OpenMP,16,3,0.035835689,1
hard_021,Hard,OpenMP,16,4,0.036200791,1
hard_021,Hard,OpenMP,16,5,0.035820281,1
hard_022,Hard,Serial,1,1,0.037471464,1
hard_022,Hard,Serial,1,2,0.037682390,1
hard_022,Hard,Serial,1,3,0.037374812,1
hard_022,Hard,Serial,1,4,0.037340262,1
hard_022,Hard,Serial,1,5,0.037324364,1
hard_022,Hard,Serial-MRV,1,1,0.207361981,1
hard_022,Hard,Serial-MRV,1,2,0.209191102,1
hard_022,Hard,Serial-MRV,1,3,0.206440090,1
hard_022,Hard,Serial-MRV,1,4,0.177934915,1
hard_022,Hard,Serial-MRV,1,5,0.144599697,1
hard_022,Hard,DLX,1,1,0.000121543,1
hard_022,Hard,DLX,1,2,0.000117786,1
hard_022,Hard,DLX,1,3,0.000121266,1
hard_022,Hard,DLX,1,4,0.000116635,1
hard_022,Hard,DLX,1,5,0.000117198,1
hard_022,Hard,DLX-OMP,4,1,0.000321403,1
hard_022,Hard,DLX-OMP,4,2,0.000461715,1
hard_022,Hard,DLX-OMP,4,3,0.000439932,1
hard_022,Hard,DLX-OMP,4,4,0.000383572,1
hard_022,Hard,DLX-OMP,4,5,0.000426491,1
hard_022,Hard,DLX-OMP,8,1,0.000510174,1
hard_022,Hard,DLX-OMP,8,2,0.000280891,1
hard_022,Hard,DLX-OMP,8,3,0.000278716,1
hard_022,Hard,DLX-OMP,8,4,0.000389846,1
hard_022,Hard,DLX-OMP,8,5,0.000571504,1
hard_022,Hard,DLX-OMP,16,1,0.001352077,1
hard_022,Hard,DLX-OMP,16,2,0.000433644,1
hard_022,Hard,DLX-OMP,16,3,0.000577150,1
hard_022,Hard,DLX-OMP,16,4,0.000595045,1
hard_022,Hard,DLX-OMP,16,5,0.000604748,1
hard_022,Hard,OpenMP,4,1,0.053877563,1
hard_022,Hard,OpenMP,4,2,0.053085101,1
hard_022,Hard,OpenMP,4,3,0.053230296,1
hard_022,Hard,OpenMP,4,4,0.041172355,1
hard_022,Hard,OpenMP,4,5,0.035163993,1
hard_022,Hard,OpenMP,8,1,0.011194538,1
hard_022,Hard,OpenMP,8,2,0.010937595,1
hard_022,Hard,OpenMP,8,3,0.010987302,1
hard_022,Hard,OpenMP,8,4,0.006571297,1
hard_022,Hard,OpenMP,8,5,0.010973350,1
hard_022,Hard,OpenMP,16,1,0.007412544,1
hard_022,Hard,OpenMP,16,2,0.011342534,1
hard_022,Hard,OpenMP,16,3,0.011333753,1
hard_022,Hard,OpenMP,16,4,0.006568845,1
hard_022,Hard,OpenMP,16,5,0.005992911,1
hard_023,Hard,Serial,1,1,0.013299097,1
hard_023,Hard,Serial,1,2,0.012334322,1
hard_023,Hard,Serial,1,3,0.012341430,1
hard_023,Hard,Serial,1,4,0.012332144,1
hard_023,Hard,Serial,1,5,0.012336474,1
hard_023,Hard,Serial-MRV,1,1,0.036486807,1
hard_023,Hard,Serial-MRV,1,2,0.036185112,1
hard_023,Hard,Serial-MRV,1,3,0.036063013,1
hard_023,Hard,Serial-MRV,1,4,0.036064958,1
hard_023,Hard,Serial-MRV,1,5,0.036508167,1
hard_023,Hard,DLX,1,1,0.000126314,1
hard_023,Hard,DLX,1,2,0.000122694,1
hard_023,Hard,DLX,1,3,0.000121051,1
hard_023,Hard,DLX,1,4,0.000120969,1
hard_023,Hard,DLX,1,5,0.000124982,1
hard_023,Hard,DLX-OMP,4,1,0.000328010,1
hard_023,Hard,DLX-OMP,4,2,0.000460522,1
hard_023,Hard,DLX-OMP,4,3,0.000480069,1
hard_023,Hard,DLX-OMP,4,4,0.000395138,1
hard_023,Hard,DLX-OMP,4,5,0.000242982,1
hard_023,Hard,DLX-OMP,8,1,0.000544090,1
hard_023,Hard,DLX-OMP,8,2,0.000431919,1
hard_023,Hard,DLX-OMP,8,3,0.000579364,1
hard_023,Hard,DLX-OMP,8,4,0.000581729,1
hard_023,Hard,DLX-OMP,8,5,0.000436202,1
hard_023,Hard,DLX-OMP,16,1,0.001273903,1
hard_023,Hard,DLX-OMP,16,2,0.000569265,1
hard_023,Hard,DLX-OMP,16,3,0.000455066,1
hard_023,Hard,DLX-OMP,16,4,0.000579105,1
hard_023,Hard,DLX-OMP,16,5,0.000451603,1
hard_023,Hard,OpenMP,4,1,0.006251113,1
hard_023,Hard,OpenMP,4,2,0.011803760,1
hard_023,Hard,OpenMP,4,3,0.007348180,1
hard_023,Hard,OpenMP,4,4,0.007233249,1
hard_023,Hard,OpenMP,4,5,0.005331181,1
hard_023,Hard,OpenMP,8,1,0.007422035,1
hard_023,Hard,OpenMP,8,2,0.007197258,1
hard_023,Hard,OpenMP,8,3,0.007296892,1
hard_023,Hard,OpenMP,8,4,0.007295579,1
hard_023,Hard,OpenMP,8,5,0.007315170,1
hard_023,Hard,OpenMP,16,1,0.008280295,1
hard_023,Hard,OpenMP,16,2,0.007735666,1
hard_023,Hard,OpenMP,16,3,0.007458138,1
hard_023,Hard,OpenMP,16,4,0.007414562,1
hard_023,Hard,OpenMP,16,5,0.007581751,1
hard_024,Hard,Serial,1,1,0.028076397,1
hard_024,Hard,Serial,1,2,0.027077784,1
hard_024,Hard,Serial,1,3,0.027096039,1
hard_024,Hard,Serial,1,4,0.027516486,1
hard_024,Hard,Serial,1,5,0.027082574,1
hard_024,Hard,Serial-MRV,1,1,0.057687604,1
hard_024,Hard,Serial-MRV,1,2,0.058153701,1
hard_024,Hard,Serial-MRV,1,3,0.057691571,1
hard_024,Hard,Serial-MRV,1,4,0.058144834,1
hard_024,Hard,Serial-MRV,1,5,0.057692418,1
hard_024,Hard,DLX,1,1,0.000122198,1
hard_024,Hard,DLX,1,2,0.000123744,1
hard_024,Hard,DLX,1,3,0.000117572,1
hard_024,Hard,DLX,1,4,0.000117475,1
hard_024,Hard,DLX,1,5,0.000117020,1
hard_024,Hard,DLX-OMP,4,1,0.000313502,1
hard_024,Hard,DLX-OMP,4,2,0.000463903,1
hard_024,Hard,DLX-OMP,4,3,0.000307082,1
hard_024,Hard,DLX-OMP,4,4,0.000240938,1
hard_024,Hard,DLX-OMP,4,5,0.000274558,1
hard_024,Hard,DLX-OMP,8,1,0.000698556,1
hard_024,Hard,DLX-OMP,8,2,0.000445583,1
hard_024,Hard,DLX-OMP,8,3,0.000233168,1
hard_024,Hard,DLX-OMP,8,4,0.000428539,1
hard_024,Hard,DLX-OMP,8,5,0.000313400,1
hard_024,Hard,DLX-OMP,16,1,0.001301301,1
hard_024,Hard,DLX-OMP,16,2,0.000602572,1
hard_024,Hard,DLX-OMP,16,3,0.000414726,1
hard_024,Hard,DLX-OMP,16,4,0.000443811,1
hard_024,Hard,DLX-OMP,16,5,0.000418859,1
hard_024,Hard,OpenMP,4,1,0.144391939,1
hard_024,Hard,OpenMP,4,2,0.112163211,1
hard_024,Hard,OpenMP,4,3,0.097286662,1
hard_024,Hard,OpenMP,4,4,0.144105858,1
hard_024,Hard,OpenMP,4,5,0.144258107,1
hard_024,Hard,OpenMP,8,1,0.144488280,1
hard_024,Hard,OpenMP,8,2,0.138377934,1
hard_024,Hard,OpenMP,8,3,0.144107864,1
hard_024,Hard,OpenMP,8,4,0.124035006,1
hard_024,Hard,OpenMP,8,5,0.144212796,1
hard_024,Hard,OpenMP,16,1,0.145634318,1
hard_024,Hard,OpenMP,16,2,0.144437731,1
hard_024,Hard,OpenMP,16,3,0.144410247,1
hard_024,Hard,OpenMP,16,4,0.144491273,1
hard_024,Hard,OpenMP,16,5,0.135822904,1
hard_025,Hard,Serial,1,1,0.155356197,1
hard_025,Hard,Serial,1,2,0.124612180,1
hard_025,Hard,Serial,1,3,0.088852010,1
hard_025,Hard,Serial,1,4,0.089085904,1
hard_025,Hard,Serial,1,5,0.089231697,1
hard_025,Hard,Serial-MRV,1,1,0.072433116,1
hard_025,Hard,Serial-MRV,1,2,0.072053257,1
hard_025,Hard,Serial-MRV,1,3,0.072411512,1
hard_025,Hard,Serial-MRV,1,4,0.072044245,1
hard_025,Hard,Serial-MRV,1,5,0.072424970,1
hard_025,Hard,DLX,1,1,0.000259978,1
hard_025,Hard,DLX,1,2,0.000252930,1
hard_025,Hard,DLX,1,3,0.000256770,1
hard_025,Hard,DLX,1,4,0.000250445,1
hard_025,Hard,DLX,1,5,0.000248172,1
hard_025,Hard,DLX-OMP,4,1,0.000449734,1
hard_025,Hard,DLX-OMP,4,2,0.000386967,1
hard_025,Hard,DLX-OMP,4,3,0.000613418,1
hard_025,Hard,DLX-OMP,4,4,0.000381158,1
hard_025,Hard,DLX-OMP,4,5,0.000379397,1
hard_025,Hard,DLX-OMP,8,1,0.000642053,1
hard_025,Hard,DLX-OMP,8,2,0.000740784,1
hard_025,Hard,DLX-OMP,8,3,0.000611804,1
hard_025,Hard,DLX-OMP,8,4,0.000378215,1
hard_025,Hard,DLX-OMP,8,5,0.000601159,1
hard_025,Hard,DLX-OMP,16,1,0.001524301,1
hard_025,Hard,DLX-OMP,16,2,0.000785819,1
hard_025,Hard,DLX-OMP,16,3,0.000793956,1
hard_025,Hard,DLX-OMP,16,4,0.000732945,1
hard_025,Hard,DLX-OMP,16,5,0.000777833,1
hard_025,Hard,OpenMP,4,1,0.016369565,1
hard_025,Hard,OpenMP,4,2,0.016278668,1
hard_025,Hard,OpenMP,4,3,0.016333371,1
hard_025,Hard,OpenMP,4,4,0.016262700,1
hard_025,Hard,OpenMP,4,5,0.016532327,1
hard_025,Hard,OpenMP,8,1,0.016420675,1
hard_025,Hard,OpenMP,8,2,0.016238124,1
hard_025,Hard,OpenMP,8,3,0.016264061,1
hard_025,Hard,OpenMP,8,4,0.007389162,1
hard_025,Hard,OpenMP,8,5,0.007376539,1
hard_025,Hard,OpenMP,16,1,0.016659765,1
hard_025,Hard,OpenMP,16,2,0.016505648,1
hard_025,Hard,OpenMP,16,3,0.007876199,1
hard_025,Hard,OpenMP,16,4,0.009383100,1
hard_025,Hard,OpenMP,16,5,0.016554180,1
hard_026,Hard,Serial,1,1,0.062504392,1
hard_026,Hard,Serial,1,2,0.063794055,1
hard_026,Hard,Serial,1,3,0.066427057,1
hard_026,Hard,Serial,1,4,0.061390387,1
hard_026,Hard,Serial,1,5,0.053890493,1
hard_026,Hard,Serial-MRV,1,1,0.141870823,1
hard_026,Hard,Serial-MRV,1,2,0.141872098,1
hard_026,Hard,Serial-MRV,1,3,0.142233135,1
hard_026,Hard,Serial-MRV,1,4,0.141867986,1
hard_026,Hard,Serial-MRV,1,5,0.120919959,1
hard_026,Hard,DLX,1,1,0.000134270,1
hard_026,Hard,DLX,1,2,0.000131032,1
hard_026,Hard,DLX,1,3,0.000134262,1
hard_026,Hard,DLX,1,4,0.000129084,1
hard_026,Hard,DLX,1,5,0.000129402,1
hard_026,Hard,DLX-OMP,4,1,0.000335355,1
hard_026,Hard,DLX-OMP,4,2,0.000349523,1
hard_026,Hard,DLX-OMP,4,3,0.000321091,1
hard_026,Hard,DLX-OMP,4,4,0.000218423,1
hard_026,Hard,DLX-OMP,4,5,0.000217936,1
hard_026,Hard,DLX-OMP,8,1,0.000534037,1
hard_026,Hard,DLX-OMP,8,2,0.000424297,1
hard_026,Hard,DLX-OMP,8,3,0.000595947,1
hard_026,Hard,DLX-OMP,8,4,0.000615763,1
hard_026,Hard,DLX-OMP,8,5,0.000454571,1
hard_026,Hard,DLX-OMP,16,1,0.001287242,1
hard_026,Hard,DLX-OMP,16,2,0.000609901,1
hard_026,Hard,DLX-OMP,16,3,0.000657031,1
hard_026,Hard,DLX-OMP,16,4,0.000592312,1
hard_026,Hard,DLX-OMP,16,5,0.000626273,1
hard_026,Hard,OpenMP,4,1,0.022727584,1
hard_026,Hard,OpenMP,4,2,0.019326218,1
hard_026,Hard,OpenMP,4,3,0.024182777,1
hard_026,Hard,OpenMP,4,4,0.019201023,1
hard_026,Hard,OpenMP,4,5,0.019572099,1
hard_026,Hard,OpenMP,8,1,0.019487695,1
hard_026,Hard,OpenMP,8,2,0.019287351,1
hard_026,Hard,OpenMP,8,3,0.019368044,1
hard_026,Hard,OpenMP,8,4,0.019329397,1
hard_026,Hard,OpenMP,8,5,0.019404021,1
hard_026,Hard,OpenMP,16,1,0.019860902,1
hard_026,Hard,OpenMP,16,2,0.019902961,1
hard_026,Hard,OpenMP,16,3,0.019492066,1
hard_026,Hard,OpenMP,16,4,0.019525811,1
hard_026,Hard,OpenMP,16,5,0.019610433,1
hard_027,Hard,Serial,1,1,0.045745041,1
hard_027,Hard,Serial,1,2,0.046041610,1
hard_027,Hard,Serial,1,3,0.045653563,1
hard_027,Hard,Serial,1,4,0.042257949,1
hard_027,Hard,Serial,1,5,0.026316009,1
hard_027,Hard,Serial-MRV,1,1,0.100825886,1
hard_027,Hard,Serial-MRV,1,2,0.100344655,1
hard_027,Hard,Serial-MRV,1,3,0.100684739,1
hard_027,Hard,Serial-MRV,1,4,0.100675918,1
hard_027,Hard,Serial-MRV,1,5,0.100691511,1
hard_027,Hard,DLX,1,1,0.000233557,1
hard_027,Hard,DLX,1,2,0.000230925,1
hard_027,Hard,DLX,1,3,0.000224000,1
hard_027,Hard,DLX,1,4,0.000222317,1
hard_027,Hard,DLX,1,5,0.000222047,1
hard_027,Hard,DLX-OMP,4,1,0.000430674,1
hard_027,Hard,DLX-OMP,4,2,0.000545430,1
hard_027,Hard,DLX-OMP,4,3,0.000523718,1
hard_027,Hard,DLX-OMP,4,4,0.000548179,1
hard_027,Hard,DLX-OMP,4,5,0.000514534,1
hard_027,Hard,DLX-OMP,8,1,0.000780226,1
hard_027,Hard,DLX-OMP,8,2,0.000527048,1
hard_027,Hard,DLX-OMP,8,3,0.000689476,1
hard_027,Hard,DLX-OMP,8,4,0.000351575,1
hard_027,Hard,DLX-OMP,8,5,0.000540119,1
hard_027,Hard,DLX-OMP,16,1,0.001536067,1
hard_027,Hard,DLX-OMP,16,2,0.000359780,1
hard_027,Hard,DLX-OMP,16,3,0.000720367,1
hard_027,Hard,DLX-OMP,16,4,0.000525004,1
hard_027,Hard,DLX-OMP,16,5,0.000552094,1
hard_027,Hard,OpenMP,4,1,0.019603334,1
hard_027,Hard,OpenMP,4,2,0.019542849,1
hard_027,Hard,OpenMP,4,3,0.046042912,1
hard_027,Hard,OpenMP,4,4,0.026939355,1
hard_027,Hard,OpenMP,4,5,0.019545931,1
hard_027,Hard,OpenMP,8,1,0.012073942,1
hard_027,Hard,OpenMP,8,2,0.019649591,1
hard_027,Hard,OpenMP,8,3,0.019508001,1
hard_027,Hard,OpenMP,8,4,0.019551571,1
hard_027,Hard,OpenMP,8,5,0.020024142,1
hard_027,Hard,OpenMP,16,1,0.020683116,1
hard_027,Hard,OpenMP,16,2,0.019793658,1
hard_027,Hard,OpenMP,16,3,0.019776434,1
hard_027,Hard,OpenMP,16,4,0.013351164,1
hard_027,Hard,OpenMP,16,5,0.013432039,1
hard_028,Hard,Serial,1,1,0.037912844,1
hard_028,Hard,Serial,1,2,0.047054162,1
hard_028,Hard,Serial,1,3,0.046856560,1
hard_028,Hard,Serial,1,4,0.032012477,1
hard_028,Hard,Serial,1,5,0.026563022,1
hard_028,Hard,Serial-MRV,1,1,0.060916864,1
hard_028,Hard,Serial-MRV,1,2,0.061184282,1
hard_028,Hard,Serial-MRV,1,3,0.061284141,1
hard_028,Hard,Serial-MRV,1,4,0.061179031,1
hard_028,Hard,Serial-MRV,1,5,0.060812117,1
hard_028,Hard,DLX,1,1,0.000210815,1
hard_028,Hard,DLX,1,2,0.000205890,1
hard_028,Hard,DLX,1,3,0.000204377,1
hard_028,Hard,DLX,1,4,0.000204179,1
hard_028,Hard,DLX,1,5,0.000202519,1
hard_028,Hard,DLX-OMP,4,1,0.000400038,1
hard_028,Hard,DLX-OMP,4,2,0.000523674,1
hard_028,Hard,DLX-OMP,4,3,0.000511086,1
hard_028,Hard,DLX-OMP,4,4,0.000495944,1
hard_028,Hard,DLX-OMP,4,5,0.000487270,1
hard_028,Hard,DLX-OMP,8,1,0.000567241,1
hard_028,Hard,DLX-OMP,8,2,0.000511102,1
hard_028,Hard,DLX-OMP,8,3,0.000642905,1
hard_028,Hard,DLX-OMP,8,4,0.000496315,1
hard_028,Hard,DLX-OMP,8,5,0.000333768,1
hard_028,Hard,DLX-OMP,16,1,0.000892725,1
hard_028,Hard,DLX-OMP,16,2,0.000674941,1
hard_028,Hard,DLX-OMP,16,3,0.000493670,1
hard_028,Hard,DLX-OMP,16,4,0.000662927,1
hard_028,Hard,DLX-OMP,16,5,0.000492202,1
hard_028,Hard,OpenMP,4,1,0.062687530,1
hard_028,Hard,OpenMP,4,2,0.062200847,1
hard_028,Hard,OpenMP,4,3,0.062463878,1
hard_028,Hard,OpenMP,4,4,0.062297849,1
hard_028,Hard,OpenMP,4,5,0.062675856,1
hard_028,Hard,OpenMP,8,1,0.062557679,1
hard_028,Hard,OpenMP,8,2,0.062732251,1
hard_028,Hard,OpenMP,8,3,0.062395141,1
hard_028,Hard,OpenMP,8,4,0.062723730,1
hard_028,Hard,OpenMP,8,5,0.062438665,1
hard_028,Hard,OpenMP,16,1,0.064764368,1
hard_028,Hard,OpenMP,16,2,0.062521891,1
hard_028,Hard,OpenMP,16,3,0.063525979,1
hard_028,Hard,OpenMP,16,4,0.062548616,1
hard_028,Hard,OpenMP,16,5,0.062835896,1
hard_029,Hard,Serial,1,1,0.095734238,1
hard_029,Hard,Serial,1,2,0.095194623,1
hard_029,Hard,Serial,1,3,0.057280598,1
hard_029,Hard,Serial,1,4,0.054887264,1
hard_029,Hard,Serial,1,5,0.055161842,1
hard_029,Hard,Serial-MRV,1,1,0.070086430,1
hard_029,Hard,Serial-MRV,1,2,0.070392753,1
hard_029,Hard,Serial-MRV,1,3,0.070023626,1
hard_029,Hard,Serial-MRV,1,4,0.070369791,1
hard_029,Hard,Serial-MRV,1,5,0.070379800,1
hard_029,Hard,DLX,1,1,0.000190530,1
hard_029,Hard,DLX,1,2,0.000178915,1
hard_029,Hard,DLX,1,3,0.000178608,1
hard_029,Hard,DLX,1,4,0.000176568,1
hard_029,Hard,DLX,1,5,0.000176884,1
hard_029,Hard,DLX-OMP,4,1,0.000383755,1
hard_029,Hard,DLX-OMP,4,2,0.000493066,1
hard_029,Hard,DLX-OMP,4,3,0.000322738,1
hard_029,Hard,DLX-OMP,4,4,0.000443279,1
hard_029,Hard,DLX-OMP,4,5,0.000468428,1
hard_029,Hard,DLX-OMP,8,1,0.000514777,1
hard_029,Hard,DLX-OMP,8,2,0.000469687,1
hard_029,Hard,DLX-OMP,8,3,0.000304715,1
hard_029,Hard,DLX-OMP,8,4,0.000309069,1
hard_029,Hard,DLX-OMP,8,5,0.000305564,1
hard_029,Hard,DLX-OMP,16,1,0.000830696,1
hard_029,Hard,DLX-OMP,16,2,0.000482092,1
hard_029,Hard,DLX-OMP,16,3,0.000310250,1
hard_029,Hard,DLX-OMP,16,4,0.000644990,1
hard_029,Hard,DLX-OMP,16,5,0.000581735,1
hard_029,Hard,OpenMP,4,1,0.006029727,1
hard_029,Hard,OpenMP,4,2,0.005926065,1
hard_029,Hard,OpenMP,4,3,0.009632800,1
hard_029,Hard,OpenMP,4,4,0.005859525,1
hard_029,Hard,OpenMP,4,5,0.005905931,1
hard_029,Hard,OpenMP,8,1,0.009884889,1
hard_029,Hard,OpenMP,8,2,0.009781799,1
hard_029,Hard,OpenMP,8,3,0.005751875,1
hard_029,Hard,OpenMP,8,4,0.009727476,1
hard_029,Hard,OpenMP,8,5,0.009791211,1
hard_029,Hard,OpenMP,16,1,0.010737937,1
hard_029,Hard,OpenMP,16,2,0.009831223,1
hard_029,Hard,OpenMP,16,3,0.010123040,1
hard_029,Hard,OpenMP,16,4,0.009832543,1
hard_029,Hard,OpenMP,16,5,0.009837902,1
hard_030,Hard,Serial,1,1,0.020452361,1
hard_030,Hard,Serial,1,2,0.020338049,1
hard_030,Hard,Serial,1,3,0.020343015,1
hard_030,Hard,Serial,1,4,0.020341286,1
hard_030,Hard,Serial,1,5,0.020897598,1
hard_030,Hard,Serial-MRV,1,1,0.073481435,1
hard_030,Hard,Serial-MRV,1,2,0.067804205,1
hard_030,Hard,Serial-MRV,1,3,0.055924981,1
hard_030,Hard,Serial-MRV,1,4,0.056265794,1
hard_030,Hard,Serial-MRV,1,5,0.055112905,1
hard_030,Hard,DLX,1,1,0.000183468,1
hard_030,Hard,DLX,1,2,0.000178806,1
hard_030,Hard,DLX,1,3,0.000175887,1
hard_030,Hard,DLX,1,4,0.000180885,1
hard_030,Hard,DLX,1,5,0.000175834,1
hard_030,Hard,DLX-OMP,4,1,0.000377126,1
hard_030,Hard,DLX-OMP,4,2,0.000492986,1
hard_030,Hard,DLX-OMP,4,3,0.000317320,1
hard_030,Hard,DLX-OMP,4,4,0.000439148,1
hard_030,Hard,DLX-OMP,4,5,0.000439395,1
hard_030,Hard,DLX-OMP,8,1,0.000552119,1
hard_030,Hard,DLX-OMP,8,2,0.000469660,1
hard_030,Hard,DLX-OMP,8,3,0.000440390,1
hard_030,Hard,DLX-OMP,8,4,0.000600165,1
hard_030,Hard,DLX-OMP,8,5,0.000437926,1
hard_030,Hard,DLX-OMP,16,1,0.001260564,1
hard_030,Hard,DLX-OMP,16,2,0.000438693,1
hard_030,Hard,DLX-OMP,16,3,0.000661415,1
hard_030,Hard,DLX-OMP,16,4,0.000620316,1
hard_030,Hard,DLX-OMP,16,5,0.000603868,1
hard_030,Hard,OpenMP,4,1,0.097926194,1
hard_030,Hard,OpenMP,4,2,0.097630802,1
hard_030,Hard,OpenMP,4,3,0.097278046,1
hard_030,Hard,OpenMP,4,4,0.097589795,1
hard_030,Hard,OpenMP,4,5,0.072011211,1
hard_030,Hard,OpenMP,8,1,0.097730167,1
hard_030,Hard,OpenMP,8,2,0.097314674,1
hard_030,Hard,OpenMP,8,3,0.097680841,1
hard_030,Hard,OpenMP,8,4,0.097679228,1
hard_030,Hard,OpenMP,8,5,0.088218144,1
hard_030,Hard,OpenMP,16,1,0.056916154,1
hard_030,Hard,OpenMP,16,2,0.097668623,1
hard_030,Hard,OpenMP,16,3,0.097803278,1
hard_030,Hard,OpenMP,16,4,0.097397653,1
hard_030,Hard,OpenMP,16,5,0.097743966,1
hard_031,Hard,Serial,1,1,0.021425743,1
hard_031,Hard,Serial,1,2,0.021697450,1
hard_031,Hard,Serial,1,3,0.021341339,1
hard_031,Hard,Serial,1,4,0.021315960,1
hard_031,Hard,Serial,1,5,0.021341682,1
hard_031,Hard,Serial-MRV,1,1,0.112411490,1
hard_031,Hard,Serial-MRV,1,2,0.087869720,1
hard_031,Hard,Serial-MRV,1,3,0.087453491,1
hard_031,Hard,Serial-MRV,1,4,0.087792385,1
hard_031,Hard,Serial-MRV,1,5,0.086611491,1
hard_031,Hard,DLX,1,1,0.000491914,1
hard_031,Hard,DLX,1,2,0.000475417,1
hard_031,Hard,DLX,1,3,0.000473046,1
hard_031,Hard,DLX,1,4,0.000474141,1
hard_031,Hard,DLX,1,5,0.000471693,1
hard_031,Hard,DLX-OMP,4,1,0.000684618,1
hard_031,Hard,DLX-OMP,4,2,0.000609130,1
hard_031,Hard,DLX-OMP,4,3,0.000995079,1
hard_031,Hard,DLX-OMP,4,4,0.000988291,1
hard_031,Hard,DLX-OMP,4,5,0.000601746,1
hard_031,Hard,DLX-OMP,8,1,0.000685605,1
hard_031,Hard,DLX-OMP,8,2,0.000975972,1
hard_031,Hard,DLX-OMP,8,3,0.001159524,1
hard_031,Hard,DLX-OMP,8,4,0.000977363,1
hard_031,Hard,DLX-OMP,8,5,0.000993855,1
hard_031,Hard,DLX-OMP,16,1,0.002381577,1
hard_031,Hard,DLX-OMP,16,2,0.001003693,1
hard_031,Hard,DLX-OMP,16,3,0.000988318,1
hard_031,Hard,DLX-OMP,16,4,0.001149961,1
hard_031,Hard,DLX-OMP,16,5,0.001133288,1
hard_031,Hard,OpenMP,4,1,0.020131460,1
hard_031,Hard,OpenMP,4,2,0.017975878,1
hard_031,Hard,OpenMP,4,3,0.017934506,1
hard_031,Hard,OpenMP,4,4,0.017895243,1
hard_031,Hard,OpenMP,4,5,0.018247798,1
hard_031,Hard,OpenMP,8,1,0.018120647,1
hard_031,Hard,OpenMP,8,2,0.018084713,1
hard_031,Hard,OpenMP,8,3,0.018137233,1
hard_031,Hard,OpenMP,8,4,0.018194479,1
hard_031,Hard,OpenMP,8,5,0.018068123,1
hard_031,Hard,OpenMP,16,1,0.018944905,1
hard_031,Hard,OpenMP,16,2,0.018272169,1
hard_031,Hard,OpenMP,16,3,0.018178864,1
hard_031,Hard,OpenMP,16,4,0.018357644,1
hard_031,Hard,OpenMP,16,5,0.018243549,1
hard_032,Hard,Serial,1,1,0.079784098,1
hard_032,Hard,Serial,1,2,0.080175466,1
hard_032,Hard,Serial,1,3,0.053004783,1
hard_032,Hard,Serial,1,4,0.045721581,1
hard_032,Hard,Serial,1,5,0.045974826,1
hard_032,Hard,Serial-MRV,1,1,0.062741568,1
hard_032,Hard,Serial-MRV,1,2,0.063107846,1
hard_032,Hard,Serial-MRV,1,3,0.062757073,1
hard_032,Hard,Serial-MRV,1,4,0.063102955,1
hard_032,Hard,Serial-MRV,1,5,0.062755088,1
hard_032,Hard,DLX,1,1,0.000181024,1
hard_032,Hard,DLX,1,2,0.000175316,1
hard_032,Hard,DLX,1,3,0.000174632,1
hard_032,Hard,DLX,1,4,0.000182168,1
hard_032,Hard,DLX,1,5,0.000174438,1
hard_032,Hard,DLX-OMP,4,1,0.000365612,1
hard_032,Hard,DLX-OMP,4,2,0.000479643,1
hard_032,Hard,DLX-OMP,4,3,0.000434848,1
hard_032,Hard,DLX-OMP,4,4,0.000452698,1
hard_032,Hard,DLX-OMP,4,5,0.000430289,1
hard_032,Hard,DLX-OMP,8,1,0.000549966,1
hard_032,Hard,DLX-OMP,8,2,0.000303239,1
hard_032,Hard,DLX-OMP,8,3,0.000610815,1
hard_032,Hard,DLX-OMP,8,4,0.000433259,1
hard_032,Hard,DLX-OMP,8,5,0.000449824,1
hard_032,Hard,DLX-OMP,16,1,0.001781375,1
hard_032,Hard,DLX-OMP,16,2,0.000640138,1
hard_032,Hard,DLX-OMP,16,3,0.000307848,1
hard_032,Hard,DLX-OMP,16,4,0.000460975,1
hard_032,Hard,DLX-OMP,16,5,0.000435168,1
hard_032,Hard,OpenMP,4,1,0.028393898,1
hard_032,Hard,OpenMP,4,2,0.028492590,1
hard_032,Hard,OpenMP,4,3,0.016063389,1
hard_032,Hard,OpenMP,4,4,0.028109101,1
hard_032,Hard,OpenMP,4,5,0.028019244,1
hard_032,Hard,OpenMP,8,1,0.016287428,1
hard_032,Hard,OpenMP,8,2,0.016299849,1
hard_032,Hard,OpenMP,8,3,0.016581275,1
hard_032,Hard,OpenMP,8,4,0.016292642,1
hard_032,Hard,OpenMP,8,5,0.016273333,1
hard_032,Hard,OpenMP,16,1,0.016701079,1
hard_032,Hard,OpenMP,16,2,0.016452656,1
hard_032,Hard,OpenMP,16,3,0.016319162,1
hard_032,Hard,OpenMP,16,4,0.016447745,1
hard_032,Hard,OpenMP,16,5,0.016353587,1
hard_033,Hard,Serial,1,1,0.296072793,1
hard_033,Hard,Serial,1,2,0.241037056,1
hard_033,Hard,Serial,1,3,0.241055637,1
hard_033,Hard,Serial,1,4,0.186949993,1
hard_033,Hard,Serial,1,5,0.169471137,1
hard_033,Hard,Serial-MRV,1,1,0.066354550,1
hard_033,Hard,Serial-MRV,1,2,0.067328028,1
hard_033,Hard,Serial-MRV,1,3,0.066862240,1
hard_033,Hard,Serial-MRV,1,4,0.067327502,1
hard_033,Hard,Serial-MRV,1,5,0.066883137,1
hard_033,Hard,DLX,1,1,0.000149264,1
hard_033,Hard,DLX,1,2,0.000140747,1
hard_033,Hard,DLX,1,3,0.000138147,1
hard_033,Hard,DLX,1,4,0.000138033,1
hard_033,Hard,DLX,1,5,0.000137973,1
hard_033,Hard,DLX-OMP,4,1,0.000359292,1
hard_033,Hard,DLX-OMP,4,2,0.000489309,1
hard_033,Hard,DLX-OMP,4,3,0.000278322,1
hard_033,Hard,DLX-OMP,4,4,0.000280590,1
hard_033,Hard,DLX-OMP,4,5,0.000457020,1
hard_033,Hard,DLX-OMP,8,1,0.000577871,1
hard_033,Hard,DLX-OMP,8,2,0.000307429,1
hard_033,Hard,DLX-OMP,8,3,0.000461384,1
hard_033,Hard,DLX-OMP,8,4,0.000323276,1
hard_033,Hard,DLX-OMP,8,5,0.000650303,1
hard_033,Hard,DLX-OMP,16,1,0.001310907,1
hard_033,Hard,DLX-OMP,16,2,0.000468918,1
hard_033,Hard,DLX-OMP,16,3,0.000645697,1
hard_033,Hard,DLX-OMP,16,4,0.000686930,1
hard_033,Hard,DLX-OMP,16,5,0.000656134,1
hard_033,Hard,OpenMP,4,1,0.024804805,1
hard_033,Hard,OpenMP,4,2,0.029955240,1
hard_033,Hard,OpenMP,4,3,0.029724581,1
hard_033,Hard,OpenMP,4,4,0.020219267,1
hard_033,Hard,OpenMP,4,5,0.030370787,1
hard_033,Hard,OpenMP,8,1,0.010115761,1
hard_033,Hard,OpenMP,8,2,0.010303456,1
hard_033,Hard,OpenMP,8,3,0.009966683,1
hard_033,Hard,OpenMP,8,4,0.005751796,1
hard_033,Hard,OpenMP,8,5,0.005930321,1
hard_033,Hard,OpenMP,16,1,0.010794728,1
hard_033,Hard,OpenMP,16,2,0.009905941,1
hard_033,Hard,OpenMP,16,3,0.006105268,1
hard_033,Hard,OpenMP,16,4,0.005995551,1
hard_033,Hard,OpenMP,16,5,0.006110090,1
hard_034,Hard,Serial,1,1,0.014085240,1
hard_034,Hard,Serial,1,2,0.013131880,1
hard_034,Hard,Serial,1,3,0.013129272,1
hard_034,Hard,Serial,1,4,0.013144141,1
hard_034,Hard,Serial,1,5,0.013584027,1
hard_034,Hard,Serial-MRV,1,1,0.038408402,1
hard_034,Hard,Serial-MRV,1,2,0.038404161,1
hard_034,Hard,Serial-MRV,1,3,0.038584488,1
hard_034,Hard,Serial-MRV,1,4,0.039468586,1
hard_034,Hard,Serial-MRV,1,5,0.038970781,1
hard_034,Hard,DLX,1,1,0.000124635,1
hard_034,Hard,DLX,1,2,0.000120678,1
hard_034,Hard,DLX,1,3,0.000119618,1
hard_034,Hard,DLX,1,4,0.000118634,1
hard_034,Hard,DLX,1,5,0.000118547,1
hard_034,Hard,DLX-OMP,4,1,0.000324961,1
hard_034,Hard,DLX-OMP,4,2,0.000351813,1
hard_034,Hard,DLX-OMP,4,3,0.000481268,1
hard_034,Hard,DLX-OMP,4,4,0.000323081,1
hard_034,Hard,DLX-OMP,4,5,0.000397801,1
hard_034,Hard,DLX-OMP,8,1,0.000652264,1
hard_034,Hard,DLX-OMP,8,2,0.000579713,1
hard_034,Hard,DLX-OMP,8,3,0.000283254,1
hard_034,Hard,DLX-OMP,8,4,0.000561750,1
hard_034,Hard,DLX-OMP,8,5,0.000446183,1
hard_034,Hard,DLX-OMP,16,1,0.001226356,1
hard_034,Hard,DLX-OMP,16,2,0.000587480,1
hard_034,Hard,DLX-OMP,16,3,0.000473665,1
hard_034,Hard,DLX-OMP,16,4,0.000617688,1
hard_034,Hard,DLX-OMP,16,5,0.000607574,1
hard_034,Hard,OpenMP,4,1,0.026670278,1
hard_034,Hard,OpenMP,4,2,0.006381299,1
hard_034,Hard,OpenMP,4,3,0.006716025,1
hard_034,Hard,OpenMP,4,4,0.006390899,1
hard_034,Hard,OpenMP,4,5,0.006399147,1
hard_034,Hard,OpenMP,8,1,0.006527297,1
hard_034,Hard,OpenMP,8,2,0.006361590,1
hard_034,Hard,OpenMP,8,3,0.006458795,1
hard_034,Hard,OpenMP,8,4,0.006445572,1
hard_034,Hard,OpenMP,8,5,0.003338181,1
hard_034,Hard,OpenMP,16,1,0.006890776,1
hard_034,Hard,OpenMP,16,2,0.006578788,1
hard_034,Hard,OpenMP,16,3,0.006619179,1
hard_034,Hard,OpenMP,16,4,0.006558982,1
hard_034,Hard,OpenMP,16,5,0.006629286,1
hard_035,Hard,Serial,1,1,0.076142196,1
hard_035,Hard,Serial,1,2,0.075292855,1
hard_035,Hard,Serial,1,3,0.075896660,1
hard_035,Hard,Serial,1,4,0.075572881,1
hard_035,Hard,Serial,1,5,0.074689461,1
hard_035,Hard,Serial-MRV,1,1,0.040040879,1
hard_035,Hard,Serial-MRV,1,2,0.040473913,1
hard_035,Hard,Serial-MRV,1,3,0.040030322,1
hard_035,Hard,Serial-MRV,1,4,0.040029404,1
hard_035,Hard,Serial-MRV,1,5,0.040472168,1
hard_035,Hard,DLX,1,1,0.000148720,1
hard_035,Hard,DLX,1,2,0.000144804,1
hard_035,Hard,DLX,1,3,0.000143814,1
hard_035,Hard,DLX,1,4,0.000143011,1
hard_035,Hard,DLX,1,5,0.000142725,1
hard_035,Hard,DLX-OMP,4,1,0.000366340,1
hard_035,Hard,DLX-OMP,4,2,0.000372475,1
hard_035,Hard,DLX-OMP,4,3,0.000488727,1
hard_035,Hard,DLX-OMP,4,4,0.000486003,1
hard_035,Hard,DLX-OMP,4,5,0.000232747,1
hard_035,Hard,DLX-OMP,8,1,0.000561963,1
hard_035,Hard,DLX-OMP,8,2,0.000260293,1
hard_035,Hard,DLX-OMP,8,3,0.000624226,1
hard_035,Hard,DLX-OMP,8,4,0.000457293,1
hard_035,Hard,DLX-OMP,8,5,0.000471373,1
hard_035,Hard,DLX-OMP,16,1,0.000724204,1
hard_035,Hard,DLX-OMP,16,2,0.000624566,1
hard_035,Hard,DLX-OMP,16,3,0.000687511,1
hard_035,Hard,DLX-OMP,16,4,0.000667540,1
hard_035,Hard,DLX-OMP,16,5,0.000472905,1
hard_035,Hard,OpenMP,4,1,0.067911895,1
hard_035,Hard,OpenMP,4,2,0.068200530,1
hard_035,Hard,OpenMP,4,3,0.067823330,1
hard_035,Hard,OpenMP,4,4,0.068204055,1
hard_035,Hard,OpenMP,4,5,0.066749188,1
hard_035,Hard,OpenMP,8,1,0.067811466,1
hard_035,Hard,OpenMP,8,2,0.039123736,1
hard_035,Hard,OpenMP,8,3,0.068146657,1
hard_035,Hard,OpenMP,8,4,0.067927811,1
hard_035,Hard,OpenMP,8,5,0.068294664,1
hard_035,Hard,OpenMP,16,1,0.068994204,1
hard_035,Hard,OpenMP,16,2,0.068044068,1
hard_035,Hard,OpenMP,16,3,0.068360440,1
hard_035,Hard,OpenMP,16,4,0.068004926,1
hard_035,Hard,OpenMP,16,5,0.068904988,1
hard_036,Hard,Serial,1,1,0.109366975,1
hard_036,Hard,Serial,1,2,0.109187247,1
hard_036,Hard,Serial,1,3,0.062168171,1
hard_036,Hard,Serial,1,4,0.063093495,1
hard_036,Hard,Serial,1,5,0.062678228,1
hard_036,Hard,Serial-MRV,1,1,0.079810191,1
hard_036,Hard,Serial-MRV,1,2,0.079462818,1
hard_036,Hard,Serial-MRV,1,3,0.079810661,1
hard_036,Hard,Serial-MRV,1,4,0.079828456,1
hard_036,Hard,Serial-MRV,1,5,0.079439156,1
hard_036,Hard,DLX,1,1,0.000209833,1
hard_036,Hard,DLX,1,2,0.000199391,1
hard_036,Hard,DLX,1,3,0.000197271,1
hard_036,Hard,DLX,1,4,0.000196934,1
hard_036,Hard,DLX,1,5,0.000196484,1
hard_036,Hard,DLX-OMP,4,1,0.000393233,1
hard_036,Hard,DLX-OMP,4,2,0.000497976,1
hard_036,Hard,DLX-OMP,4,3,0.000479986,1
hard_036,Hard,DLX-OMP,4,4,0.000488178,1
hard_036,Hard,DLX-OMP,4,5,0.000333171,1
hard_036,Hard,DLX-OMP,8,1,0.000760658,1
hard_036,Hard,DLX-OMP,8,2,0.000326697,1
hard_036,Hard,DLX-OMP,8,3,0.000471294,1
hard_036,Hard,DLX-OMP,8,4,0.000346615,1
hard_036,Hard,DLX-OMP,8,5,0.000631833,1
hard_036,Hard,DLX-OMP,16,1,0.001925577,1
hard_036,Hard,DLX-OMP,16,2,0.000670011,1
hard_036,Hard,DLX-OMP,16,3,0.000517239,1
hard_036,Hard,DLX-OMP,16,4,0.000621342,1
hard_036,Hard,DLX-OMP,16,5,0.000522761,1
hard_036,Hard,OpenMP,4,1,0.011970250,1
hard_036,Hard,OpenMP,4,2,0.011766089,1
hard_036,Hard,OpenMP,4,3,0.005498606,1
hard_036,Hard,OpenMP,4,4,0.011719655,1
hard_036,Hard,OpenMP,4,5,0.011720255,1
hard_036,Hard,OpenMP,8,1,0.005125421,1
hard_036,Hard,OpenMP,8,2,0.005143650,1
hard_036,Hard,OpenMP,8,3,0.005083711,1
hard_036,Hard,OpenMP,8,4,0.003130642,1
hard_036,Hard,OpenMP,8,5,0.005033621,1
hard_036,Hard,OpenMP,16,1,0.005470504,1
hard_036,Hard,OpenMP,16,2,0.005242785,1
hard_036,Hard,OpenMP,16,3,0.005168004,1
hard_036,Hard,OpenMP,16,4,0.005263951,1
hard_036,Hard,OpenMP,16,5,0.005260791,1
hard_037,Hard,Serial,1,1,0.008692996,1
hard_037,Hard,Serial,1,2,0.008559766,1
hard_037,Hard,Serial,1,3,0.008622576,1
hard_037,Hard,Serial,1,4,0.008648445,1
hard_037,Hard,Serial,1,5,0.007514362,1
hard_037,Hard,Serial-MRV,1,1,0.057019602,1
hard_037,Hard,Serial-MRV,1,2,0.059661771,1
hard_037,Hard,Serial-MRV,1,3,0.045501747,1
hard_037,Hard,Serial-MRV,1,4,0.039758132,1
hard_037,Hard,Serial-MRV,1,5,0.039682723,1
hard_037,Hard,DLX,1,1,0.000133376,1
hard_037,Hard,DLX,1,2,0.000128589,1
hard_037,Hard,DLX,1,3,0.000127642,1
hard_037,Hard,DLX,1,4,0.000127264,1
hard_037,Hard,DLX,1,5,0.000126948,1
hard_037,Hard,DLX-OMP,4,1,0.000355559,1
hard_037,Hard,DLX-OMP,4,2,0.000464302,1
hard_037,Hard,DLX-OMP,4,3,0.000432344,1
hard_037,Hard,DLX-OMP,4,4,0.000437781,1
hard_037,Hard,DLX-OMP,4,5,0.000406528,1
hard_037,Hard,DLX-OMP,8,1,0.000541502,1
hard_037,Hard,DLX-OMP,8,2,0.000244153,1
hard_037,Hard,DLX-OMP,8,3,0.000612681,1
hard_037,Hard,DLX-OMP,8,4,0.000561861,1
hard_037,Hard,DLX-OMP,8,5,0.000591254,1
hard_037,Hard,DLX-OMP,16,1,0.001240451,1
hard_037,Hard,DLX-OMP,16,2,0.000622380,1
hard_037,Hard,DLX-OMP,16,3,0.000630930,1
hard_037,Hard,DLX-OMP,16,4,0.000438920,1
hard_037,Hard,DLX-OMP,16,5,0.000433240,1
hard_037,Hard,OpenMP,4,1,0.101157711,1
hard_037,Hard,OpenMP,4,2,0.101009293,1
hard_037,Hard,OpenMP,4,3,0.101016068,1
hard_037,Hard,OpenMP,4,4,0.091565849,1
hard_037,Hard,OpenMP,4,5,0.100583833,1
hard_037,Hard,OpenMP,8,1,0.106985818,1
hard_037,Hard,OpenMP,8,2,0.101079761,1
hard_037,Hard,OpenMP,8,3,0.101096040,1
hard_037,Hard,OpenMP,8,4,0.101082771,1
hard_037,Hard,OpenMP,8,5,0.100726957,1
hard_037,Hard,OpenMP,16,1,0.102307244,1
hard_037,Hard,OpenMP,16,2,0.101163471,1
hard_037,Hard,OpenMP,16,3,0.102005219,1
hard_037,Hard,OpenMP,16,4,0.101192054,1
hard_037,Hard,OpenMP,16,5,0.101150519,1
hard_038,Hard,Serial,1,1,0.242752600,1
hard_038,Hard,Serial,1,2,0.138328900,1
hard_038,Hard,Serial,1,3,0.138531007,1
hard_038,Hard,Serial,1,4,0.139512618,1
hard_038,Hard,Serial,1,5,0.139478080,1
hard_038,Hard,Serial-MRV,1,1,0.060124324,1
hard_038,Hard,Serial-MRV,1,2,0.059921351,1
hard_038,Hard,Serial-MRV,1,3,0.059259474,1
hard_038,Hard,Serial-MRV,1,4,0.048217344,1
hard_038,Hard,Serial-MRV,1,5,0.041506762,1
hard_038,Hard,DLX,1,1,0.000128492,1
hard_038,Hard,DLX,1,2,0.000128965,1
hard_038,Hard,DLX,1,3,0.000124850,1
hard_038,Hard,DLX,1,4,0.000123559,1
hard_038,Hard,DLX,1,5,0.000123362,1
hard_038,Hard,DLX-OMP,4,1,0.000328130,1
hard_038,Hard,DLX-OMP,4,2,0.000495510,1
hard_038,Hard,DLX-OMP,4,3,0.000464268,1
hard_038,Hard,DLX-OMP,4,4,0.000430096,1
hard_038,Hard,DLX-OMP,4,5,0.000468893,1
hard_038,Hard,DLX-OMP,8,1,0.000554065,1
hard_038,Hard,DLX-OMP,8,2,0.000278011,1
hard_038,Hard,DLX-OMP,8,3,0.000237826,1
hard_038,Hard,DLX-OMP,8,4,0.000437789,1
hard_038,Hard,DLX-OMP,8,5,0.000444604,1
hard_038,Hard,DLX-OMP,16,1,0.001461616,1
hard_038,Hard,DLX-OMP,16,2,0.000557491,1
hard_038,Hard,DLX-OMP,16,3,0.000452093,1
hard_038,Hard,DLX-OMP,16,4,0.000436884,1
hard_038,Hard,DLX-OMP,16,5,0.000463848,1
hard_038,Hard,OpenMP,4,1,0.011609404,1
hard_038,Hard,OpenMP,4,2,0.011495209,1
hard_038,Hard,OpenMP,4,3,0.011464346,1
hard_038,Hard,OpenMP,4,4,0.011799674,1
hard_038,Hard,OpenMP,4,5,0.011485924,1
hard_038,Hard,OpenMP,8,1,0.011820253,1
hard_038,Hard,OpenMP,8,2,0.011495136,1
hard_038,Hard,OpenMP,8,3,0.011491997,1
hard_038,Hard,OpenMP,8,4,0.005540076,1
hard_038,Hard,OpenMP,8,5,0.011671402,1
hard_038,Hard,OpenMP,16,1,0.011927446,1
hard_038,Hard,OpenMP,16,2,0.011729454,1
hard_038,Hard,OpenMP,16,3,0.011683054,1
hard_038,Hard,OpenMP,16,4,0.011734704,1
hard_038,Hard,OpenMP,16,5,0.012037830,1
hard_039,Hard,Serial,1,1,0.005517862,1
hard_039,Hard,Serial,1,2,0.005398361,1
hard_039,Hard,Serial,1,3,0.005412300,1
hard_039,Hard,Serial,1,4,0.005407992,1
hard_039,Hard,Serial,1,5,0.005419709,1
hard_039,Hard,Serial-MRV,1,1,0.097702111,1
hard_039,Hard,Serial-MRV,1,2,0.097293793,1
hard_039,Hard,Serial-MRV,1,3,0.066476651,1
hard_039,Hard,Serial-MRV,1,4,0.055478139,1
hard_039,Hard,Serial-MRV,1,5,0.055770434,1
hard_039,Hard,DLX,1,1,0.000198205,1
hard_039,Hard,DLX,1,2,0.000198263,1
hard_039,Hard,DLX,1,3,0.000191238,1
hard_039,Hard,DLX,1,4,0.000190276,1
hard_039,Hard,DLX,1,5,0.000190532,1
hard_039,Hard,DLX-OMP,4,1,0.000425105,1
hard_039,Hard,DLX-OMP,4,2,0.000489691,1
hard_039,Hard,DLX-OMP,4,3,0.000475970,1
hard_039,Hard,DLX-OMP,4,4,0.000472532,1
hard_039,Hard,DLX-OMP,4,5,0.000327369,1
hard_039,Hard,DLX-OMP,8,1,0.000728152,1
hard_039,Hard,DLX-OMP,8,2,0.000630785,1
hard_039,Hard,DLX-OMP,8,3,0.000634008,1
hard_039,Hard,DLX-OMP,8,4,0.000465289,1
hard_039,Hard,DLX-OMP,8,5,0.000477166,1
hard_039,Hard,DLX-OMP,16,1,0.002007426,1
hard_039,Hard,DLX-OMP,16,2,0.000625660,1
hard_039,Hard,DLX-OMP,16,3,0.000500621,1
hard_039,Hard,DLX-OMP,16,4,0.000324328,1
hard_039,Hard,DLX-OMP,16,5,0.000502220,1
hard_039,Hard,OpenMP,4,1,0.007020157,1
hard_039,Hard,OpenMP,4,2,0.006877694,1
hard_039,Hard,OpenMP,4,3,0.006868186,1
hard_039,Hard,OpenMP,4,4,0.006903988,1
hard_039,Hard,OpenMP,4,5,0.006835186,1
hard_039,Hard,OpenMP,8,1,0.004970428,1
hard_039,Hard,OpenMP,8,2,0.004886588,1
hard_039,Hard,OpenMP,8,3,0.004900996,1
hard_039,Hard,OpenMP,8,4,0.004752217,1
hard_039,Hard,OpenMP,8,5,0.003002132,1
hard_039,Hard,OpenMP,16,1,0.005177529,1
hard_039,Hard,OpenMP,16,2,0.004869388,1
hard_039,Hard,OpenMP,16,3,0.005017588,1
hard_039,Hard,OpenMP,16,4,0.004986663,1
hard_039,Hard,OpenMP,16,5,0.003191658,1
hard_040,Hard,Serial,1,1,0.023001341,1
hard_040,Hard,Serial,1,2,0.022788274,1
hard_040,Hard,Serial,1,3,0.022783815,1
hard_040,Hard,Serial,1,4,0.022788570,1
hard_040,Hard,Serial,1,5,0.022785331,1
hard_040,Hard,Serial-MRV,1,1,0.066354949,1
hard_040,Hard,Serial-MRV,1,2,0.065173372,1
hard_040,Hard,Serial-MRV,1,3,0.065526312,1
hard_040,Hard,Serial-MRV,1,4,0.065185093,1
hard_040,Hard,Serial-MRV,1,5,0.065529823,1
hard_040,Hard,DLX,1,1,0.000221941,1
hard_040,Hard,DLX,1,2,0.000210362,1
hard_040,Hard,DLX,1,3,0.000207956,1
hard_040,Hard,DLX,1,4,0.000207466,1
hard_040,Hard,DLX,1,5,0.000214633,1
hard_040,Hard,DLX-OMP,4,1,0.000404501,1
hard_040,Hard,DLX-OMP,4,2,0.000346476,1
hard_040,Hard,DLX-OMP,4,3,0.000511601,1
hard_040,Hard,DLX-OMP,4,4,0.000506907,1
hard_040,Hard,DLX-OMP,4,5,0.000342502,1
hard_040,Hard,DLX-OMP,8,1,0.000598385,1
hard_040,Hard,DLX-OMP,8,2,0.000509428,1
hard_040,Hard,DLX-OMP,8,3,0.000492883,1
hard_040,Hard,DLX-OMP,8,4,0.000644677,1
hard_040,Hard,DLX-OMP,8,5,0.000645999,1
hard_040,Hard,DLX-OMP,16,1,0.000782892,1
hard_040,Hard,DLX-OMP,16,2,0.000344798,1
hard_040,Hard,DLX-OMP,16,3,0.000700549,1
hard_040,Hard,DLX-OMP,16,4,0.000646363,1
hard_040,Hard,DLX-OMP,16,5,0.000369195,1
hard_040,Hard,OpenMP,4,1,0.005066430,1
hard_040,Hard,OpenMP,4,2,0.010857512,1
hard_040,Hard,OpenMP,4,3,0.010910988,1
hard_040,Hard,OpenMP,4,4,0.004873410,1
hard_040,Hard,OpenMP,4,5,0.004942919,1
hard_040,Hard,OpenMP,8,1,0.005044324,1
hard_040,Hard,OpenMP,8,2,0.004912330,1
hard_040,Hard,OpenMP,8,3,0.004933345,1
hard_040,Hard,OpenMP,8,4,0.005176742,1
hard_040,Hard,OpenMP,8,5,0.004982762,1
hard_040,Hard,OpenMP,16,1,0.006501415,1
hard_040,Hard,OpenMP,16,2,0.005083084,1
hard_040,Hard,OpenMP,16,3,0.005111611,1
hard_040,Hard,OpenMP,16,4,0.005055603,1
hard_040,Hard,OpenMP,16,5,0.005034459,1
hard_041,Hard,Serial,1,1,4.026408651,1
hard_041,Hard,Serial,1,2,3.951857999,1
hard_041,Hard,Serial,1,3,4.026821205,1
hard_041,Hard,Serial,1,4,3.950332859,1
hard_041,Hard,Serial,1,5,3.940069129,1
hard_041,Hard,Serial-MRV,1,1,0.045754922,1
hard_041,Hard,Serial-MRV,1,2,0.046195630,1
hard_041,Hard,Serial-MRV,1,3,0.045758066,1
hard_041,Hard,Serial-MRV,1,4,0.045755373,1
hard_041,Hard,Serial-MRV,1,5,0.046208998,1
hard_041,Hard,DLX,1,1,0.000161115,1
hard_041,Hard,DLX,1,2,0.000119442,1
hard_041,Hard,DLX,1,3,0.000119124,1
hard_041,Hard,DLX,1,4,0.000122864,1
hard_041,Hard,DLX,1,5,0.000117595,1
hard_041,Hard,DLX-OMP,4,1,0.000377265,1
hard_041,Hard,DLX-OMP,4,2,0.000336881,1
hard_041,Hard,DLX-OMP,4,3,0.000593405,1
hard_041,Hard,DLX-OMP,4,4,0.000282957,1
hard_041,Hard,DLX-OMP,4,5,0.000813782,1
hard_041,Hard,DLX-OMP,8,1,0.000689685,1
hard_041,Hard,DLX-OMP,8,2,0.000396097,1
hard_041,Hard,DLX-OMP,8,3,0.000606095,1
hard_041,Hard,DLX-OMP,8,4,0.000389530,1
hard_041,Hard,DLX-OMP,8,5,0.000672872,1
hard_041,Hard,DLX-OMP,16,1,0.000828897,1
hard_041,Hard,DLX-OMP,16,2,0.000277764,1
hard_041,Hard,DLX-OMP,16,3,0.000448427,1
hard_041,Hard,DLX-OMP,16,4,0.000420894,1
hard_041,Hard,DLX-OMP,16,5,0.000552429,1
hard_041,Hard,OpenMP,4,1,0.005306561,1
hard_041,Hard,OpenMP,4,2,0.005138881,1
hard_041,Hard,OpenMP,4,3,0.005160112,1
hard_041,Hard,OpenMP,4,4,0.002511505,1
hard_041,Hard,OpenMP,4,5,0.005232960,1
hard_041,Hard,OpenMP,8,1,0.005506066,1
hard_041,Hard,OpenMP,8,2,0.002760479,1
hard_041,Hard,OpenMP,8,3,0.005363473,1
hard_041,Hard,OpenMP,8,4,0.005290295,1
hard_041,Hard,OpenMP,8,5,0.005220764,1
hard_041,Hard,OpenMP,16,1,0.006154243,1
hard_041,Hard,OpenMP,16,2,0.005361246,1
hard_041,Hard,OpenMP,16,3,0.005448048,1
hard_041,Hard,OpenMP,16,4,0.005462596,1
hard_041,Hard,OpenMP,16,5,0.005436355,1
hard_042,Hard,Serial,1,1,0.063538196,1
hard_042,Hard,Serial,1,2,0.061790936,1
hard_042,Hard,Serial,1,3,0.062924831,1
hard_042,Hard,Serial,1,4,0.061877950,1
hard_042,Hard,Serial,1,5,0.062247884,1
hard_042,Hard,Serial-MRV,1,1,0.039130833,1
hard_042,Hard,Serial-MRV,1,2,0.039573597,1
hard_042,Hard,Serial-MRV,1,3,0.039140124,1
hard_042,Hard,Serial-MRV,1,4,0.039124348,1
hard_042,Hard,Serial-MRV,1,5,0.039557267,1
hard_042,Hard,DLX,1,1,0.000209717,1
hard_042,Hard,DLX,1,2,0.000203374,1
hard_042,Hard,DLX,1,3,0.000201748,1
hard_042,Hard,DLX,1,4,0.000202085,1
hard_042,Hard,DLX,1,5,0.000205819,1
hard_042,Hard,DLX-OMP,4,1,0.000433105,1
hard_042,Hard,DLX-OMP,4,2,0.000746970,1
hard_042,Hard,DLX-OMP,4,3,0.000665524,1
hard_042,Hard,DLX-OMP,4,4,0.000631767,1
hard_042,Hard,DLX-OMP,4,5,0.000609110,1
hard_042,Hard,DLX-OMP,8,1,0.000785696,1
hard_042,Hard,DLX-OMP,8,2,0.000619345,1
hard_042,Hard,DLX-OMP,8,3,0.000803162,1
hard_042,Hard,DLX-OMP,8,4,0.000326344,1
hard_042,Hard,DLX-OMP,8,5,0.000636210,1
hard_042,Hard,DLX-OMP,16,1,0.001518901,1
hard_042,Hard,DLX-OMP,16,2,0.000772176,1
hard_042,Hard,DLX-OMP,16,3,0.000805044,1
hard_042,Hard,DLX-OMP,16,4,0.000806870,1
hard_042,Hard,DLX-OMP,16,5,0.000388436,1
hard_042,Hard,OpenMP,4,1,0.019961852,1
hard_042,Hard,OpenMP,4,2,0.019810864,1
hard_042,Hard,OpenMP,4,3,0.019710312,1
hard_042,Hard,OpenMP,4,4,0.019699926,1
hard_042,Hard,OpenMP,4,5,0.019719818,1
hard_042,Hard,OpenMP,8,1,0.020346011,1
hard_042,Hard,OpenMP,8,2,0.020047530,1
hard_042,Hard,OpenMP,8,3,0.019932768,1
hard_042,Hard,OpenMP,8,4,0.020019345,1
hard_042,Hard,OpenMP,8,5,0.020047082,1
hard_042,Hard,OpenMP,16,1,0.020402767,1
hard_042,Hard,OpenMP,16,2,0.020639606,1
hard_042,Hard,OpenMP,16,3,0.020108591,1
hard_042,Hard,OpenMP,16,4,0.020125110,1
hard_042,Hard,OpenMP,16,5,0.020024587,1
hard_043,Hard,Serial,1,1,0.057764433,1
hard_043,Hard,Serial,1,2,0.058040125,1
hard_043,Hard,Serial,1,3,0.057644094,1
hard_043,Hard,Serial,1,4,0.037456225,1
hard_043,Hard,Serial,1,5,0.032886280,1
hard_043,Hard,Serial-MRV,1,1,0.076031290,1
hard_043,Hard,Serial-MRV,1,2,0.075583017,1
hard_043,Hard,Serial-MRV,1,3,0.075932233,1
hard_043,Hard,Serial-MRV,1,4,0.075589484,1
hard_043,Hard,Serial-MRV,1,5,0.075990496,1
hard_043,Hard,DLX,1,1,0.000339447,1
hard_043,Hard,DLX,1,2,0.000330396,1
hard_043,Hard,DLX,1,3,0.000334737,1
hard_043,Hard,DLX,1,4,0.000328264,1
hard_043,Hard,DLX,1,5,0.000327456,1
hard_043,Hard,DLX-OMP,4,1,0.000536484,1
hard_043,Hard,DLX-OMP,4,2,0.000752325,1
hard_043,Hard,DLX-OMP,4,3,0.000741264,1
hard_043,Hard,DLX-OMP,4,4,0.000453632,1
hard_043,Hard,DLX-OMP,4,5,0.000470575,1
hard_043,Hard,DLX-OMP,8,1,0.000811453,1
hard_043,Hard,DLX-OMP,8,2,0.000722333,1
hard_043,Hard,DLX-OMP,8,3,0.000877830,1
hard_043,Hard,DLX-OMP,8,4,0.000456595,1
hard_043,Hard,DLX-OMP,8,5,0.000862578,1
hard_043,Hard,DLX-OMP,16,1,0.002180414,1
hard_043,Hard,DLX-OMP,16,2,0.000707975,1
hard_043,Hard,DLX-OMP,16,3,0.000956894,1
hard_043,Hard,DLX-OMP,16,4,0.000901764,1
hard_043,Hard,DLX-OMP,16,5,0.000501275,1
hard_043,Hard,OpenMP,4,1,0.007043353,1
hard_043,Hard,OpenMP,4,2,0.011275644,1
hard_043,Hard,OpenMP,4,3,0.007064872,1
hard_043,Hard,OpenMP,4,4,0.011362189,1
hard_043,Hard,OpenMP,4,5,0.006826721,1
hard_043,Hard,OpenMP,8,1,0.011720204,1
hard_043,Hard,OpenMP,8,2,0.011337048,1
hard_043,Hard,OpenMP,8,3,0.006907227,1
hard_043,Hard,OpenMP,8,4,0.011385291,1
hard_043,Hard,OpenMP,8,5,0.011389073,1
hard_043,Hard,OpenMP,16,1,0.011851447,1
hard_043,Hard,OpenMP,16,2,0.011579080,1
hard_043,Hard,OpenMP,16,3,0.011548726,1
hard_043,Hard,OpenMP,16,4,0.011478135,1
hard_043,Hard,OpenMP,16,5,0.011637338,1
hard_044,Hard,Serial,1,1,0.183116597,1
hard_044,Hard,Serial,1,2,0.134859386,1
hard_044,Hard,Serial,1,3,0.134813092,1
hard_044,Hard,Serial,1,4,0.134761005,1
hard_044,Hard,Serial,1,5,0.134754813,1
hard_044,Hard,Serial-MRV,1,1,0.094438943,1
hard_044,Hard,Serial-MRV,1,2,0.093028091,1
hard_044,Hard,Serial-MRV,1,3,0.092569030,1
hard_044,Hard,Serial-MRV,1,4,0.093022314,1
hard_044,Hard,Serial-MRV,1,5,0.093586498,1
hard_044,Hard,DLX,1,1,0.000128600,1
hard_044,Hard,DLX,1,2,0.000124978,1
hard_044,Hard,DLX,1,3,0.000124015,1
hard_044,Hard,DLX,1,4,0.000123899,1
hard_044,Hard,DLX,1,5,0.000123725,1
hard_044,Hard,DLX-OMP,4,1,0.000336733,1
hard_044,Hard,DLX-OMP,4,2,0.000325007,1
hard_044,Hard,DLX-OMP,4,3,0.000247072,1
hard_044,Hard,DLX-OMP,4,4,0.000439291,1
hard_044,Hard,DLX-OMP,4,5,0.000413809,1
hard_044,Hard,DLX-OMP,8,1,0.000679682,1
hard_044,Hard,DLX-OMP,8,2,0.000601037,1
hard_044,Hard,DLX-OMP,8,3,0.000423769,1
hard_044,Hard,DLX-OMP,8,4,0.000419387,1
hard_044,Hard,DLX-OMP,8,5,0.000452336,1
hard_044,Hard,DLX-OMP,16,1,0.001135700,1
hard_044,Hard,DLX-OMP,16,2,0.000615830,1
hard_044,Hard,DLX-OMP,16,3,0.000432300,1
hard_044,Hard,DLX-OMP,16,4,0.000461866,1
hard_044,Hard,DLX-OMP,16,5,0.000285040,1
hard_044,Hard,OpenMP,4,1,0.043413597,1
hard_044,Hard,OpenMP,4,2,0.079351648,1
hard_044,Hard,OpenMP,4,3,0.032011208,1
hard_044,Hard,OpenMP,4,4,0.043435783,1
hard_044,Hard,OpenMP,4,5,0.017327374,1
hard_044,Hard,OpenMP,8,1,0.043556351,1
hard_044,Hard,OpenMP,8,2,0.043279003,1
hard_044,Hard,OpenMP,8,3,0.043661378,1
hard_044,Hard,OpenMP,8,4,0.043497626,1
hard_044,Hard,OpenMP,8,5,0.043428241,1
hard_044,Hard,OpenMP,16,1,0.044107001,1
hard_044,Hard,OpenMP,16,2,0.043730557,1
hard_044,Hard,OpenMP,16,3,0.044268431,1
hard_044,Hard,OpenMP,16,4,0.043982185,1
hard_044,Hard,OpenMP,16,5,0.043691232,1
hard_045,Hard,Serial,1,1,0.072714883,1
hard_045,Hard,Serial,1,2,0.072214399,1
hard_045,Hard,Serial,1,3,0.050482890,1
hard_045,Hard,Serial,1,4,0.041177636,1
hard_045,Hard,Serial,1,5,0.041162527,1
hard_045,Hard,Serial-MRV,1,1,0.163968098,1
hard_045,Hard,Serial-MRV,1,2,0.165638959,1
hard_045,Hard,Serial-MRV,1,3,0.165871747,1
hard_045,Hard,Serial-MRV,1,4,0.160776691,1
hard_045,Hard,Serial-MRV,1,5,0.114900967,1
hard_045,Hard,DLX,1,1,0.000206093,1
hard_045,Hard,DLX,1,2,0.000196255,1
hard_045,Hard,DLX,1,3,0.000193713,1
hard_045,Hard,DLX,1,4,0.000193257,1
hard_045,Hard,DLX,1,5,0.000193290,1
hard_045,Hard,DLX-OMP,4,1,0.000453003,1
hard_045,Hard,DLX-OMP,4,2,0.000405644,1
hard_045,Hard,DLX-OMP,4,3,0.000626583,1
hard_045,Hard,DLX-OMP,4,4,0.000592549,1
hard_045,Hard,DLX-OMP,4,5,0.000613399,1
hard_045,Hard,DLX-OMP,8,1,0.000891046,1
hard_045,Hard,DLX-OMP,8,2,0.000621331,1
hard_045,Hard,DLX-OMP,8,3,0.000618214,1
hard_045,Hard,DLX-OMP,8,4,0.000614379,1
hard_045,Hard,DLX-OMP,8,5,0.000319737,1
hard_045,Hard,DLX-OMP,16,1,0.001674780,1
hard_045,Hard,DLX-OMP,16,2,0.000852651,1
hard_045,Hard,DLX-OMP,16,3,0.000599783,1
hard_045,Hard,DLX-OMP,16,4,0.000639905,1
hard_045,Hard,DLX-OMP,16,5,0.000378016,1
hard_045,Hard,OpenMP,4,1,0.051120375,1
hard_045,Hard,OpenMP,4,2,0.050645436,1
hard_045,Hard,OpenMP,4,3,0.050962478,1
hard_045,Hard,OpenMP,4,4,0.050804389,1
hard_045,Hard,OpenMP,4,5,0.040855136,1
hard_045,Hard,OpenMP,8,1,0.022503014,1
hard_045,Hard,OpenMP,8,2,0.050763148,1
hard_045,Hard,OpenMP,8,3,0.022187259,1
hard_045,Hard,OpenMP,8,4,0.050946723,1
hard_045,Hard,OpenMP,8,5,0.050762681,1
hard_045,Hard,OpenMP,16,1,0.045269248,1
hard_045,Hard,OpenMP,16,2,0.050788600,1
hard_045,Hard,OpenMP,16,3,0.029418073,1
hard_045,Hard,OpenMP,16,4,0.051155313,1
hard_045,Hard,OpenMP,16,5,0.050764762,1
hard_046,Hard,Serial,1,1,0.161081322,1
hard_046,Hard,Serial,1,2,0.103038815,1
hard_046,Hard,Serial,1,3,0.092193353,1
hard_046,Hard,Serial,1,4,0.091963124,1
hard_046,Hard,Serial,1,5,0.090774541,1
hard_046,Hard,Serial-MRV,1,1,0.295024541,1
hard_046,Hard,Serial-MRV,1,2,0.252124684,1
hard_046,Hard,Serial-MRV,1,3,0.206043661,1
hard_046,Hard,Serial-MRV,1,4,0.206181035,1
hard_046,Hard,Serial-MRV,1,5,0.206401447,1
hard_046,Hard,DLX,1,1,0.000335284,1
hard_046,Hard,DLX,1,2,0.000332400,1
hard_046,Hard,DLX,1,3,0.000326766,1
hard_046,Hard,DLX,1,4,0.000324845,1
hard_046,Hard,DLX,1,5,0.000327870,1
hard_046,Hard,DLX-OMP,4,1,0.000612685,1
hard_046,Hard,DLX-OMP,4,2,0.000679973,1
hard_046,Hard,DLX-OMP,4,3,0.000414261,1
hard_046,Hard,DLX-OMP,4,4,0.000961984,1
hard_046,Hard,DLX-OMP,4,5,0.000935931,1
hard_046,Hard,DLX-OMP,8,1,0.001022520,1
hard_046,Hard,DLX-OMP,8,2,0.001157086,1
hard_046,Hard,DLX-OMP,8,3,0.000531426,1
hard_046,Hard,DLX-OMP,8,4,0.001106709,1
hard_046,Hard,DLX-OMP,8,5,0.001088430,1
hard_046,Hard,DLX-OMP,16,1,0.001784909,1
hard_046,Hard,DLX-OMP,16,2,0.000583120,1
hard_046,Hard,DLX-OMP,16,3,0.001139813,1
hard_046,Hard,DLX-OMP,16,4,0.001036052,1
hard_046,Hard,DLX-OMP,16,5,0.001125901,1
hard_046,Hard,OpenMP,4,1,0.205562785,1
hard_046,Hard,OpenMP,4,2,0.154076605,1
hard_046,Hard,OpenMP,4,3,0.083317831,1
hard_046,Hard,OpenMP,4,4,0.083809597,1
hard_046,Hard,OpenMP,4,5,0.082849119,1
hard_046,Hard,OpenMP,8,1,0.206042621,1
hard_046,Hard,OpenMP,8,2,0.134409009,1
hard_046,Hard,OpenMP,8,3,0.177918371,1
hard_046,Hard,OpenMP,8,4,0.205886795,1
hard_046,Hard,OpenMP,8,5,0.174032084,1
hard_046,Hard,OpenMP,16,1,0.206511730,1
hard_046,Hard,OpenMP,16,2,0.171960048,1
hard_046,Hard,OpenMP,16,3,0.207182268,1
hard_046,Hard,OpenMP,16,4,0.119592709,1
hard_046,Hard,OpenMP,16,5,0.171998285,1
hard_047,Hard,Serial,1,1,0.040362181,1
hard_047,Hard,Serial,1,2,0.039431181,1
hard_047,Hard,Serial,1,3,0.039076802,1
hard_047,Hard,Serial,1,4,0.039070781,1
hard_047,Hard,Serial,1,5,0.039112416,1
hard_047,Hard,Serial-MRV,1,1,0.080609047,1
hard_047,Hard,Serial-MRV,1,2,0.077390169,1
hard_047,Hard,Serial-MRV,1,3,0.076986136,1
hard_047,Hard,Serial-MRV,1,4,0.077344698,1
hard_047,Hard,Serial-MRV,1,5,0.077332862,1
hard_047,Hard,DLX,1,1,0.000171949,1
hard_047,Hard,DLX,1,2,0.000168475,1
hard_047,Hard,DLX,1,3,0.000167634,1
hard_047,Hard,DLX,1,4,0.000172605,1
hard_047,Hard,DLX,1,5,0.000167029,1
hard_047,Hard,DLX-OMP,4,1,0.000381038,1
hard_047,Hard,DLX-OMP,4,2,0.000309088,1
hard_047,Hard,DLX-OMP,4,3,0.000312915,1
hard_047,Hard,DLX-OMP,4,4,0.000293579,1
hard_047,Hard,DLX-OMP,4,5,0.000444654,1
hard_047,Hard,DLX-OMP,8,1,0.000677704,1
hard_047,Hard,DLX-OMP,8,2,0.000454059,1
hard_047,Hard,DLX-OMP,8,3,0.000296454,1
hard_047,Hard,DLX-OMP,8,4,0.000599551,1
hard_047,Hard,DLX-OMP,8,5,0.000425357,1
hard_047,Hard,DLX-OMP,16,1,0.001551004,1
hard_047,Hard,DLX-OMP,16,2,0.000425998,1
hard_047,Hard,DLX-OMP,16,3,0.000629435,1
hard_047,Hard,DLX-OMP,16,4,0.000567611,1
hard_047,Hard,DLX-OMP,16,5,0.000609742,1
hard_047,Hard,OpenMP,4,1,0.037510223,1
hard_047,Hard,OpenMP,4,2,0.031898565,1
hard_047,Hard,OpenMP,4,3,0.028041967,1
hard_047,Hard,OpenMP,4,4,0.030824367,1
hard_047,Hard,OpenMP,4,5,0.016866834,1
hard_047,Hard,OpenMP,8,1,0.017015444,1
hard_047,Hard,OpenMP,8,2,0.016905520,1
hard_047,Hard,OpenMP,8,3,0.017077655,1
hard_047,Hard,OpenMP,8,4,0.016973180,1
hard_047,Hard,OpenMP,8,5,0.016868167,1
hard_047,Hard,OpenMP,16,1,0.017649600,1
hard_047,Hard,OpenMP,16,2,0.017099434,1
hard_047,Hard,OpenMP,16,3,0.017121319,1
hard_047,Hard,OpenMP,16,4,0.017156923,1
hard_047,Hard,OpenMP,16,5,0.017207799,1
hard_048,Hard,Serial,1,1,0.010199342,1
hard_048,Hard,Serial,1,2,0.010095938,1
hard_048,Hard,Serial,1,3,0.010095144,1
hard_048,Hard,Serial,1,4,0.010093974,1
hard_048,Hard,Serial,1,5,0.016557456,1
hard_048,Hard,Serial-MRV,1,1,0.106279346,1
hard_048,Hard,Serial-MRV,1,2,0.062174626,1
hard_048,Hard,Serial-MRV,1,3,0.060563180,1
hard_048,Hard,Serial-MRV,1,4,0.060363312,1
hard_048,Hard,Serial-MRV,1,5,0.059670067,1
hard_048,Hard,DLX,1,1,0.000230929,1
hard_048,Hard,DLX,1,2,0.000234858,1
hard_048,Hard,DLX,1,3,0.000224745,1
hard_048,Hard,DLX,1,4,0.000222909,1
hard_048,Hard,DLX,1,5,0.000222527,1
hard_048,Hard,DLX-OMP,4,1,0.000433500,1
hard_048,Hard,DLX-OMP,4,2,0.000358907,1
hard_048,Hard,DLX-OMP,4,3,0.000557657,1
hard_048,Hard,DLX-OMP,4,4,0.000524380,1
hard_048,Hard,DLX-OMP,4,5,0.000542790,1
hard_048,Hard,DLX-OMP,8,1,0.000792548,1
hard_048,Hard,DLX-OMP,8,2,0.000351419,1
hard_048,Hard,DLX-OMP,8,3,0.000351121,1
hard_048,Hard,DLX-OMP,8,4,0.000554458,1
hard_048,Hard,DLX-OMP,8,5,0.000678466,1
hard_048,Hard,DLX-OMP,16,1,0.001463189,1
hard_048,Hard,DLX-OMP,16,2,0.000562012,1
hard_048,Hard,DLX-OMP,16,3,0.000694153,1
hard_048,Hard,DLX-OMP,16,4,0.000555203,1
hard_048,Hard,DLX-OMP,16,5,0.001033230,1
hard_048,Hard,OpenMP,4,1,0.105506648,1
hard_048,Hard,OpenMP,4,2,0.068576265,1
hard_048,Hard,OpenMP,4,3,0.060255300,1
hard_048,Hard,OpenMP,4,4,0.061155922,1
hard_048,Hard,OpenMP,4,5,0.061129692,1
hard_048,Hard,OpenMP,8,1,0.106775552,1
hard_048,Hard,OpenMP,8,2,0.105938633,1
hard_048,Hard,OpenMP,8,3,0.106380506,1
hard_048,Hard,OpenMP,8,4,0.105844475,1
hard_048,Hard,OpenMP,8,5,0.105705067,1
hard_048,Hard,OpenMP,16,1,0.106684133,1
hard_048,Hard,OpenMP,16,2,0.105846991,1
hard_048,Hard,OpenMP,16,3,0.105863513,1
hard_048,Hard,OpenMP,16,4,0.105968568,1
hard_048,Hard,OpenMP,16,5,0.105893644,1
hard_049,Hard,Serial,1,1,0.311220595,1
hard_049,Hard,Serial,1,2,0.224145666,1
hard_049,Hard,Serial,1,3,0.224151491,1
hard_049,Hard,Serial,1,4,0.206962524,1
hard_049,Hard,Serial,1,5,0.156789582,1
hard_049,Hard,Serial-MRV,1,1,0.047195864,1
hard_049,Hard,Serial-MRV,1,2,0.047681662,1
hard_049,Hard,Serial-MRV,1,3,0.047205918,1
hard_049,Hard,Serial-MRV,1,4,0.047216171,1
hard_049,Hard,Serial-MRV,1,5,0.047657786,1
hard_049,Hard,DLX,1,1,0.000145068,1
hard_049,Hard,DLX,1,2,0.000138902,1
hard_049,Hard,DLX,1,3,0.000138354,1
hard_049,Hard,DLX,1,4,0.000137449,1
hard_049,Hard,DLX,1,5,0.000136921,1
hard_049,Hard,DLX-OMP,4,1,0.000368715,1
hard_049,Hard,DLX-OMP,4,2,0.000333645,1
hard_049,Hard,DLX-OMP,4,3,0.000526264,1
hard_049,Hard,DLX-OMP,4,4,0.000342127,1
hard_049,Hard,DLX-OMP,4,5,0.000448212,1
hard_049,Hard,DLX-OMP,8,1,0.000523521,1
hard_049,Hard,DLX-OMP,8,2,0.000487159,1
hard_049,Hard,DLX-OMP,8,3,0.000605952,1
hard_049,Hard,DLX-OMP,8,4,0.000469268,1
hard_049,Hard,DLX-OMP,8,5,0.000324006,1
hard_049,Hard,DLX-OMP,16,1,0.001289228,1
hard_049,Hard,DLX-OMP,16,2,0.000497815,1
hard_049,Hard,DLX-OMP,16,3,0.000299481,1
hard_049,Hard,DLX-OMP,16,4,0.000301349,1
hard_049,Hard,DLX-OMP,16,5,0.000644642,1
hard_049,Hard,OpenMP,4,1,0.007377350,1
hard_049,Hard,OpenMP,4,2,0.006537065,1
hard_049,Hard,OpenMP,4,3,0.014582691,1
hard_049,Hard,OpenMP,4,4,0.014612420,1
hard_049,Hard,OpenMP,4,5,0.014621648,1
hard_049,Hard,OpenMP,8,1,0.014918190,1
hard_049,Hard,OpenMP,8,2,0.015259440,1
hard_049,Hard,OpenMP,8,3,0.014904136,1
hard_049,Hard,OpenMP,8,4,0.014874059,1
hard_049,Hard,OpenMP,8,5,0.014881811,1
hard_049,Hard,OpenMP,16,1,0.015162826,1
hard_049,Hard,OpenMP,16,2,0.014963194,1
hard_049,Hard,OpenMP,16,3,0.015088207,1
hard_049,Hard,OpenMP,16,4,0.014989406,1
hard_049,Hard,OpenMP,16,5,0.015038268,1
hard_050,Hard,Serial,1,1,0.014423102,1
hard_050,Hard,Serial,1,2,0.017612138,1
hard_050,Hard,Serial,1,3,0.017619309,1
hard_050,Hard,Serial,1,4,0.017616062,1
hard_050,Hard,Serial,1,5,0.017596239,1
hard_050,Hard,Serial-MRV,1,1,0.071109254,1
hard_050,Hard,Serial-MRV,1,2,0.044324947,1
hard_050,Hard,Serial-MRV,1,3,0.044345799,1
hard_050,Hard,Serial-MRV,1,4,0.044755723,1
hard_050,Hard,Serial-MRV,1,5,0.044686484,1
hard_050,Hard,DLX,1,1,0.000248120,1
hard_050,Hard,DLX,1,2,0.000242074,1
hard_050,Hard,DLX,1,3,0.000241500,1
hard_050,Hard,DLX,1,4,0.000243776,1
hard_050,Hard,DLX,1,5,0.000239982,1
hard_050,Hard,DLX-OMP,4,1,0.000484257,1
hard_050,Hard,DLX-OMP,4,2,0.000489355,1
hard_050,Hard,DLX-OMP,4,3,0.000330431,1
hard_050,Hard,DLX-OMP,4,4,0.000724690,1
hard_050,Hard,DLX-OMP,4,5,0.000715432,1
hard_050,Hard,DLX-OMP,8,1,0.000861747,1
hard_050,Hard,DLX-OMP,8,2,0.000937325,1
hard_050,Hard,DLX-OMP,8,3,0.000716452,1
hard_050,Hard,DLX-OMP,8,4,0.000755250,1
hard_050,Hard,DLX-OMP,8,5,0.000368286,1
hard_050,Hard,DLX-OMP,16,1,0.002028027,1
hard_050,Hard,DLX-OMP,16,2,0.000718612,1
hard_050,Hard,DLX-OMP,16,3,0.000935260,1
hard_050,Hard,DLX-OMP,16,4,0.000913974,1
hard_050,Hard,DLX-OMP,16,5,0.000903754,1
hard_050,Hard,OpenMP,4,1,0.016297880,1
hard_050,Hard,OpenMP,4,2,0.016437253,1
hard_050,Hard,OpenMP,4,3,0.006799461,1
hard_050,Hard,OpenMP,4,4,0.016079699,1
hard_050,Hard,OpenMP,4,5,0.016040399,1
hard_050,Hard,OpenMP,8,1,0.016465845,1
hard_050,Hard,OpenMP,8,2,0.007515908,1
hard_050,Hard,OpenMP,8,3,0.016283267,1
hard_050,Hard,OpenMP,8,4,0.007552830,1
hard_050,Hard,OpenMP,8,5,0.007552192,1
hard_050,Hard,OpenMP,16,1,0.016513146,1
hard_050,Hard,OpenMP,16,2,0.016753302,1
hard_050,Hard,OpenMP,16,3,0.016437405,1
hard_050,Hard,OpenMP,16,4,0.016385598,1
hard_050,Hard,OpenMP,16,5,0.016397383,1
hard_051,Hard,Serial,1,1,0.012212794,1
hard_051,Hard,Serial,1,2,0.011190827,1
hard_051,Hard,Serial,1,3,0.011186773,1
hard_051,Hard,Serial,1,4,0.011186123,1
hard_051,Hard,Serial,1,5,0.011168908,1
hard_051,Hard,Serial-MRV,1,1,0.065233117,1
hard_051,Hard,Serial-MRV,1,2,0.072958620,1
hard_051,Hard,Serial-MRV,1,3,0.046481866,1
hard_051,Hard,Serial-MRV,1,4,0.045647453,1
hard_051,Hard,Serial-MRV,1,5,0.046035170,1
hard_051,Hard,DLX,1,1,0.000162674,1
hard_051,Hard,DLX,1,2,0.000151172,1
hard_051,Hard,DLX,1,3,0.000151097,1
hard_051,Hard,DLX,1,4,0.000149450,1
hard_051,Hard,DLX,1,5,0.000148541,1
hard_051,Hard,DLX-OMP,4,1,0.000389973,1
hard_051,Hard,DLX-OMP,4,2,0.000369212,1
hard_051,Hard,DLX-OMP,4,3,0.000238871,1
hard_051,Hard,DLX-OMP,4,4,0.000489814,1
hard_051,Hard,DLX-OMP,4,5,0.000276818,1
hard_051,Hard,DLX-OMP,8,1,0.000631591,1
hard_051,Hard,DLX-OMP,8,2,0.000655373,1
hard_051,Hard,DLX-OMP,8,3,0.000672985,1
hard_051,Hard,DLX-OMP,8,4,0.000512479,1
hard_051,Hard,DLX-OMP,8,5,0.000641114,1
hard_051,Hard,DLX-OMP,16,1,0.001821433,1
hard_051,Hard,DLX-OMP,16,2,0.000321634,1
hard_051,Hard,DLX-OMP,16,3,0.000679549,1
hard_051,Hard,DLX-OMP,16,4,0.000724678,1
hard_051,Hard,DLX-OMP,16,5,0.000493450,1
hard_051,Hard,OpenMP,4,1,0.007983756,1
hard_051,Hard,OpenMP,4,2,0.007945074,1
hard_051,Hard,OpenMP,4,3,0.016853720,1
hard_051,Hard,OpenMP,4,4,0.007069705,1
hard_051,Hard,OpenMP,4,5,0.007768181,1
hard_051,Hard,OpenMP,8,1,0.008014028,1
hard_051,Hard,OpenMP,8,2,0.007774260,1
hard_051,Hard,OpenMP,8,3,0.004027116,1
hard_051,Hard,OpenMP,8,4,0.007905712,1
hard_051,Hard,OpenMP,8,5,0.007798552,1
hard_051,Hard,OpenMP,16,1,0.008346298,1
hard_051,Hard,OpenMP,16,2,0.008014720,1
hard_051,Hard,OpenMP,16,3,0.008295654,1
hard_051,Hard,OpenMP,16,4,0.004398005,1
hard_051,Hard,OpenMP,16,5,0.007888875,1
hard_052,Hard,Serial,1,1,0.004138500,1
hard_052,Hard,Serial,1,2,0.003059386,1
hard_052,Hard,Serial,1,3,0.003054822,1
hard_052,Hard,Serial,1,4,0.003055267,1
hard_052,Hard,Serial,1,5,0.003055658,1
hard_052,Hard,Serial-MRV,1,1,0.034956428,1
hard_052,Hard,Serial-MRV,1,2,0.034969616,1
hard_052,Hard,Serial-MRV,1,3,0.035418800,1
hard_052,Hard,Serial-MRV,1,4,0.034971644,1
hard_052,Hard,Serial-MRV,1,5,0.034963184,1
hard_052,Hard,DLX,1,1,0.000142275,1
hard_052,Hard,DLX,1,2,0.000138371,1
hard_052,Hard,DLX,1,3,0.000137689,1
hard_052,Hard,DLX,1,4,0.000137751,1
hard_052,Hard,DLX,1,5,0.000138040,1
hard_052,Hard,DLX-OMP,4,1,0.000354943,1
hard_052,Hard,DLX-OMP,4,2,0.000349342,1
hard_052,Hard,DLX-OMP,4,3,0.000499811,1
hard_052,Hard,DLX-OMP,4,4,0.000476691,1
hard_052,Hard,DLX-OMP,4,5,0.000464048,1
hard_052,Hard,DLX-OMP,8,1,0.000772580,1
hard_052,Hard,DLX-OMP,8,2,0.000487406,1
hard_052,Hard,DLX-OMP,8,3,0.000613514,1
hard_052,Hard,DLX-OMP,8,4,0.000323147,1
hard_052,Hard,DLX-OMP,8,5,0.000590587,1
hard_052,Hard,DLX-OMP,16,1,0.001193296,1
hard_052,Hard,DLX-OMP,16,2,0.000604143,1
hard_052,Hard,DLX-OMP,16,3,0.000662851,1
hard_052,Hard,DLX-OMP,16,4,0.000498964,1
hard_052,Hard,DLX-OMP,16,5,0.000466448,1
hard_052,Hard,OpenMP,4,1,0.005849489,1
hard_052,Hard,OpenMP,4,2,0.011493267,1
hard_052,Hard,OpenMP,4,3,0.011452769,1
hard_052,Hard,OpenMP,4,4,0.011784882,1
hard_052,Hard,OpenMP,4,5,0.011459256,1
hard_052,Hard,OpenMP,8,1,0.011513058,1
hard_052,Hard,OpenMP,8,2,0.005558881,1
hard_052,Hard,OpenMP,8,3,0.011578444,1
hard_052,Hard,OpenMP,8,4,0.005522402,1
hard_052,Hard,OpenMP,8,5,0.011474766,1
hard_052,Hard,OpenMP,16,1,0.006971302,1
hard_052,Hard,OpenMP,16,2,0.017138551,1
hard_052,Hard,OpenMP,16,3,0.011443213,1
hard_052,Hard,OpenMP,16,4,0.006520871,1
hard_052,Hard,OpenMP,16,5,0.006574469,1
hard_053,Hard,Serial,1,1,0.232676405,1
hard_053,Hard,Serial,1,2,0.163772635,1
hard_053,Hard,Serial,1,3,0.162140935,1
hard_053,Hard,Serial,1,4,0.162131302,1
hard_053,Hard,Serial,1,5,0.162125984,1
hard_053,Hard,Serial-MRV,1,1,0.035804137,1
hard_053,Hard,Serial-MRV,1,2,0.035349172,1
hard_053,Hard,Serial-MRV,1,3,0.035641621,1
hard_053,Hard,Serial-MRV,1,4,0.036296711,1
hard_053,Hard,Serial-MRV,1,5,0.035847868,1
hard_053,Hard,DLX,1,1,0.000123536,1
hard_053,Hard,DLX,1,2,0.000119235,1
hard_053,Hard,DLX,1,3,0.000118839,1
hard_053,Hard,DLX,1,4,0.000118658,1
hard_053,Hard,DLX,1,5,0.000116962,1
hard_053,Hard,DLX-OMP,4,1,0.000556480,1
hard_053,Hard,DLX-OMP,4,2,0.000467007,1
hard_053,Hard,DLX-OMP,4,3,0.000362447,1
hard_053,Hard,DLX-OMP,4,4,0.000430073,1
hard_053,Hard,DLX-OMP,4,5,0.000406660,1
hard_053,Hard,DLX-OMP,8,1,0.000716949,1
hard_053,Hard,DLX-OMP,8,2,0.000477483,1
hard_053,Hard,DLX-OMP,8,3,0.000550647,1
hard_053,Hard,DLX-OMP,8,4,0.000449395,1
hard_053,Hard,DLX-OMP,8,5,0.000442113,1
hard_053,Hard,DLX-OMP,16,1,0.001434426,1
hard_053,Hard,DLX-OMP,16,2,0.000574849,1
hard_053,Hard,DLX-OMP,16,3,0.000624742,1
hard_053,Hard,DLX-OMP,16,4,0.000412650,1
hard_053,Hard,DLX-OMP,16,5,0.000433563,1
hard_053,Hard,OpenMP,4,1,0.086509188,1
hard_053,Hard,OpenMP,4,2,0.064441604,1
hard_053,Hard,OpenMP,4,3,0.086228763,1
hard_053,Hard,OpenMP,4,4,0.082018789,1
hard_053,Hard,OpenMP,4,5,0.049209911,1
hard_053,Hard,OpenMP,8,1,0.086496271,1
hard_053,Hard,OpenMP,8,2,0.085969436,1
hard_053,Hard,OpenMP,8,3,0.086416255,1
hard_053,Hard,OpenMP,8,4,0.086405072,1
hard_053,Hard,OpenMP,8,5,0.086005862,1
hard_053,Hard,OpenMP,16,1,0.088808181,1
hard_053,Hard,OpenMP,16,2,0.086414310,1
hard_053,Hard,OpenMP,16,3,0.086114615,1
hard_053,Hard,OpenMP,16,4,0.086419102,1
hard_053,Hard,OpenMP,16,5,0.057480916,1
hard_054,Hard,Serial,1,1,0.134015686,1
hard_054,Hard,Serial,1,2,0.118768628,1
hard_054,Hard,Serial,1,3,0.077028132,1
hard_054,Hard,Serial,1,4,0.077237371,1
hard_054,Hard,Serial,1,5,0.077107365,1
hard_054,Hard,Serial-MRV,1,1,0.075117752,1
hard_054,Hard,Serial-MRV,1,2,0.075468382,1
hard_054,Hard,Serial-MRV,1,3,0.075107829,1
hard_054,Hard,Serial-MRV,1,4,0.075458212,1
hard_054,Hard,Serial-MRV,1,5,0.075550333,1
hard_054,Hard,DLX,1,1,0.000183360,1
hard_054,Hard,DLX,1,2,0.000179558,1
hard_054,Hard,DLX,1,3,0.000178820,1
hard_054,Hard,DLX,1,4,0.000186579,1
hard_054,Hard,DLX,1,5,0.000178204,1
hard_054,Hard,DLX-OMP,4,1,0.000369569,1
hard_054,Hard,DLX-OMP,4,2,0.000317929,1
hard_054,Hard,DLX-OMP,4,3,0.000473724,1
hard_054,Hard,DLX-OMP,4,4,0.000303326,1
hard_054,Hard,DLX-OMP,4,5,0.000315051,1
hard_054,Hard,DLX-OMP,8,1,0.000552775,1
hard_054,Hard,DLX-OMP,8,2,0.000444286,1
hard_054,Hard,DLX-OMP,8,3,0.000620367,1
hard_054,Hard,DLX-OMP,8,4,0.000610134,1
hard_054,Hard,DLX-OMP,8,5,0.000641960,1
hard_054,Hard,DLX-OMP,16,1,0.001385187,1
hard_054,Hard,DLX-OMP,16,2,0.000621544,1
hard_054,Hard,DLX-OMP,16,3,0.000622526,1
hard_054,Hard,DLX-OMP,16,4,0.000482435,1
hard_054,Hard,DLX-OMP,16,5,0.000441467,1
hard_054,Hard,OpenMP,4,1,0.133643521,1
hard_054,Hard,OpenMP,4,2,0.133558207,1
hard_054,Hard,OpenMP,4,3,0.133548790,1
hard_054,Hard,OpenMP,4,4,0.113508205,1
hard_054,Hard,OpenMP,4,5,0.133426693,1
hard_054,Hard,OpenMP,8,1,0.133824065,1
hard_054,Hard,OpenMP,8,2,0.133727753,1
hard_054,Hard,OpenMP,8,3,0.133698646,1
hard_054,Hard,OpenMP,8,4,0.133627885,1
hard_054,Hard,OpenMP,8,5,0.133624278,1
hard_054,Hard,OpenMP,16,1,0.134089531,1
hard_054,Hard,OpenMP,16,2,0.133735072,1
hard_054,Hard,OpenMP,16,3,0.133710991,1
hard_054,Hard,OpenMP,16,4,0.133656638,1
hard_054,Hard,OpenMP,16,5,0.133826948,1
hard_055,Hard,Serial,1,1,0.061776522,1
hard_055,Hard,Serial,1,2,0.061303516,1
hard_055,Hard,Serial,1,3,0.036807982,1
hard_055,Hard,Serial,1,4,0.035309089,1
hard_055,Hard,Serial,1,5,0.035310922,1
hard_055,Hard,Serial-MRV,1,1,0.073195605,1
hard_055,Hard,Serial-MRV,1,2,0.073203894,1
hard_055,Hard,Serial-MRV,1,3,0.072583714,1
hard_055,Hard,Serial-MRV,1,4,0.072213022,1
hard_055,Hard,Serial-MRV,1,5,0.071838879,1
hard_055,Hard,DLX,1,1,0.000170525,1
hard_055,Hard,DLX,1,2,0.000167767,1
hard_055,Hard,DLX,1,3,0.000173468,1
hard_055,Hard,DLX,1,4,0.000165532,1
hard_055,Hard,DLX,1,5,0.000165282,1
hard_055,Hard,DLX-OMP,4,1,0.000371024,1
hard_055,Hard,DLX-OMP,4,2,0.000476878,1
hard_055,Hard,DLX-OMP,4,3,0.000424272,1
hard_055,Hard,DLX-OMP,4,4,0.000302544,1
hard_055,Hard,DLX-OMP,4,5,0.000410594,1
hard_055,Hard,DLX-OMP,8,1,0.000684197,1
hard_055,Hard,DLX-OMP,8,2,0.000417266,1
hard_055,Hard,DLX-OMP,8,3,0.000431810,1
hard_055,Hard,DLX-OMP,8,4,0.000411890,1
hard_055,Hard,DLX-OMP,8,5,0.000410479,1
hard_055,Hard,DLX-OMP,16,1,0.001960366,1
hard_055,Hard,DLX-OMP,16,2,0.000472309,1
hard_055,Hard,DLX-OMP,16,3,0.000574638,1
hard_055,Hard,DLX-OMP,16,4,0.000600450,1
hard_055,Hard,DLX-OMP,16,5,0.000302109,1
hard_055,Hard,OpenMP,4,1,0.043635536,1
hard_055,Hard,OpenMP,4,2,0.074300108,1
hard_055,Hard,OpenMP,4,3,0.052611368,1
hard_055,Hard,OpenMP,4,4,0.074628695,1
hard_055,Hard,OpenMP,4,5,0.074802598,1
hard_055,Hard,OpenMP,8,1,0.074672504,1
hard_055,Hard,OpenMP,8,2,0.074836140,1
hard_055,Hard,OpenMP,8,3,0.075200561,1
hard_055,Hard,OpenMP,8,4,0.075538087,1
hard_055,Hard,OpenMP,8,5,0.074775400,1
hard_055,Hard,OpenMP,16,1,0.075046640,1
hard_055,Hard,OpenMP,16,2,0.073965883,1
hard_055,Hard,OpenMP,16,3,0.075114702,1
hard_055,Hard,OpenMP,16,4,0.074656847,1
hard_055,Hard,OpenMP,16,5,0.075767899,1
hard_056,Hard,Serial,1,1,0.068075538,1
hard_056,Hard,Serial,1,2,0.068334650,1
hard_056,Hard,Serial,1,3,0.067617096,1
hard_056,Hard,Serial,1,4,0.038750831,1
hard_056,Hard,Serial,1,5,0.038765093,1
hard_056,Hard,Serial-MRV,1,1,0.106553450,1
hard_056,Hard,Serial-MRV,1,2,0.106525679,1
hard_056,Hard,Serial-MRV,1,3,0.106497781,1
hard_056,Hard,Serial-MRV,1,4,0.106499508,1
hard_056,Hard,Serial-MRV,1,5,0.106129954,1
hard_056,Hard,DLX,1,1,0.000203075,1
hard_056,Hard,DLX,1,2,0.000198093,1
hard_056,Hard,DLX,1,3,0.000195376,1
hard_056,Hard,DLX,1,4,0.000201572,1
hard_056,Hard,DLX,1,5,0.000194811,1
hard_056,Hard,DLX-OMP,4,1,0.000394951,1
hard_056,Hard,DLX-OMP,4,2,0.000352519,1
hard_056,Hard,DLX-OMP,4,3,0.000322970,1
hard_056,Hard,DLX-OMP,4,4,0.000321947,1
hard_056,Hard,DLX-OMP,4,5,0.000328552,1
hard_056,Hard,DLX-OMP,8,1,0.000588334,1
hard_056,Hard,DLX-OMP,8,2,0.000491502,1
hard_056,Hard,DLX-OMP,8,3,0.000611298,1
hard_056,Hard,DLX-OMP,8,4,0.000489599,1
hard_056,Hard,DLX-OMP,8,5,0.000617591,1
hard_056,Hard,DLX-OMP,16,1,0.002028369,1
hard_056,Hard,DLX-OMP,16,2,0.000478546,1
hard_056,Hard,DLX-OMP,16,3,0.000662053,1
hard_056,Hard,DLX-OMP,16,4,0.000475996,1
hard_056,Hard,DLX-OMP,16,5,0.000508662,1
hard_056,Hard,OpenMP,4,1,0.047406909,1
hard_056,Hard,OpenMP,4,2,0.048938453,1
hard_056,Hard,OpenMP,4,3,0.042010119,1
hard_056,Hard,OpenMP,4,4,0.020054348,1
hard_056,Hard,OpenMP,4,5,0.046752944,1
hard_056,Hard,OpenMP,8,1,0.046995752,1
hard_056,Hard,OpenMP,8,2,0.047165790,1
hard_056,Hard,OpenMP,8,3,0.047065595,1
hard_056,Hard,OpenMP,8,4,0.041055856,1
hard_056,Hard,OpenMP,8,5,0.047059820,1
hard_056,Hard,OpenMP,16,1,0.047450746,1
hard_056,Hard,OpenMP,16,2,0.047498138,1
hard_056,Hard,OpenMP,16,3,0.040638757,1
hard_056,Hard,OpenMP,16,4,0.047530564,1
hard_056,Hard,OpenMP,16,5,0.047490315,1
hard_057,Hard,Serial,1,1,0.025687399,1
hard_057,Hard,Serial,1,2,0.025781394,1
hard_057,Hard,Serial,1,3,0.025771307,1
hard_057,Hard,Serial,1,4,0.019674410,1
hard_057,Hard,Serial,1,5,0.014707469,1
hard_057,Hard,Serial-MRV,1,1,0.060682026,1
hard_057,Hard,Serial-MRV,1,2,0.060979127,1
hard_057,Hard,Serial-MRV,1,3,0.060604388,1
hard_057,Hard,Serial-MRV,1,4,0.060964053,1
hard_057,Hard,Serial-MRV,1,5,0.060602392,1
hard_057,Hard,DLX,1,1,0.000238052,1
hard_057,Hard,DLX,1,2,0.000237865,1
hard_057,Hard,DLX,1,3,0.000230275,1
hard_057,Hard,DLX,1,4,0.000229122,1
hard_057,Hard,DLX,1,5,0.000229368,1
hard_057,Hard,DLX-OMP,4,1,0.000430935,1
hard_057,Hard,DLX-OMP,4,2,0.000555416,1
hard_057,Hard,DLX-OMP,4,3,0.000362307,1
hard_057,Hard,DLX-OMP,4,4,0.000529314,1
hard_057,Hard,DLX-OMP,4,5,0.000535114,1
hard_057,Hard,DLX-OMP,8,1,0.000640129,1
hard_057,Hard,DLX-OMP,8,2,0.000679711,1
hard_057,Hard,DLX-OMP,8,3,0.000380196,1
hard_057,Hard,DLX-OMP,8,4,0.000359643,1
hard_057,Hard,DLX-OMP,8,5,0.000358235,1
hard_057,Hard,DLX-OMP,16,1,0.001927646,1
hard_057,Hard,DLX-OMP,16,2,0.000582880,1
hard_057,Hard,DLX-OMP,16,3,0.000360923,1
hard_057,Hard,DLX-OMP,16,4,0.000398952,1
hard_057,Hard,DLX-OMP,16,5,0.000688695,1
hard_057,Hard,OpenMP,4,1,0.021115101,1
hard_057,Hard,OpenMP,4,2,0.017745978,1
hard_057,Hard,OpenMP,4,3,0.018639898,1
hard_057,Hard,OpenMP,4,4,0.018942782,1
hard_057,Hard,OpenMP,4,5,0.032662515,1
hard_057,Hard,OpenMP,8,1,0.019126113,1
hard_057,Hard,OpenMP,8,2,0.018756011,1
hard_057,Hard,OpenMP,8,3,0.018977274,1
hard_057,Hard,OpenMP,8,4,0.010903846,1
hard_057,Hard,OpenMP,8,5,0.018776821,1
hard_057,Hard,OpenMP,16,1,0.019249791,1
hard_057,Hard,OpenMP,16,2,0.018882538,1
hard_057,Hard,OpenMP,16,3,0.018972651,1
hard_057,Hard,OpenMP,16,4,0.014249148,1
hard_057,Hard,OpenMP,16,5,0.019062446,1
hard_058,Hard,Serial,1,1,0.019529273,1
hard_058,Hard,Serial,1,2,0.019147568,1
hard_058,Hard,Serial,1,3,0.019141011,1
hard_058,Hard,Serial,1,4,0.019120691,1
hard_058,Hard,Serial,1,5,0.019142996,1
hard_058,Hard,Serial-MRV,1,1,0.075662996,1
hard_058,Hard,Serial-MRV,1,2,0.062788240,1
hard_058,Hard,Serial-MRV,1,3,0.063074341,1
hard_058,Hard,Serial-MRV,1,4,0.062704707,1
hard_058,Hard,Serial-MRV,1,5,0.063044360,1
hard_058,Hard,DLX,1,1,0.000275295,1
hard_058,Hard,DLX,1,2,0.000270344,1
hard_058,Hard,DLX,1,3,0.000274601,1
hard_058,Hard,DLX,1,4,0.000267823,1
hard_058,Hard,DLX,1,5,0.000266437,1
hard_058,Hard,DLX-OMP,4,1,0.000486222,1
hard_058,Hard,DLX-OMP,4,2,0.000624181,1
hard_058,Hard,DLX-OMP,4,3,0.000609861,1
hard_058,Hard,DLX-OMP,4,4,0.000591618,1
hard_058,Hard,DLX-OMP,4,5,0.000622624,1
hard_058,Hard,DLX-OMP,8,1,0.000727290,1
hard_058,Hard,DLX-OMP,8,2,0.000794235,1
hard_058,Hard,DLX-OMP,8,3,0.000599087,1
hard_058,Hard,DLX-OMP,8,4,0.000617794,1
hard_058,Hard,DLX-OMP,8,5,0.000401551,1
hard_058,Hard,DLX-OMP,16,1,0.001989123,1
hard_058,Hard,DLX-OMP,16,2,0.000809555,1
hard_058,Hard,DLX-OMP,16,3,0.000795458,1
hard_058,Hard,DLX-OMP,16,4,0.000785765,1
hard_058,Hard,DLX-OMP,16,5,0.000604370,1
hard_058,Hard,OpenMP,4,1,0.002920798,1
hard_058,Hard,OpenMP,4,2,0.004289842,1
hard_058,Hard,OpenMP,4,3,0.004200428,1
hard_058,Hard,OpenMP,4,4,0.004343664,1
hard_058,Hard,OpenMP,4,5,0.004198703,1
hard_058,Hard,OpenMP,8,1,0.004468834,1
hard_058,Hard,OpenMP,8,2,0.004292809,1
hard_058,Hard,OpenMP,8,3,0.002772507,1
hard_058,Hard,OpenMP,8,4,0.004291215,1
hard_058,Hard,OpenMP,8,5,0.004411705,1
hard_058,Hard,OpenMP,16,1,0.004659112,1
hard_058,Hard,OpenMP,16,2,0.004492885,1
hard_058,Hard,OpenMP,16,3,0.004515896,1
hard_058,Hard,OpenMP,16,4,0.004546498,1
hard_058,Hard,OpenMP,16,5,0.004515271,1
hard_059,Hard,Serial,1,1,0.027357515,1
hard_059,Hard,Serial,1,2,0.026954911,1
hard_059,Hard,Serial,1,3,0.026946289,1
hard_059,Hard,Serial,1,4,0.026947401,1
hard_059,Hard,Serial,1,5,0.026867950,1
hard_059,Hard,Serial-MRV,1,1,0.050544565,1
hard_059,Hard,Serial-MRV,1,2,0.050563085,1
hard_059,Hard,Serial-MRV,1,3,0.078249279,1
hard_059,Hard,Serial-MRV,1,4,0.077368019,1
hard_059,Hard,Serial-MRV,1,5,0.050629796,1
hard_059,Hard,DLX,1,1,0.000251768,1
hard_059,Hard,DLX,1,2,0.000236738,1
hard_059,Hard,DLX,1,3,0.000234507,1
hard_059,Hard,DLX,1,4,0.000233564,1
hard_059,Hard,DLX,1,5,0.000237974,1
hard_059,Hard,DLX-OMP,4,1,0.000431805,1
hard_059,Hard,DLX-OMP,4,2,0.000588136,1
hard_059,Hard,DLX-OMP,4,3,0.000542984,1
hard_059,Hard,DLX-OMP,4,4,0.000370893,1
hard_059,Hard,DLX-OMP,4,5,0.000533671,1
hard_059,Hard,DLX-OMP,8,1,0.000809152,1
hard_059,Hard,DLX-OMP,8,2,0.000710763,1
hard_059,Hard,DLX-OMP,8,3,0.000367121,1
hard_059,Hard,DLX-OMP,8,4,0.000570601,1
hard_059,Hard,DLX-OMP,8,5,0.000701755,1
hard_059,Hard,DLX-OMP,16,1,0.001411897,1
hard_059,Hard,DLX-OMP,16,2,0.000545955,1
hard_059,Hard,DLX-OMP,16,3,0.000754841,1
hard_059,Hard,DLX-OMP,16,4,0.000601644,1
hard_059,Hard,DLX-OMP,16,5,0.000555050,1
hard_059,Hard,OpenMP,4,1,0.031528851,1
hard_059,Hard,OpenMP,4,2,0.053922244,1
hard_059,Hard,OpenMP,4,3,0.054293873,1
hard_059,Hard,OpenMP,4,4,0.054225196,1
hard_059,Hard,OpenMP,4,5,0.054587241,1
hard_059,Hard,OpenMP,8,1,0.031046571,1
hard_059,Hard,OpenMP,8,2,0.053950313,1
hard_059,Hard,OpenMP,8,3,0.053676531,1
hard_059,Hard,OpenMP,8,4,0.049929735,1
hard_059,Hard,OpenMP,8,5,0.053656157,1
hard_059,Hard,OpenMP,16,1,0.054685200,1
hard_059,Hard,OpenMP,16,2,0.054175723,1
hard_059,Hard,OpenMP,16,3,0.053887531,1
hard_059,Hard,OpenMP,16,4,0.054245240,1
hard_059,Hard,OpenMP,16,5,0.053809658,1
hard_060,Hard,Serial,1,1,0.208737426,1
hard_060,Hard,Serial,1,2,0.139881886,1
hard_060,Hard,Serial,1,3,0.140219654,1
hard_060,Hard,Serial,1,4,0.139674929,1
hard_060,Hard,Serial,1,5,0.140876429,1
hard_060,Hard,Serial-MRV,1,1,0.097747797,1
hard_060,Hard,Serial-MRV,1,2,0.079674822,1
hard_060,Hard,Serial-MRV,1,3,0.068171201,1
hard_060,Hard,Serial-MRV,1,4,0.068090173,1
hard_060,Hard,Serial-MRV,1,5,0.067624351,1
hard_060,Hard,DLX,1,1,0.000125679,1
hard_060,Hard,DLX,1,2,0.000122000,1
hard_060,Hard,DLX,1,3,0.000121099,1
hard_060,Hard,DLX,1,4,0.000120363,1
hard_060,Hard,DLX,1,5,0.000119356,1
hard_060,Hard,DLX-OMP,4,1,0.000346254,1
hard_060,Hard,DLX-OMP,4,2,0.000348015,1
hard_060,Hard,DLX-OMP,4,3,0.000245097,1
hard_060,Hard,DLX-OMP,4,4,0.000239552,1
hard_060,Hard,DLX-OMP,4,5,0.000432632,1
hard_060,Hard,DLX-OMP,8,1,0.000348804,1
hard_060,Hard,DLX-OMP,8,2,0.000590580,1
hard_060,Hard,DLX-OMP,8,3,0.000420032,1
hard_060,Hard,DLX-OMP,8,4,0.000289514,1
hard_060,Hard,DLX-OMP,8,5,0.000571894,1
hard_060,Hard,DLX-OMP,16,1,0.001244312,1
hard_060,Hard,DLX-OMP,16,2,0.000585906,1
hard_060,Hard,DLX-OMP,16,3,0.000593884,1
hard_060,Hard,DLX-OMP,16,4,0.000547026,1
hard_060,Hard,DLX-OMP,16,5,0.000488525,1
hard_060,Hard,OpenMP,4,1,0.060518922,1
hard_060,Hard,OpenMP,4,2,0.059857999,1
hard_060,Hard,OpenMP,4,3,0.036238980,1
hard_060,Hard,OpenMP,4,4,0.046966272,1
hard_060,Hard,OpenMP,4,5,0.033831187,1
hard_060,Hard,OpenMP,8,1,0.039517959,1
hard_060,Hard,OpenMP,8,2,0.039393433,1
hard_060,Hard,OpenMP,8,3,0.033755404,1
hard_060,Hard,OpenMP,8,4,0.059106445,1
hard_060,Hard,OpenMP,8,5,0.059085080,1
hard_060,Hard,OpenMP,16,1,0.060068624,1
hard_060,Hard,OpenMP,16,2,0.059256307,1
hard_060,Hard,OpenMP,16,3,0.060134494,1
hard_060,Hard,OpenMP,16,4,0.059408373,1
hard_060,Hard,OpenMP,16,5,0.059753654,1
hard_061,Hard,Serial,1,1,0.120612664,1
hard_061,Hard,Serial,1,2,0.117227597,1
hard_061,Hard,Serial,1,3,0.068515768,1
hard_061,Hard,Serial,1,4,0.068866587,1
hard_061,Hard,Serial,1,5,0.068979196,1
hard_061,Hard,Serial-MRV,1,1,0.119573842,1
hard_061,Hard,Serial-MRV,1,2,0.119595095,1
hard_061,Hard,Serial-MRV,1,3,0.119586077,1
hard_061,Hard,Serial-MRV,1,4,0.119588577,1
hard_061,Hard,Serial-MRV,1,5,0.109423738,1
hard_061,Hard,DLX,1,1,0.000142880,1
hard_061,Hard,DLX,1,2,0.000133735,1
hard_061,Hard,DLX,1,3,0.000131611,1
hard_061,Hard,DLX,1,4,0.000132056,1
hard_061,Hard,DLX,1,5,0.000131892,1
hard_061,Hard,DLX-OMP,4,1,0.000346520,1
hard_061,Hard,DLX-OMP,4,2,0.000371821,1
hard_061,Hard,DLX-OMP,4,3,0.000225139,1
hard_061,Hard,DLX-OMP,4,4,0.000446395,1
hard_061,Hard,DLX-OMP,4,5,0.000445963,1
hard_061,Hard,DLX-OMP,8,1,0.000587859,1
hard_061,Hard,DLX-OMP,8,2,0.000297832,1
hard_061,Hard,DLX-OMP,8,3,0.000442941,1
hard_061,Hard,DLX-OMP,8,4,0.000316335,1
hard_061,Hard,DLX-OMP,8,5,0.000484255,1
hard_061,Hard,DLX-OMP,16,1,0.001454242,1
hard_061,Hard,DLX-OMP,16,2,0.000623063,1
hard_061,Hard,DLX-OMP,16,3,0.000680428,1
hard_061,Hard,DLX-OMP,16,4,0.000488181,1
hard_061,Hard,DLX-OMP,16,5,0.000639834,1
hard_061,Hard,OpenMP,4,1,0.065078650,1
hard_061,Hard,OpenMP,4,2,0.066831786,1
hard_061,Hard,OpenMP,4,3,0.063201771,1
hard_061,Hard,OpenMP,4,4,0.037191160,1
hard_061,Hard,OpenMP,4,5,0.062902887,1
hard_061,Hard,OpenMP,8,1,0.063479642,1
hard_061,Hard,OpenMP,8,2,0.044654199,1
hard_061,Hard,OpenMP,8,3,0.053019559,1
hard_061,Hard,OpenMP,8,4,0.063098660,1
hard_061,Hard,OpenMP,8,5,0.063364093,1
hard_061,Hard,OpenMP,16,1,0.063614752,1
hard_061,Hard,OpenMP,16,2,0.063425604,1
hard_061,Hard,OpenMP,16,3,0.063265526,1
hard_061,Hard,OpenMP,16,4,0.063542212,1
hard_061,Hard,OpenMP,16,5,0.063285218,1
hard_062,Hard,Serial,1,1,0.107565686,1
hard_062,Hard,Serial,1,2,0.086759461,1
hard_062,Hard,Serial,1,3,0.061061124,1
hard_062,Hard,Serial,1,4,0.061341062,1
hard_062,Hard,Serial,1,5,0.060935490,1
hard_062,Hard,Serial-MRV,1,1,0.077684088,1
hard_062,Hard,Serial-MRV,1,2,0.077321689,1
hard_062,Hard,Serial-MRV,1,3,0.077674589,1
hard_062,Hard,Serial-MRV,1,4,0.078811369,1
hard_062,Hard,Serial-MRV,1,5,0.078448991,1
hard_062,Hard,DLX,1,1,0.000198880,1
hard_062,Hard,DLX,1,2,0.000194872,1
hard_062,Hard,DLX,1,3,0.000192483,1
hard_062,Hard,DLX,1,4,0.000197923,1
hard_062,Hard,DLX,1,5,0.000191648,1
hard_062,Hard,DLX-OMP,4,1,0.000387049,1
hard_062,Hard,DLX-OMP,4,2,0.000526333,1
hard_062,Hard,DLX-OMP,4,3,0.000466859,1
hard_062,Hard,DLX-OMP,4,4,0.000471127,1
hard_062,Hard,DLX-OMP,4,5,0.000319470,1
hard_062,Hard,DLX-OMP,8,1,0.000570110,1
hard_062,Hard,DLX-OMP,8,2,0.000597978,1
hard_062,Hard,DLX-OMP,8,3,0.000340738,1
hard_062,Hard,DLX-OMP,8,4,0.000462694,1
hard_062,Hard,DLX-OMP,8,5,0.000496079,1
hard_062,Hard,DLX-OMP,16,1,0.000704588,1
hard_062,Hard,DLX-OMP,16,2,0.000664740,1
hard_062,Hard,DLX-OMP,16,3,0.000506094,1
hard_062,Hard,DLX-OMP,16,4,0.000473077,1
hard_062,Hard,DLX-OMP,16,5,0.000667754,1
hard_062,Hard,OpenMP,4,1,0.087626521,1
hard_062,Hard,OpenMP,4,2,0.072382656,1
hard_062,Hard,OpenMP,4,3,0.087203940,1
hard_062,Hard,OpenMP,4,4,0.087790982,1
hard_062,Hard,OpenMP,4,5,0.073645079,1
hard_062,Hard,OpenMP,8,1,0.050387376,1
hard_062,Hard,OpenMP,8,2,0.050682217,1
hard_062,Hard,OpenMP,8,3,0.087843615,1
hard_062,Hard,OpenMP,8,4,0.087676716,1
hard_062,Hard,OpenMP,8,5,0.087919619,1
hard_062,Hard,OpenMP,16,1,0.088762855,1
hard_062,Hard,OpenMP,16,2,0.087897197,1
hard_062,Hard,OpenMP,16,3,0.088000109,1
hard_062,Hard,OpenMP,16,4,0.087552713,1
hard_062,Hard,OpenMP,16,5,0.087897808,1
hard_063,Hard,Serial,1,1,0.049891147,1
hard_063,Hard,Serial,1,2,0.050195435,1
hard_063,Hard,Serial,1,3,0.049775724,1
hard_063,Hard,Serial,1,4,0.039876772,1
hard_063,Hard,Serial,1,5,0.028384254,1
hard_063,Hard,Serial-MRV,1,1,0.108882008,1
hard_063,Hard,Serial-MRV,1,2,0.108800660,1
hard_063,Hard,Serial-MRV,1,3,0.108449311,1
hard_063,Hard,Serial-MRV,1,4,0.108794428,1
hard_063,Hard,Serial-MRV,1,5,0.108786600,1
hard_063,Hard,DLX,1,1,0.000231032,1
hard_063,Hard,DLX,1,2,0.000224888,1
hard_063,Hard,DLX,1,3,0.000230733,1
hard_063,Hard,DLX,1,4,0.000221341,1
hard_063,Hard,DLX,1,5,0.000221125,1
hard_063,Hard,DLX-OMP,4,1,0.000416965,1
hard_063,Hard,DLX-OMP,4,2,0.000556221,1
hard_063,Hard,DLX-OMP,4,3,0.000538002,1
hard_063,Hard,DLX-OMP,4,4,0.000512927,1
hard_063,Hard,DLX-OMP,4,5,0.000348847,1
hard_063,Hard,DLX-OMP,8,1,0.000610203,1
hard_063,Hard,DLX-OMP,8,2,0.000670730,1
hard_063,Hard,DLX-OMP,8,3,0.000679077,1
hard_063,Hard,DLX-OMP,8,4,0.000520212,1
hard_063,Hard,DLX-OMP,8,5,0.000539861,1
hard_063,Hard,DLX-OMP,16,1,0.000951131,1
hard_063,Hard,DLX-OMP,16,2,0.000526186,1
hard_063,Hard,DLX-OMP,16,3,0.000551476,1
hard_063,Hard,DLX-OMP,16,4,0.000669358,1
hard_063,Hard,DLX-OMP,16,5,0.000701605,1
hard_063,Hard,OpenMP,4,1,0.017109498,1
hard_063,Hard,OpenMP,4,2,0.029391278,1
hard_063,Hard,OpenMP,4,3,0.017027450,1
hard_063,Hard,OpenMP,4,4,0.029091604,1
hard_063,Hard,OpenMP,4,5,0.017064052,1
hard_063,Hard,OpenMP,8,1,0.029066789,1
hard_063,Hard,OpenMP,8,2,0.029258995,1
hard_063,Hard,OpenMP,8,3,0.029191129,1
hard_063,Hard,OpenMP,8,4,0.028994601,1
hard_063,Hard,OpenMP,8,5,0.029079364,1
hard_063,Hard,OpenMP,16,1,0.029746745,1
hard_063,Hard,OpenMP,16,2,0.029222695,1
hard_063,Hard,OpenMP,16,3,0.029278304,1
hard_063,Hard,OpenMP,16,4,0.029142690,1
hard_063,Hard,OpenMP,16,5,0.029132397,1
hard_064,Hard,Serial,1,1,0.006096211,1
hard_064,Hard,Serial,1,2,0.006764424,1
hard_064,Hard,Serial,1,3,0.006749569,1
hard_064,Hard,Serial,1,4,0.006766222,1
hard_064,Hard,Serial,1,5,0.006764687,1
hard_064,Hard,Serial-MRV,1,1,0.095014636,1
hard_064,Hard,Serial-MRV,1,2,0.038277615,1
hard_064,Hard,Serial-MRV,1,3,0.038247883,1
hard_064,Hard,Serial-MRV,1,4,0.038277447,1
hard_064,Hard,Serial-MRV,1,5,0.038678978,1
hard_064,Hard,DLX,1,1,0.000195174,1
hard_064,Hard,DLX,1,2,0.000194464,1
hard_064,Hard,DLX,1,3,0.000188536,1
hard_064,Hard,DLX,1,4,0.000187243,1
hard_064,Hard,DLX,1,5,0.000187093,1
hard_064,Hard,DLX-OMP,4,1,0.000433617,1
hard_064,Hard,DLX-OMP,4,2,0.000420190,1
hard_064,Hard,DLX-OMP,4,3,0.000278584,1
hard_064,Hard,DLX-OMP,4,4,0.000585192,1
hard_064,Hard,DLX-OMP,4,5,0.000277751,1
hard_064,Hard,DLX-OMP,8,1,0.000868114,1
hard_064,Hard,DLX-OMP,8,2,0.000605191,1
hard_064,Hard,DLX-OMP,8,3,0.000344638,1
hard_064,Hard,DLX-OMP,8,4,0.000743959,1
hard_064,Hard,DLX-OMP,8,5,0.000710712,1
hard_064,Hard,DLX-OMP,16,1,0.001376561,1
hard_064,Hard,DLX-OMP,16,2,0.000615176,1
hard_064,Hard,DLX-OMP,16,3,0.000605412,1
hard_064,Hard,DLX-OMP,16,4,0.000756728,1
hard_064,Hard,DLX-OMP,16,5,0.000623588,1
hard_064,Hard,OpenMP,4,1,0.014988194,1
hard_064,Hard,OpenMP,4,2,0.013278723,1
hard_064,Hard,OpenMP,4,3,0.026743872,1
hard_064,Hard,OpenMP,4,4,0.026534693,1
hard_064,Hard,OpenMP,4,5,0.013968443,1
hard_064,Hard,OpenMP,8,1,0.026719411,1
hard_064,Hard,OpenMP,8,2,0.026666439,1
hard_064,Hard,OpenMP,8,3,0.026707512,1
hard_064,Hard,OpenMP,8,4,0.026650937,1
hard_064,Hard,OpenMP,8,5,0.027008150,1
hard_064,Hard,OpenMP,16,1,0.027878194,1
hard_064,Hard,OpenMP,16,2,0.026919374,1
hard_064,Hard,OpenMP,16,3,0.026918964,1
hard_064,Hard,OpenMP,16,4,0.027692819,1
hard_064,Hard,OpenMP,16,5,0.026963758,1
hard_065,Hard,Serial,1,1,0.021211189,1
hard_065,Hard,Serial,1,2,0.020671243,1
hard_065,Hard,Serial,1,3,0.020680547,1
hard_065,Hard,Serial,1,4,0.020677968,1
hard_065,Hard,Serial,1,5,0.021040332,1
hard_065,Hard,Serial-MRV,1,1,0.107229352,1
hard_065,Hard,Serial-MRV,1,2,0.063961616,1
hard_065,Hard,Serial-MRV,1,3,0.061098239,1
hard_065,Hard,Serial-MRV,1,4,0.061389027,1
hard_065,Hard,Serial-MRV,1,5,0.060412708,1
hard_065,Hard,DLX,1,1,0.000199562,1
hard_065,Hard,DLX,1,2,0.000194558,1
hard_065,Hard,DLX,1,3,0.000192270,1
hard_065,Hard,DLX,1,4,0.000192578,1
hard_065,Hard,DLX,1,5,0.000197622,1
hard_065,Hard,DLX-OMP,4,1,0.000379186,1
hard_065,Hard,DLX-OMP,4,2,0.000517828,1
hard_065,Hard,DLX-OMP,4,3,0.000332809,1
hard_065,Hard,DLX-OMP,4,4,0.000320873,1
hard_065,Hard,DLX-OMP,4,5,0.000485253,1
hard_065,Hard,DLX-OMP,8,1,0.000569125,1
hard_065,Hard,DLX-OMP,8,2,0.000486893,1
hard_065,Hard,DLX-OMP,8,3,0.000319546,1
hard_065,Hard,DLX-OMP,8,4,0.000340492,1
hard_065,Hard,DLX-OMP,8,5,0.000319286,1
hard_065,Hard,DLX-OMP,16,1,0.001462740,1
hard_065,Hard,DLX-OMP,16,2,0.000660269,1
hard_065,Hard,DLX-OMP,16,3,0.000636051,1
hard_065,Hard,DLX-OMP,16,4,0.000630903,1
hard_065,Hard,DLX-OMP,16,5,0.000807349,1
hard_065,Hard,OpenMP,4,1,0.031674328,1
hard_065,Hard,OpenMP,4,2,0.019826510,1
hard_065,Hard,OpenMP,4,3,0.019687085,1
hard_065,Hard,OpenMP,4,4,0.019622362,1
hard_065,Hard,OpenMP,4,5,0.019679090,1
hard_065,Hard,OpenMP,8,1,0.031630571,1
hard_065,Hard,OpenMP,8,2,0.031198527,1
hard_065,Hard,OpenMP,8,3,0.022250587,1
hard_065,Hard,OpenMP,8,4,0.031225251,1
hard_065,Hard,OpenMP,8,5,0.031612895,1
hard_065,Hard,OpenMP,16,1,0.031745835,1
hard_065,Hard,OpenMP,16,2,0.031291141,1
hard_065,Hard,OpenMP,16,3,0.031420352,1
hard_065,Hard,OpenMP,16,4,0.031672547,1
hard_065,Hard,OpenMP,16,5,0.031394617,1
hard_066,Hard,Serial,1,1,0.342676255,1
hard_066,Hard,Serial,1,2,0.253222200,1
hard_066,Hard,Serial,1,3,0.252593697,1
hard_066,Hard,Serial,1,4,0.225461407,1
hard_066,Hard,Serial,1,5,0.176411438,1
hard_066,Hard,Serial-MRV,1,1,0.083694784,1
hard_066,Hard,Serial-MRV,1,2,0.083265574,1
hard_066,Hard,Serial-MRV,1,3,0.083021113,1
hard_066,Hard,Serial-MRV,1,4,0.082110002,1
hard_066,Hard,Serial-MRV,1,5,0.082561953,1
hard_066,Hard,DLX,1,1,0.000186796,1
hard_066,Hard,DLX,1,2,0.000182968,1
hard_066,Hard,DLX,1,3,0.000185209,1
hard_066,Hard,DLX,1,4,0.000180747,1
hard_066,Hard,DLX,1,5,0.000179728,1
hard_066,Hard,DLX-OMP,4,1,0.000408483,1
hard_066,Hard,DLX-OMP,4,2,0.000388081,1
hard_066,Hard,DLX-OMP,4,3,0.000612168,1
hard_066,Hard,DLX-OMP,4,4,0.000341511,1
hard_066,Hard,DLX-OMP,4,5,0.000592831,1
hard_066,Hard,DLX-OMP,8,1,0.000809328,1
hard_066,Hard,DLX-OMP,8,2,0.000588478,1
hard_066,Hard,DLX-OMP,8,3,0.000583450,1
hard_066,Hard,DLX-OMP,8,4,0.000601298,1
hard_066,Hard,DLX-OMP,8,5,0.000302592,1
hard_066,Hard,DLX-OMP,16,1,0.001880933,1
hard_066,Hard,DLX-OMP,16,2,0.000768465,1
hard_066,Hard,DLX-OMP,16,3,0.000356757,1
hard_066,Hard,DLX-OMP,16,4,0.000604600,1
hard_066,Hard,DLX-OMP,16,5,0.000593856,1
hard_066,Hard,OpenMP,4,1,0.062791046,1
hard_066,Hard,OpenMP,4,2,0.048009672,1
hard_066,Hard,OpenMP,4,3,0.029749502,1
hard_066,Hard,OpenMP,4,4,0.034824698,1
hard_066,Hard,OpenMP,4,5,0.035930729,1
hard_066,Hard,OpenMP,8,1,0.027843941,1
hard_066,Hard,OpenMP,8,2,0.048511277,1
hard_066,Hard,OpenMP,8,3,0.048254719,1
hard_066,Hard,OpenMP,8,4,0.036367987,1
hard_066,Hard,OpenMP,8,5,0.048495905,1
hard_066,Hard,OpenMP,16,1,0.048661852,1
hard_066,Hard,OpenMP,16,2,0.036634271,1
hard_066,Hard,OpenMP,16,3,0.048796341,1
hard_066,Hard,OpenMP,16,4,0.048451600,1
hard_066,Hard,OpenMP,16,5,0.048526453,1
hard_067,Hard,Serial,1,1,0.006178484,1
hard_067,Hard,Serial,1,2,0.005685135,1
hard_067,Hard,Serial,1,3,0.005663464,1
hard_067,Hard,Serial,1,4,0.005682865,1
hard_067,Hard,Serial,1,5,0.005684682,1
hard_067,Hard,Serial-MRV,1,1,0.094869487,1
hard_067,Hard,Serial-MRV,1,2,0.056865078,1
hard_067,Hard,Serial-MRV,1,3,0.054055367,1
hard_067,Hard,Serial-MRV,1,4,0.054331415,1
hard_067,Hard,Serial-MRV,1,5,0.053969485,1
hard_067,Hard,DLX,1,1,0.000170236,1
hard_067,Hard,DLX,1,2,0.000172078,1
hard_067,Hard,DLX,1,3,0.000164783,1
hard_067,Hard,DLX,1,4,0.000164225,1
hard_067,Hard,DLX,1,5,0.000163606,1
hard_067,Hard,DLX-OMP,4,1,0.000371081,1
hard_067,Hard,DLX-OMP,4,2,0.000441683,1
hard_067,Hard,DLX-OMP,4,3,0.000427390,1
hard_067,Hard,DLX-OMP,4,4,0.000425039,1
hard_067,Hard,DLX-OMP,4,5,0.000416994,1
hard_067,Hard,DLX-OMP,8,1,0.000497721,1
hard_067,Hard,DLX-OMP,8,2,0.000590235,1
hard_067,Hard,DLX-OMP,8,3,0.000428265,1
hard_067,Hard,DLX-OMP,8,4,0.000292976,1
hard_067,Hard,DLX-OMP,8,5,0.000429116,1
hard_067,Hard,DLX-OMP,16,1,0.001212660,1
hard_067,Hard,DLX-OMP,16,2,0.000423866,1
hard_067,Hard,DLX-OMP,16,3,0.000600003,1
hard_067,Hard,DLX-OMP,16,4,0.000416530,1
hard_067,Hard,DLX-OMP,16,5,0.000614605,1
hard_067,Hard,OpenMP,4,1,0.013392785,1
hard_067,Hard,OpenMP,4,2,0.013179115,1
hard_067,Hard,OpenMP,4,3,0.013556595,1
hard_067,Hard,OpenMP,4,4,0.013243649,1
hard_067,Hard,OpenMP,4,5,0.013193742,1
hard_067,Hard,OpenMP,8,1,0.007996614,1
hard_067,Hard,OpenMP,8,2,0.013445243,1
hard_067,Hard,OpenMP,8,3,0.013354015,1
hard_067,Hard,OpenMP,8,4,0.013450971,1
hard_067,Hard,OpenMP,8,5,0.013419210,1
hard_067,Hard,OpenMP,16,1,0.013693200,1
hard_067,Hard,OpenMP,16,2,0.013682578,1
hard_067,Hard,OpenMP,16,3,0.013470559,1
hard_067,Hard,OpenMP,16,4,0.013572325,1
hard_067,Hard,OpenMP,16,5,0.013438811,1
hard_068,Hard,Serial,1,1,0.142063150,1
hard_068,Hard,Serial,1,2,0.143506688,1
hard_068,Hard,Serial,1,3,0.128134403,1
hard_068,Hard,Serial,1,4,0.128112897,1
hard_068,Hard,Serial,1,5,0.128109260,1
hard_068,Hard,Serial-MRV,1,1,0.102517028,1
hard_068,Hard,Serial-MRV,1,2,0.099001895,1
hard_068,Hard,Serial-MRV,1,3,0.070556876,1
hard_068,Hard,Serial-MRV,1,4,0.071105436,1
hard_068,Hard,Serial-MRV,1,5,0.070911357,1
hard_068,Hard,DLX,1,1,0.000138408,1
hard_068,Hard,DLX,1,2,0.000133629,1
hard_068,Hard,DLX,1,3,0.000133101,1
hard_068,Hard,DLX,1,4,0.000132387,1
hard_068,Hard,DLX,1,5,0.000136971,1
hard_068,Hard,DLX-OMP,4,1,0.000336249,1
hard_068,Hard,DLX-OMP,4,2,0.000333143,1
hard_068,Hard,DLX-OMP,4,3,0.000313341,1
hard_068,Hard,DLX-OMP,4,4,0.000284899,1
hard_068,Hard,DLX-OMP,4,5,0.000437210,1
hard_068,Hard,DLX-OMP,8,1,0.000669870,1
hard_068,Hard,DLX-OMP,8,2,0.000249199,1
hard_068,Hard,DLX-OMP,8,3,0.000596944,1
hard_068,Hard,DLX-OMP,8,4,0.000444366,1
hard_068,Hard,DLX-OMP,8,5,0.000308304,1
hard_068,Hard,DLX-OMP,16,1,0.001293376,1
hard_068,Hard,DLX-OMP,16,2,0.000658561,1
hard_068,Hard,DLX-OMP,16,3,0.000452891,1
hard_068,Hard,DLX-OMP,16,4,0.000630280,1
hard_068,Hard,DLX-OMP,16,5,0.000448651,1
hard_068,Hard,OpenMP,4,1,0.100484107,1
hard_068,Hard,OpenMP,4,2,0.072941848,1
hard_068,Hard,OpenMP,4,3,0.086504049,1
hard_068,Hard,OpenMP,4,4,0.100273798,1
hard_068,Hard,OpenMP,4,5,0.099352129,1
hard_068,Hard,OpenMP,8,1,0.100988967,1
hard_068,Hard,OpenMP,8,2,0.100895565,1
hard_068,Hard,OpenMP,8,3,0.100881046,1
hard_068,Hard,OpenMP,8,4,0.100504083,1
hard_068,Hard,OpenMP,8,5,0.101038659,1
hard_068,Hard,OpenMP,16,1,0.102081226,1
hard_068,Hard,OpenMP,16,2,0.101098797,1
hard_068,Hard,OpenMP,16,3,0.101115786,1
hard_068,Hard,OpenMP,16,4,0.098567653,1
hard_068,Hard,OpenMP,16,5,0.100495367,1
hard_069,Hard,Serial,1,1,0.087673452,1
hard_069,Hard,Serial,1,2,0.074827998,1
hard_069,Hard,Serial,1,3,0.049695976,1
hard_069,Hard,Serial,1,4,0.049648749,1
hard_069,Hard,Serial,1,5,0.049997500,1
hard_069,Hard,Serial-MRV,1,1,0.246417785,1
hard_069,Hard,Serial-MRV,1,2,0.245126998,1
hard_069,Hard,Serial-MRV,1,3,0.211293375,1
hard_069,Hard,Serial-MRV,1,4,0.171812078,1
hard_069,Hard,Serial-MRV,1,5,0.171354592,1
hard_069,Hard,DLX,1,1,0.000122791,1
hard_069,Hard,DLX,1,2,0.000123231,1
hard_069,Hard,DLX,1,3,0.000116978,1
hard_069,Hard,DLX,1,4,0.000117423,1
hard_069,Hard,DLX,1,5,0.000117395,1
hard_069,Hard,DLX-OMP,4,1,0.000314989,1
hard_069,Hard,DLX-OMP,4,2,0.000476630,1
hard_069,Hard,DLX-OMP,4,3,0.000441372,1
hard_069,Hard,DLX-OMP,4,4,0.000392472,1
hard_069,Hard,DLX-OMP,4,5,0.000403708,1
hard_069,Hard,DLX-OMP,8,1,0.000535310,1
hard_069,Hard,DLX-OMP,8,2,0.000407351,1
hard_069,Hard,DLX-OMP,8,3,0.000565110,1
hard_069,Hard,DLX-OMP,8,4,0.000410565,1
hard_069,Hard,DLX-OMP,8,5,0.000231846,1
hard_069,Hard,DLX-OMP,16,1,0.001725636,1
hard_069,Hard,DLX-OMP,16,2,0.000276619,1
hard_069,Hard,DLX-OMP,16,3,0.000449330,1
hard_069,Hard,DLX-OMP,16,4,0.000410704,1
hard_069,Hard,DLX-OMP,16,5,0.000442988,1
hard_069,Hard,OpenMP,4,1,0.012771559,1
hard_069,Hard,OpenMP,4,2,0.012651785,1
hard_069,Hard,OpenMP,4,3,0.005816440,1
hard_069,Hard,OpenMP,4,4,0.012447650,1
hard_069,Hard,OpenMP,4,5,0.033182959,1
hard_069,Hard,OpenMP,8,1,0.012755405,1
hard_069,Hard,OpenMP,8,2,0.012711202,1
hard_069,Hard,OpenMP,8,3,0.012768691,1
hard_069,Hard,OpenMP,8,4,0.012722627,1
hard_069,Hard,OpenMP,8,5,0.012555035,1
hard_069,Hard,OpenMP,16,1,0.013145619,1
hard_069,Hard,OpenMP,16,2,0.013260322,1
hard_069,Hard,OpenMP,16,3,0.012686653,1
hard_069,Hard,OpenMP,16,4,0.012798274,1
hard_069,Hard,OpenMP,16,5,0.007699590,1
hard_070,Hard,Serial,1,1,0.037378656,1
hard_070,Hard,Serial,1,2,0.036697475,1
hard_070,Hard,Serial,1,3,0.037097786,1
hard_070,Hard,Serial,1,4,0.036697663,1
hard_070,Hard,Serial,1,5,0.036688877,1
hard_070,Hard,Serial-MRV,1,1,0.087484354,1
hard_070,Hard,Serial-MRV,1,2,0.087543978,1
hard_070,Hard,Serial-MRV,1,3,0.086226616,1
hard_070,Hard,Serial-MRV,1,4,0.086260721,1
hard_070,Hard,Serial-MRV,1,5,0.086265250,1
hard_070,Hard,DLX,1,1,0.000191415,1
hard_070,Hard,DLX,1,2,0.000186368,1
hard_070,Hard,DLX,1,3,0.000184719,1
hard_070,Hard,DLX,1,4,0.000184136,1
hard_070,Hard,DLX,1,5,0.000184486,1
hard_070,Hard,DLX-OMP,4,1,0.000406983,1
hard_070,Hard,DLX-OMP,4,2,0.000416033,1
hard_070,Hard,DLX-OMP,4,3,0.000348774,1
hard_070,Hard,DLX-OMP,4,4,0.000621381,1
hard_070,Hard,DLX-OMP,4,5,0.000342473,1
hard_070,Hard,DLX-OMP,8,1,0.000758530,1
hard_070,Hard,DLX-OMP,8,2,0.000379416,1
hard_070,Hard,DLX-OMP,8,3,0.000730634,1
hard_070,Hard,DLX-OMP,8,4,0.000374417,1
hard_070,Hard,DLX-OMP,8,5,0.000750058,1
hard_070,Hard,DLX-OMP,16,1,0.001335335,1
hard_070,Hard,DLX-OMP,16,2,0.000766058,1
hard_070,Hard,DLX-OMP,16,3,0.000615308,1
hard_070,Hard,DLX-OMP,16,4,0.000583720,1
hard_070,Hard,DLX-OMP,16,5,0.000395926,1
hard_070,Hard,OpenMP,4,1,0.023169339,1
hard_070,Hard,OpenMP,4,2,0.027704418,1
hard_070,Hard,OpenMP,4,3,0.028245251,1
hard_070,Hard,OpenMP,4,4,0.020987884,1
hard_070,Hard,OpenMP,4,5,0.021167571,1
hard_070,Hard,OpenMP,8,1,0.004866664,1
hard_070,Hard,OpenMP,8,2,0.004650485,1
hard_070,Hard,OpenMP,8,3,0.004723441,1
hard_070,Hard,OpenMP,8,4,0.004768073,1
hard_070,Hard,OpenMP,8,5,0.004762597,1
hard_070,Hard,OpenMP,16,1,0.003088200,1
hard_070,Hard,OpenMP,16,2,0.004970899,1
hard_070,Hard,OpenMP,16,3,0.004926731,1
hard_070,Hard,OpenMP,16,4,0.004925996,1
hard_070,Hard,OpenMP,16,5,0.004991466,1
hard_071,Hard,Serial,1,1,0.031197608,1
hard_071,Hard,Serial,1,2,0.030568621,1
hard_071,Hard,Serial,1,3,0.030433004,1
hard_071,Hard,Serial,1,4,0.030428142,1
hard_071,Hard,Serial,1,5,0.030429506,1
hard_071,Hard,Serial-MRV,1,1,0.046271707,1
hard_071,Hard,Serial-MRV,1,2,0.045837478,1
hard_071,Hard,Serial-MRV,1,3,0.046283417,1
hard_071,Hard,Serial-MRV,1,4,0.045667246,1
hard_071,Hard,Serial-MRV,1,5,0.045203023,1
hard_071,Hard,DLX,1,1,0.000169008,1
hard_071,Hard,DLX,1,2,0.000158063,1
hard_071,Hard,DLX,1,3,0.000156948,1
hard_071,Hard,DLX,1,4,0.000155806,1
hard_071,Hard,DLX,1,5,0.000155181,1
hard_071,Hard,DLX-OMP,4,1,0.000414597,1
hard_071,Hard,DLX-OMP,4,2,0.000402071,1
hard_071,Hard,DLX-OMP,4,3,0.000509569,1
hard_071,Hard,DLX-OMP,4,4,0.000521833,1
hard_071,Hard,DLX-OMP,4,5,0.000246565,1
hard_071,Hard,DLX-OMP,8,1,0.000587835,1
hard_071,Hard,DLX-OMP,8,2,0.000665281,1
hard_071,Hard,DLX-OMP,8,3,0.000538237,1
hard_071,Hard,DLX-OMP,8,4,0.000525704,1
hard_071,Hard,DLX-OMP,8,5,0.000309998,1
hard_071,Hard,DLX-OMP,16,1,0.000793707,1
hard_071,Hard,DLX-OMP,16,2,0.000723525,1
hard_071,Hard,DLX-OMP,16,3,0.000329389,1
hard_071,Hard,DLX-OMP,16,4,0.000712703,1
hard_071,Hard,DLX-OMP,16,5,0.000682219,1
hard_071,Hard,OpenMP,4,1,0.043619821,1
hard_071,Hard,OpenMP,4,2,0.031222832,1
hard_071,Hard,OpenMP,4,3,0.024430664,1
hard_071,Hard,OpenMP,4,4,0.042471727,1
hard_071,Hard,OpenMP,4,5,0.042322800,1
hard_071,Hard,OpenMP,8,1,0.011688788,1
hard_071,Hard,OpenMP,8,2,0.011670776,1
hard_071,Hard,OpenMP,8,3,0.014442013,1
hard_071,Hard,OpenMP,8,4,0.011061094,1
hard_071,Hard,OpenMP,8,5,0.014295115,1
hard_071,Hard,OpenMP,16,1,0.012074903,1
hard_071,Hard,OpenMP,16,2,0.025152975,1
hard_071,Hard,OpenMP,16,3,0.017583183,1
hard_071,Hard,OpenMP,16,4,0.024679470,1
hard_071,Hard,OpenMP,16,5,0.024761371,1
hard_072,Hard,Serial,1,1,0.312788904,1
hard_072,Hard,Serial,1,2,0.237741561,1
hard_072,Hard,Serial,1,3,0.237215935,1
hard_072,Hard,Serial,1,4,0.235932509,1
hard_072,Hard,Serial,1,5,0.236638882,1
hard_072,Hard,Serial-MRV,1,1,0.048127579,1
hard_072,Hard,Serial-MRV,1,2,0.047686313,1
hard_072,Hard,Serial-MRV,1,3,0.047680733,1
hard_072,Hard,Serial-MRV,1,4,0.047694230,1
hard_072,Hard,Serial-MRV,1,5,0.047016597,1
hard_072,Hard,DLX,1,1,0.000139843,1
hard_072,Hard,DLX,1,2,0.000134827,1
hard_072,Hard,DLX,1,3,0.000138771,1
hard_072,Hard,DLX,1,4,0.000134040,1
hard_072,Hard,DLX,1,5,0.000134237,1
hard_072,Hard,DLX-OMP,4,1,0.000332420,1
hard_072,Hard,DLX-OMP,4,2,0.000513976,1
hard_072,Hard,DLX-OMP,4,3,0.000491552,1
hard_072,Hard,DLX-OMP,4,4,0.000453024,1
hard_072,Hard,DLX-OMP,4,5,0.000453163,1
hard_072,Hard,DLX-OMP,8,1,0.000741907,1
hard_072,Hard,DLX-OMP,8,2,0.000435830,1
hard_072,Hard,DLX-OMP,8,3,0.000477979,1
hard_072,Hard,DLX-OMP,8,4,0.000461516,1
hard_072,Hard,DLX-OMP,8,5,0.000463809,1
hard_072,Hard,DLX-OMP,16,1,0.001208301,1
hard_072,Hard,DLX-OMP,16,2,0.000646989,1
hard_072,Hard,DLX-OMP,16,3,0.000296080,1
hard_072,Hard,DLX-OMP,16,4,0.000649159,1
hard_072,Hard,DLX-OMP,16,5,0.000454885,1
hard_072,Hard,OpenMP,4,1,0.038200693,1
hard_072,Hard,OpenMP,4,2,0.015201754,1
hard_072,Hard,OpenMP,4,3,0.037723635,1
hard_072,Hard,OpenMP,4,4,0.037783164,1
hard_072,Hard,OpenMP,4,5,0.033255394,1
hard_072,Hard,OpenMP,8,1,0.037737874,1
hard_072,Hard,OpenMP,8,2,0.037691054,1
hard_072,Hard,OpenMP,8,3,0.037739439,1
hard_072,Hard,OpenMP,8,4,0.036620998,1
hard_072,Hard,OpenMP,8,5,0.038015224,1
hard_072,Hard,OpenMP,16,1,0.033385910,1
hard_072,Hard,OpenMP,16,2,0.034706367,1
hard_072,Hard,OpenMP,16,3,0.038051500,1
hard_072,Hard,OpenMP,16,4,0.038002833,1
hard_072,Hard,OpenMP,16,5,0.038285559,1
hard_073,Hard,Serial,1,1,0.050776352,1
hard_073,Hard,Serial,1,2,0.050668077,1
hard_073,Hard,Serial,1,3,0.038370812,1
hard_073,Hard,Serial,1,4,0.028896842,1
hard_073,Hard,Serial,1,5,0.028899325,1
hard_073,Hard,Serial-MRV,1,1,0.113477790,1
hard_073,Hard,Serial-MRV,1,2,0.113183037,1
hard_073,Hard,Serial-MRV,1,3,0.113179624,1
hard_073,Hard,Serial-MRV,1,4,0.113185383,1
hard_073,Hard,Serial-MRV,1,5,0.113225977,1
hard_073,Hard,DLX,1,1,0.000213393,1
hard_073,Hard,DLX,1,2,0.000200067,1
hard_073,Hard,DLX,1,3,0.000197874,1
hard_073,Hard,DLX,1,4,0.000196714,1
hard_073,Hard,DLX,1,5,0.000197990,1
hard_073,Hard,DLX-OMP,4,1,0.000394798,1
hard_073,Hard,DLX-OMP,4,2,0.000331771,1
hard_073,Hard,DLX-OMP,4,3,0.000335457,1
hard_073,Hard,DLX-OMP,4,4,0.000501787,1
hard_073,Hard,DLX-OMP,4,5,0.000323654,1
hard_073,Hard,DLX-OMP,8,1,0.000557220,1
hard_073,Hard,DLX-OMP,8,2,0.000328054,1
hard_073,Hard,DLX-OMP,8,3,0.000516214,1
hard_073,Hard,DLX-OMP,8,4,0.000616578,1
hard_073,Hard,DLX-OMP,8,5,0.000493607,1
hard_073,Hard,DLX-OMP,16,1,0.001450527,1
hard_073,Hard,DLX-OMP,16,2,0.000679767,1
hard_073,Hard,DLX-OMP,16,3,0.000651397,1
hard_073,Hard,DLX-OMP,16,4,0.000500894,1
hard_073,Hard,DLX-OMP,16,5,0.000366619,1
hard_073,Hard,OpenMP,4,1,0.034015590,1
hard_073,Hard,OpenMP,4,2,0.021507497,1
hard_073,Hard,OpenMP,4,3,0.031890088,1
hard_073,Hard,OpenMP,4,4,0.047347345,1
hard_073,Hard,OpenMP,4,5,0.022668819,1
hard_073,Hard,OpenMP,8,1,0.021538878,1
hard_073,Hard,OpenMP,8,2,0.021552866,1
hard_073,Hard,OpenMP,8,3,0.021492542,1
hard_073,Hard,OpenMP,8,4,0.022034537,1
hard_073,Hard,OpenMP,8,5,0.021737161,1
hard_073,Hard,OpenMP,16,1,0.022000032,1
hard_073,Hard,OpenMP,16,2,0.021847413,1
hard_073,Hard,OpenMP,16,3,0.021800443,1
hard_073,Hard,OpenMP,16,4,0.022096776,1
hard_073,Hard,OpenMP,16,5,0.021964361,1
hard_074,Hard,Serial,1,1,0.024627050,1
hard_074,Hard,Serial,1,2,0.024549690,1
hard_074,Hard,Serial,1,3,0.024525212,1
hard_074,Hard,Serial,1,4,0.024802307,1
hard_074,Hard,Serial,1,5,0.009936409,1
hard_074,Hard,Serial-MRV,1,1,0.049984843,1
hard_074,Hard,Serial-MRV,1,2,0.049990063,1
hard_074,Hard,Serial-MRV,1,3,0.050123022,1
hard_074,Hard,Serial-MRV,1,4,0.049184116,1
hard_074,Hard,Serial-MRV,1,5,0.049622114,1
hard_074,Hard,DLX,1,1,0.000164303,1
hard_074,Hard,DLX,1,2,0.000166015,1
hard_074,Hard,DLX,1,3,0.000159741,1
hard_074,Hard,DLX,1,4,0.000158724,1
hard_074,Hard,DLX,1,5,0.000158851,1
hard_074,Hard,DLX-OMP,4,1,0.000379056,1
hard_074,Hard,DLX-OMP,4,2,0.000352581,1
hard_074,Hard,DLX-OMP,4,3,0.000315603,1
hard_074,Hard,DLX-OMP,4,4,0.000513091,1
hard_074,Hard,DLX-OMP,4,5,0.000323129,1
hard_074,Hard,DLX-OMP,8,1,0.000813576,1
hard_074,Hard,DLX-OMP,8,2,0.000517376,1
hard_074,Hard,DLX-OMP,8,3,0.000684201,1
hard_074,Hard,DLX-OMP,8,4,0.000538520,1
hard_074,Hard,DLX-OMP,8,5,0.000516459,1
hard_074,Hard,DLX-OMP,16,1,0.001840934,1
hard_074,Hard,DLX-OMP,16,2,0.000710913,1
hard_074,Hard,DLX-OMP,16,3,0.000330351,1
hard_074,Hard,DLX-OMP,16,4,0.000698190,1
hard_074,Hard,DLX-OMP,16,5,0.000570533,1
hard_074,Hard,OpenMP,4,1,0.023266170,1
hard_074,Hard,OpenMP,4,2,0.023029322,1
hard_074,Hard,OpenMP,4,3,0.023080571,1
hard_074,Hard,OpenMP,4,4,0.022970294,1
hard_074,Hard,OpenMP,4,5,0.023291061,1
hard_074,Hard,OpenMP,8,1,0.023123138,1
hard_074,Hard,OpenMP,8,2,0.023073352,1
hard_074,Hard,OpenMP,8,3,0.023157749,1
hard_074,Hard,OpenMP,8,4,0.023192712,1
hard_074,Hard,OpenMP,8,5,0.023583102,1
hard_074,Hard,OpenMP,16,1,0.023610858,1
hard_074,Hard,OpenMP,16,2,0.023332613,1
hard_074,Hard,OpenMP,16,3,0.023453435,1
hard_074,Hard,OpenMP,16,4,0.023314986,1
hard_074,Hard,OpenMP,16,5,0.023385577,1
hard_075,Hard,Serial,1,1,0.053999493,1
hard_075,Hard,Serial,1,2,0.053492245,1
hard_075,Hard,Serial,1,3,0.041065344,1
hard_075,Hard,Serial,1,4,0.030539205,1
hard_075,Hard,Serial,1,5,0.030508961,1
hard_075,Hard,Serial-MRV,1,1,0.076918727,1
hard_075,Hard,Serial-MRV,1,2,0.076378998,1
hard_075,Hard,Serial-MRV,1,3,0.076741700,1
hard_075,Hard,Serial-MRV,1,4,0.076730536,1
hard_075,Hard,Serial-MRV,1,5,0.076374403,1
hard_075,Hard,DLX,1,1,0.000178166,1
hard_075,Hard,DLX,1,2,0.000174340,1
hard_075,Hard,DLX,1,3,0.000172078,1
hard_075,Hard,DLX,1,4,0.000172631,1
hard_075,Hard,DLX,1,5,0.000172378,1
hard_075,Hard,DLX-OMP,4,1,0.000363450,1
hard_075,Hard,DLX-OMP,4,2,0.000315137,1
hard_075,Hard,DLX-OMP,4,3,0.000453981,1
hard_075,Hard,DLX-OMP,4,4,0.000298722,1
hard_075,Hard,DLX-OMP,4,5,0.000309168,1
hard_075,Hard,DLX-OMP,8,1,0.000673030,1
hard_075,Hard,DLX-OMP,8,2,0.000445203,1
hard_075,Hard,DLX-OMP,8,3,0.000299033,1
hard_075,Hard,DLX-OMP,8,4,0.000596076,1
hard_075,Hard,DLX-OMP,8,5,0.000443750,1
hard_075,Hard,DLX-OMP,16,1,0.001784283,1
hard_075,Hard,DLX-OMP,16,2,0.000437104,1
hard_075,Hard,DLX-OMP,16,3,0.000467267,1
hard_075,Hard,DLX-OMP,16,4,0.000305103,1
hard_075,Hard,DLX-OMP,16,5,0.000469731,1
hard_075,Hard,OpenMP,4,1,0.012995769,1
hard_075,Hard,OpenMP,4,2,0.022211819,1
hard_075,Hard,OpenMP,4,3,0.041443544,1
hard_075,Hard,OpenMP,4,4,0.012682610,1
hard_075,Hard,OpenMP,4,5,0.021925659,1
hard_075,Hard,OpenMP,8,1,0.012977138,1
hard_075,Hard,OpenMP,8,2,0.021907283,1
hard_075,Hard,OpenMP,8,3,0.016510702,1
hard_075,Hard,OpenMP,8,4,0.014024512,1
hard_075,Hard,OpenMP,8,5,0.021919335,1
hard_075,Hard,OpenMP,16,1,0.022339326,1
hard_075,Hard,OpenMP,16,2,0.021971826,1
hard_075,Hard,OpenMP,16,3,0.021971433,1
hard_075,Hard,OpenMP,16,4,0.022162304,1
hard_075,Hard,OpenMP,16,5,0.022122650,1
hard_076,Hard,Serial,1,1,0.117658185,1
hard_076,Hard,Serial,1,2,0.111000609,1
hard_076,Hard,Serial,1,3,0.066808452,1
hard_076,Hard,Serial,1,4,0.067534850,1
hard_076,Hard,Serial,1,5,0.067366582,1
hard_076,Hard,Serial-MRV,1,1,0.057519106,1
hard_076,Hard,Serial-MRV,1,2,0.057200142,1
hard_076,Hard,Serial-MRV,1,3,0.057538324,1
hard_076,Hard,Serial-MRV,1,4,0.056389515,1
hard_076,Hard,Serial-MRV,1,5,0.056354450,1
hard_076,Hard,DLX,1,1,0.000171718,1
hard_076,Hard,DLX,1,2,0.000165957,1
hard_076,Hard,DLX,1,3,0.000164626,1
hard_076,Hard,DLX,1,4,0.000170454,1
hard_076,Hard,DLX,1,5,0.000164390,1
hard_076,Hard,DLX-OMP,4,1,0.000363048,1
hard_076,Hard,DLX-OMP,4,2,0.000305931,1
hard_076,Hard,DLX-OMP,4,3,0.000432780,1
hard_076,Hard,DLX-OMP,4,4,0.000430105,1
hard_076,Hard,DLX-OMP,4,5,0.000300919,1
hard_076,Hard,DLX-OMP,8,1,0.000669355,1
hard_076,Hard,DLX-OMP,8,2,0.000626617,1
hard_076,Hard,DLX-OMP,8,3,0.000580249,1
hard_076,Hard,DLX-OMP,8,4,0.000418662,1
hard_076,Hard,DLX-OMP,8,5,0.000419552,1
hard_076,Hard,DLX-OMP,16,1,0.001389990,1
hard_076,Hard,DLX-OMP,16,2,0.000621670,1
hard_076,Hard,DLX-OMP,16,3,0.000432976,1
hard_076,Hard,DLX-OMP,16,4,0.000609411,1
hard_076,Hard,DLX-OMP,16,5,0.000562308,1
hard_076,Hard,OpenMP,4,1,0.011251372,1
hard_076,Hard,OpenMP,4,2,0.011207037,1
hard_076,Hard,OpenMP,4,3,0.011300634,1
hard_076,Hard,OpenMP,4,4,0.011155941,1
hard_076,Hard,OpenMP,4,5,0.011138001,1
hard_076,Hard,OpenMP,8,1,0.006846582,1
hard_076,Hard,OpenMP,8,2,0.011262478,1
hard_076,Hard,OpenMP,8,3,0.011242880,1
hard_076,Hard,OpenMP,8,4,0.011313743,1
hard_076,Hard,OpenMP,8,5,0.006745740,1
hard_076,Hard,OpenMP,16,1,0.011552760,1
hard_076,Hard,OpenMP,16,2,0.011759303,1
hard_076,Hard,OpenMP,16,3,0.011391548,1
hard_076,Hard,OpenMP,16,4,0.011447722,1
hard_076,Hard,OpenMP,16,5,0.011440108,1
hard_077,Hard,Serial,1,1,0.059869189,1
hard_077,Hard,Serial,1,2,0.068088422,1
hard_077,Hard,Serial,1,3,0.072721299,1
hard_077,Hard,Serial,1,4,0.051222561,1
hard_077,Hard,Serial,1,5,0.048381590,1
hard_077,Hard,Serial-MRV,1,1,0.076320663,1
hard_077,Hard,Serial-MRV,1,2,0.075936306,1
hard_077,Hard,Serial-MRV,1,3,0.076298960,1
hard_077,Hard,Serial-MRV,1,4,0.076715998,1
hard_077,Hard,Serial-MRV,1,5,0.076884560,1
hard_077,Hard,DLX,1,1,0.000268611,1
hard_077,Hard,DLX,1,2,0.000257087,1
hard_077,Hard,DLX,1,3,0.000255074,1
hard_077,Hard,DLX,1,4,0.000258794,1
hard_077,Hard,DLX,1,5,0.000252952,1
hard_077,Hard,DLX-OMP,4,1,0.000452890,1
hard_077,Hard,DLX-OMP,4,2,0.000636075,1
hard_077,Hard,DLX-OMP,4,3,0.000582182,1
hard_077,Hard,DLX-OMP,4,4,0.000591210,1
hard_077,Hard,DLX-OMP,4,5,0.000590338,1
hard_077,Hard,DLX-OMP,8,1,0.000676041,1
hard_077,Hard,DLX-OMP,8,2,0.000584518,1
hard_077,Hard,DLX-OMP,8,3,0.000591063,1
hard_077,Hard,DLX-OMP,8,4,0.000385384,1
hard_077,Hard,DLX-OMP,8,5,0.000740885,1
hard_077,Hard,DLX-OMP,16,1,0.001837825,1
hard_077,Hard,DLX-OMP,16,2,0.000598439,1
hard_077,Hard,DLX-OMP,16,3,0.000608826,1
hard_077,Hard,DLX-OMP,16,4,0.000750269,1
hard_077,Hard,DLX-OMP,16,5,0.000745530,1
hard_077,Hard,OpenMP,4,1,0.034551021,1
hard_077,Hard,OpenMP,4,2,0.034145119,1
hard_077,Hard,OpenMP,4,3,0.034136789,1
hard_077,Hard,OpenMP,4,4,0.020508358,1
hard_077,Hard,OpenMP,4,5,0.026360234,1
hard_077,Hard,OpenMP,8,1,0.034307212,1
hard_077,Hard,OpenMP,8,2,0.034203401,1
hard_077,Hard,OpenMP,8,3,0.034281251,1
hard_077,Hard,OpenMP,8,4,0.030265257,1
hard_077,Hard,OpenMP,8,5,0.034340932,1
hard_077,Hard,OpenMP,16,1,0.035221137,1
hard_077,Hard,OpenMP,16,2,0.034447962,1
hard_077,Hard,OpenMP,16,3,0.034817123,1
hard_077,Hard,OpenMP,16,4,0.034435903,1
hard_077,Hard,OpenMP,16,5,0.034377634,1
hard_078,Hard,Serial,1,1,0.036066120,1
hard_078,Hard,Serial,1,2,0.035604294,1
hard_078,Hard,Serial,1,3,0.035622137,1
hard_078,Hard,Serial,1,4,0.035553727,1
hard_078,Hard,Serial,1,5,0.035897529,1
hard_078,Hard,Serial-MRV,1,1,0.107055608,1
hard_078,Hard,Serial-MRV,1,2,0.106744980,1
hard_078,Hard,Serial-MRV,1,3,0.107110266,1
hard_078,Hard,Serial-MRV,1,4,0.105949373,1
hard_078,Hard,Serial-MRV,1,5,0.088539743,1
hard_078,Hard,DLX,1,1,0.000118771,1
hard_078,Hard,DLX,1,2,0.000114760,1
hard_078,Hard,DLX,1,3,0.000113490,1
hard_078,Hard,DLX,1,4,0.000114371,1
hard_078,Hard,DLX,1,5,0.000113347,1
hard_078,Hard,DLX-OMP,4,1,0.000356771,1
hard_078,Hard,DLX-OMP,4,2,0.000315000,1
hard_078,Hard,DLX-OMP,4,3,0.000253907,1
hard_078,Hard,DLX-OMP,4,4,0.000426659,1
hard_078,Hard,DLX-OMP,4,5,0.000264833,1
hard_078,Hard,DLX-OMP,8,1,0.000537998,1
hard_078,Hard,DLX-OMP,8,2,0.000543077,1
hard_078,Hard,DLX-OMP,8,3,0.000557362,1
hard_078,Hard,DLX-OMP,8,4,0.000267952,1
hard_078,Hard,DLX-OMP,8,5,0.000386248,1
hard_078,Hard,DLX-OMP,16,1,0.000984765,1
hard_078,Hard,DLX-OMP,16,2,0.000446118,1
hard_078,Hard,DLX-OMP,16,3,0.000402830,1
hard_078,Hard,DLX-OMP,16,4,0.000593205,1
hard_078,Hard,DLX-OMP,16,5,0.000407428,1
hard_078,Hard,OpenMP,4,1,0.030685036,1
hard_078,Hard,OpenMP,4,2,0.030391839,1
hard_078,Hard,OpenMP,4,3,0.012766816,1
hard_078,Hard,OpenMP,4,4,0.030238703,1
hard_078,Hard,OpenMP,4,5,0.030829383,1
hard_078,Hard,OpenMP,8,1,0.030451198,1
hard_078,Hard,OpenMP,8,2,0.030497932,1
hard_078,Hard,OpenMP,8,3,0.017525467,1
hard_078,Hard,OpenMP,8,4,0.030384332,1
hard_078,Hard,OpenMP,8,5,0.030343507,1
hard_078,Hard,OpenMP,16,1,0.031163488,1
hard_078,Hard,OpenMP,16,2,0.030905463,1
hard_078,Hard,OpenMP,16,3,0.030605282,1
hard_078,Hard,OpenMP,16,4,0.030676645,1
hard_078,Hard,OpenMP,16,5,0.030676958,1
hard_079,Hard,Serial,1,1,0.047800912,1
hard_079,Hard,Serial,1,2,0.047296501,1
hard_079,Hard,Serial,1,3,0.047358852,1
hard_079,Hard,Serial,1,4,0.019068597,1
hard_079,Hard,Serial,1,5,0.019068551,1
hard_079,Hard,Serial-MRV,1,1,0.045414062,1
hard_079,Hard,Serial-MRV,1,2,0.045910458,1
hard_079,Hard,Serial-MRV,1,3,0.045409795,1
hard_079,Hard,Serial-MRV,1,4,0.045383098,1
hard_079,Hard,Serial-MRV,1,5,0.045809730,1
hard_079,Hard,DLX,1,1,0.000141691,1
hard_079,Hard,DLX,1,2,0.000135552,1
hard_079,Hard,DLX,1,3,0.000136045,1
hard_079,Hard,DLX,1,4,0.000135135,1
hard_079,Hard,DLX,1,5,0.000133774,1
hard_079,Hard,DLX-OMP,4,1,0.000343714,1
hard_079,Hard,DLX-OMP,4,2,0.000354644,1
hard_079,Hard,DLX-OMP,4,3,0.000325358,1
hard_079,Hard,DLX-OMP,4,4,0.000324208,1
hard_079,Hard,DLX-OMP,4,5,0.000295551,1
hard_079,Hard,DLX-OMP,8,1,0.000600099,1
hard_079,Hard,DLX-OMP,8,2,0.000291687,1
hard_079,Hard,DLX-OMP,8,3,0.000249833,1
hard_079,Hard,DLX-OMP,8,4,0.000628920,1
hard_079,Hard,DLX-OMP,8,5,0.000249185,1
hard_079,Hard,DLX-OMP,16,1,0.001460693,1
hard_079,Hard,DLX-OMP,16,2,0.000469948,1
hard_079,Hard,DLX-OMP,16,3,0.000504703,1
hard_079,Hard,DLX-OMP,16,4,0.000607298,1
hard_079,Hard,DLX-OMP,16,5,0.000653197,1
hard_079,Hard,OpenMP,4,1,0.012180172,1
hard_079,Hard,OpenMP,4,2,0.011959683,1
hard_079,Hard,OpenMP,4,3,0.011946781,1
hard_079,Hard,OpenMP,4,4,0.011950520,1
hard_079,Hard,OpenMP,4,5,0.011928050,1
hard_079,Hard,OpenMP,8,1,0.012203396,1
hard_079,Hard,OpenMP,8,2,0.012226428,1
hard_079,Hard,OpenMP,8,3,0.012029333,1
hard_079,Hard,OpenMP,8,4,0.012613562,1
hard_079,Hard,OpenMP,8,5,0.012012432,1
hard_079,Hard,OpenMP,16,1,0.013000187,1
hard_079,Hard,OpenMP,16,2,0.012266549,1
hard_079,Hard,OpenMP,16,3,0.012296382,1
hard_079,Hard,OpenMP,16,4,0.012352956,1
hard_079,Hard,OpenMP,16,5,0.012193276,1
hard_080,Hard,Serial,1,1,0.016650265,1
hard_080,Hard,Serial,1,2,0.015615370,1
hard_080,Hard,Serial,1,3,0.020413736,1
hard_080,Hard,Serial,1,4,0.026117197,1
hard_080,Hard,Serial,1,5,0.026116434,1
hard_080,Hard,Serial-MRV,1,1,0.061721904,1
hard_080,Hard,Serial-MRV,1,2,0.036894769,1
hard_080,Hard,Serial-MRV,1,3,0.036851321,1
hard_080,Hard,Serial-MRV,1,4,0.036804997,1
hard_080,Hard,Serial-MRV,1,5,0.037230707,1
hard_080,Hard,DLX,1,1,0.000152620,1
hard_080,Hard,DLX,1,2,0.000148356,1
hard_080,Hard,DLX,1,3,0.000152053,1
hard_080,Hard,DLX,1,4,0.000145414,1
hard_080,Hard,DLX,1,5,0.000146265,1
hard_080,Hard,DLX-OMP,4,1,0.000350988,1
hard_080,Hard,DLX-OMP,4,2,0.000561914,1
hard_080,Hard,DLX-OMP,4,3,0.000546410,1
hard_080,Hard,DLX-OMP,4,4,0.000322111,1
hard_080,Hard,DLX-OMP,4,5,0.000509648,1
hard_080,Hard,DLX-OMP,8,1,0.000583328,1
hard_080,Hard,DLX-OMP,8,2,0.000484489,1
hard_080,Hard,DLX-OMP,8,3,0.000650715,1
hard_080,Hard,DLX-OMP,8,4,0.000497957,1
hard_080,Hard,DLX-OMP,8,5,0.000625250,1
hard_080,Hard,DLX-OMP,16,1,0.001334420,1
hard_080,Hard,DLX-OMP,16,2,0.000486186,1
hard_080,Hard,DLX-OMP,16,3,0.000520862,1
hard_080,Hard,DLX-OMP,16,4,0.000485992,1
hard_080,Hard,DLX-OMP,16,5,0.000662524,1
hard_080,Hard,OpenMP,4,1,0.039766086,1
hard_080,Hard,OpenMP,4,2,0.039562345,1
hard_080,Hard,OpenMP,4,3,0.039912102,1
hard_080,Hard,OpenMP,4,4,0.039860167,1
hard_080,Hard,OpenMP,4,5,0.039678206,1
hard_080,Hard,OpenMP,8,1,0.030899826,1
hard_080,Hard,OpenMP,8,2,0.023349756,1
hard_080,Hard,OpenMP,8,3,0.023413997,1
hard_080,Hard,OpenMP,8,4,0.023484992,1
hard_080,Hard,OpenMP,8,5,0.039855997,1
hard_080,Hard,OpenMP,16,1,0.040582890,1
hard_080,Hard,OpenMP,16,2,0.039852887,1
hard_080,Hard,OpenMP,16,3,0.039961750,1
hard_080,Hard,OpenMP,16,4,0.040305116,1
hard_080,Hard,OpenMP,16,5,0.040604908,1
hard_081,Hard,Serial,1,1,0.012603686,1
hard_081,Hard,Serial,1,2,0.012527252,1
hard_081,Hard,Serial,1,3,0.012501508,1
hard_081,Hard,Serial,1,4,0.012876174,1
hard_081,Hard,Serial,1,5,0.012513833,1
hard_081,Hard,Serial-MRV,1,1,0.116193515,1
hard_081,Hard,Serial-MRV,1,2,0.067537015,1
hard_081,Hard,Serial-MRV,1,3,0.067865737,1
hard_081,Hard,Serial-MRV,1,4,0.067432472,1
hard_081,Hard,Serial-MRV,1,5,0.067792635,1
hard_081,Hard,DLX,1,1,0.000251591,1
hard_081,Hard,DLX,1,2,0.000246162,1
hard_081,Hard,DLX,1,3,0.000250517,1
hard_081,Hard,DLX,1,4,0.000243062,1
hard_081,Hard,DLX,1,5,0.000242339,1
hard_081,Hard,DLX-OMP,4,1,0.000449860,1
hard_081,Hard,DLX-OMP,4,2,0.000380972,1
hard_081,Hard,DLX-OMP,4,3,0.000371787,1
hard_081,Hard,DLX-OMP,4,4,0.000580937,1
hard_081,Hard,DLX-OMP,4,5,0.000563513,1
hard_081,Hard,DLX-OMP,8,1,0.000817747,1
hard_081,Hard,DLX-OMP,8,2,0.000714853,1
hard_081,Hard,DLX-OMP,8,3,0.000585359,1
hard_081,Hard,DLX-OMP,8,4,0.000553147,1
hard_081,Hard,DLX-OMP,8,5,0.000575243,1
hard_081,Hard,DLX-OMP,16,1,0.001622119,1
hard_081,Hard,DLX-OMP,16,2,0.000381535,1
hard_081,Hard,DLX-OMP,16,3,0.000757976,1
hard_081,Hard,DLX-OMP,16,4,0.000378271,1
hard_081,Hard,DLX-OMP,16,5,0.000751318,1
hard_081,Hard,OpenMP,4,1,0.023511173,1
hard_081,Hard,OpenMP,4,2,0.023495405,1
hard_081,Hard,OpenMP,4,3,0.023423927,1
hard_081,Hard,OpenMP,4,4,0.023800214,1
hard_081,Hard,OpenMP,4,5,0.023527539,1
hard_081,Hard,OpenMP,8,1,0.023668508,1
hard_081,Hard,OpenMP,8,2,0.013724484,1
hard_081,Hard,OpenMP,8,3,0.023658298,1
hard_081,Hard,OpenMP,8,4,0.023509970,1
hard_081,Hard,OpenMP,8,5,0.024159421,1
hard_081,Hard,OpenMP,16,1,0.014077814,1
hard_081,Hard,OpenMP,16,2,0.023693405,1
hard_081,Hard,OpenMP,16,3,0.023747259,1
hard_081,Hard,OpenMP,16,4,0.023818834,1
hard_081,Hard,OpenMP,16,5,0.023579148,1
hard_082,Hard,Serial,1,1,0.052059496,1
hard_082,Hard,Serial,1,2,0.053920603,1
hard_082,Hard,Serial,1,3,0.040661888,1
hard_082,Hard,Serial,1,4,0.030762598,1
hard_082,Hard,Serial,1,5,0.030744559,1
hard_082,Hard,Serial-MRV,1,1,0.064816704,1
hard_082,Hard,Serial-MRV,1,2,0.064406474,1
hard_082,Hard,Serial-MRV,1,3,0.064755606,1
hard_082,Hard,Serial-MRV,1,4,0.064404923,1
hard_082,Hard,Serial-MRV,1,5,0.064754258,1
hard_082,Hard,DLX,1,1,0.000237908,1
hard_082,Hard,DLX,1,2,0.000234932,1
hard_082,Hard,DLX,1,3,0.000231940,1
hard_082,Hard,DLX,1,4,0.000230717,1
hard_082,Hard,DLX,1,5,0.000230484,1
hard_082,Hard,DLX-OMP,4,1,0.000427715,1
hard_082,Hard,DLX-OMP,4,2,0.000573366,1
hard_082,Hard,DLX-OMP,4,3,0.000361194,1
hard_082,Hard,DLX-OMP,4,4,0.000356425,1
hard_082,Hard,DLX-OMP,4,5,0.000549037,1
hard_082,Hard,DLX-OMP,8,1,0.000656681,1
hard_082,Hard,DLX-OMP,8,2,0.000693548,1
hard_082,Hard,DLX-OMP,8,3,0.000559051,1
hard_082,Hard,DLX-OMP,8,4,0.000534903,1
hard_082,Hard,DLX-OMP,8,5,0.000556596,1
hard_082,Hard,DLX-OMP,16,1,0.001568523,1
hard_082,Hard,DLX-OMP,16,2,0.000670049,1
hard_082,Hard,DLX-OMP,16,3,0.000402104,1
hard_082,Hard,DLX-OMP,16,4,0.000544678,1
hard_082,Hard,DLX-OMP,16,5,0.000718581,1
hard_082,Hard,OpenMP,4,1,0.017064509,1
hard_082,Hard,OpenMP,4,2,0.028893028,1
hard_082,Hard,OpenMP,4,3,0.028836882,1
hard_082,Hard,OpenMP,4,4,0.029409501,1
hard_082,Hard,OpenMP,4,5,0.029446683,1
hard_082,Hard,OpenMP,8,1,0.029168613,1
hard_082,Hard,OpenMP,8,2,0.028948390,1
hard_082,Hard,OpenMP,8,3,0.029570526,1
hard_082,Hard,OpenMP,8,4,0.029102516,1
hard_082,Hard,OpenMP,8,5,0.029180125,1
hard_082,Hard,OpenMP,16,1,0.029598224,1
hard_082,Hard,OpenMP,16,2,0.029583821,1
hard_082,Hard,OpenMP,16,3,0.029154582,1
hard_082,Hard,OpenMP,16,4,0.029247493,1
hard_082,Hard,OpenMP,16,5,0.029213787,1
hard_083,Hard,Serial,1,1,0.223892590,1
hard_083,Hard,Serial,1,2,0.154721398,1
hard_083,Hard,Serial,1,3,0.154634145,1
hard_083,Hard,Serial,1,4,0.155069872,1
hard_083,Hard,Serial,1,5,0.154738285,1
hard_083,Hard,Serial-MRV,1,1,0.072540954,1
hard_083,Hard,Serial-MRV,1,2,0.062791976,1
hard_083,Hard,Serial-MRV,1,3,0.063214129,1
hard_083,Hard,Serial-MRV,1,4,0.062765119,1
hard_083,Hard,Serial-MRV,1,5,0.063220656,1
hard_083,Hard,DLX,1,1,0.000203875,1
hard_083,Hard,DLX,1,2,0.000198603,1
hard_083,Hard,DLX,1,3,0.000197076,1
hard_083,Hard,DLX,1,4,0.000200581,1
hard_083,Hard,DLX,1,5,0.000195572,1
hard_083,Hard,DLX-OMP,4,1,0.000427599,1
hard_083,Hard,DLX-OMP,4,2,0.000418903,1
hard_083,Hard,DLX-OMP,4,3,0.000669208,1
hard_083,Hard,DLX-OMP,4,4,0.000610061,1
hard_083,Hard,DLX-OMP,4,5,0.000614129,1
hard_083,Hard,DLX-OMP,8,1,0.000756207,1
hard_083,Hard,DLX-OMP,8,2,0.000422688,1
hard_083,Hard,DLX-OMP,8,3,0.000621892,1
hard_083,Hard,DLX-OMP,8,4,0.000767955,1
hard_083,Hard,DLX-OMP,8,5,0.000624368,1
hard_083,Hard,DLX-OMP,16,1,0.001354569,1
hard_083,Hard,DLX-OMP,16,2,0.000644074,1
hard_083,Hard,DLX-OMP,16,3,0.000375559,1
hard_083,Hard,DLX-OMP,16,4,0.000648821,1
hard_083,Hard,DLX-OMP,16,5,0.000815832,1
hard_083,Hard,OpenMP,4,1,0.046686597,1
hard_083,Hard,OpenMP,4,2,0.022759685,1
hard_083,Hard,OpenMP,4,3,0.022847701,1
hard_083,Hard,OpenMP,4,4,0.024056731,1
hard_083,Hard,OpenMP,4,5,0.034667509,1
hard_083,Hard,OpenMP,8,1,0.046631999,1
hard_083,Hard,OpenMP,8,2,0.046946061,1
hard_083,Hard,OpenMP,8,3,0.046571451,1
hard_083,Hard,OpenMP,8,4,0.046633235,1
hard_083,Hard,OpenMP,8,5,0.047010481,1
hard_083,Hard,OpenMP,16,1,0.048065031,1
hard_083,Hard,OpenMP,16,2,0.047155365,1
hard_083,Hard,OpenMP,16,3,0.046817915,1
hard_083,Hard,OpenMP,16,4,0.046820275,1
hard_083,Hard,OpenMP,16,5,0.047195801,1
hard_084,Hard,Serial,1,1,0.023777299,1
hard_084,Hard,Serial,1,2,0.023634514,1
hard_084,Hard,Serial,1,3,0.023643852,1
hard_084,Hard,Serial,1,4,0.023639881,1
hard_084,Hard,Serial,1,5,0.019766554,1
hard_084,Hard,Serial-MRV,1,1,0.058456457,1
hard_084,Hard,Serial-MRV,1,2,0.058395971,1
hard_084,Hard,Serial-MRV,1,3,0.058273853,1
hard_084,Hard,Serial-MRV,1,4,0.057502058,1
hard_084,Hard,Serial-MRV,1,5,0.057849349,1
hard_084,Hard,DLX,1,1,0.000173826,1
hard_084,Hard,DLX,1,2,0.000164729,1
hard_084,Hard,DLX,1,3,0.000162950,1
hard_084,Hard,DLX,1,4,0.000161049,1
hard_084,Hard,DLX,1,5,0.000161894,1
hard_084,Hard,DLX-OMP,4,1,0.000371372,1
hard_084,Hard,DLX-OMP,4,2,0.000444433,1
hard_084,Hard,DLX-OMP,4,3,0.000467051,1
hard_084,Hard,DLX-OMP,4,4,0.000460526,1
hard_084,Hard,DLX-OMP,4,5,0.000292311,1
hard_084,Hard,DLX-OMP,8,1,0.000486371,1
hard_084,Hard,DLX-OMP,8,2,0.000292021,1
hard_084,Hard,DLX-OMP,8,3,0.000587583,1
hard_084,Hard,DLX-OMP,8,4,0.000562319,1
hard_084,Hard,DLX-OMP,8,5,0.000417605,1
hard_084,Hard,DLX-OMP,16,1,0.001232737,1
hard_084,Hard,DLX-OMP,16,2,0.000616673,1
hard_084,Hard,DLX-OMP,16,3,0.000557840,1
hard_084,Hard,DLX-OMP,16,4,0.000332191,1
hard_084,Hard,DLX-OMP,16,5,0.000419549,1
hard_084,Hard,OpenMP,4,1,0.018657102,1
hard_084,Hard,OpenMP,4,2,0.018542188,1
hard_084,Hard,OpenMP,4,3,0.010872968,1
hard_084,Hard,OpenMP,4,4,0.018481245,1
hard_084,Hard,OpenMP,4,5,0.018869156,1
hard_084,Hard,OpenMP,8,1,0.010432316,1
hard_084,Hard,OpenMP,8,2,0.010616380,1
hard_084,Hard,OpenMP,8,3,0.010522871,1
hard_084,Hard,OpenMP,8,4,0.006198628,1
hard_084,Hard,OpenMP,8,5,0.006274066,1
hard_084,Hard,OpenMP,16,1,0.011382850,1
hard_084,Hard,OpenMP,16,2,0.010677506,1
hard_084,Hard,OpenMP,16,3,0.010577534,1
hard_084,Hard,OpenMP,16,4,0.010558290,1
hard_084,Hard,OpenMP,16,5,0.010630442,1
hard_085,Hard,Serial,1,1,0.122836794,1
hard_085,Hard,Serial,1,2,0.094413814,1
hard_085,Hard,Serial,1,3,0.090530452,1
hard_085,Hard,Serial,1,4,0.090490846,1
hard_085,Hard,Serial,1,5,0.090133693,1
hard_085,Hard,Serial-MRV,1,1,0.106815608,1
hard_085,Hard,Serial-MRV,1,2,0.106791659,1
hard_085,Hard,Serial-MRV,1,3,0.094103319,1
hard_085,Hard,Serial-MRV,1,4,0.074469098,1
hard_085,Hard,Serial-MRV,1,5,0.074904700,1
hard_085,Hard,DLX,1,1,0.000119439,1
hard_085,Hard,DLX,1,2,0.000116492,1
hard_085,Hard,DLX,1,3,0.000114834,1
hard_085,Hard,DLX,1,4,0.000113774,1
hard_085,Hard,DLX,1,5,0.000113432,1
hard_085,Hard,DLX-OMP,4,1,0.000334968,1
hard_085,Hard,DLX-OMP,4,2,0.000333115,1
hard_085,Hard,DLX-OMP,4,3,0.000301332,1
hard_085,Hard,DLX-OMP,4,4,0.000456067,1
hard_085,Hard,DLX-OMP,4,5,0.000447977,1
hard_085,Hard,DLX-OMP,8,1,0.000501440,1
hard_085,Hard,DLX-OMP,8,2,0.000588722,1
hard_085,Hard,DLX-OMP,8,3,0.000420970,1
hard_085,Hard,DLX-OMP,8,4,0.000268341,1
hard_085,Hard,DLX-OMP,8,5,0.000561422,1
hard_085,Hard,DLX-OMP,16,1,0.001194777,1
hard_085,Hard,DLX-OMP,16,2,0.000419294,1
hard_085,Hard,DLX-OMP,16,3,0.000434538,1
hard_085,Hard,DLX-OMP,16,4,0.000550465,1
hard_085,Hard,DLX-OMP,16,5,0.000617743,1
hard_085,Hard,OpenMP,4,1,0.068070845,1
hard_085,Hard,OpenMP,4,2,0.068499839,1
hard_085,Hard,OpenMP,4,3,0.067011352,1
hard_085,Hard,OpenMP,4,4,0.067559623,1
hard_085,Hard,OpenMP,4,5,0.067820994,1
hard_085,Hard,OpenMP,8,1,0.067834253,1
hard_085,Hard,OpenMP,8,2,0.067923149,1
hard_085,Hard,OpenMP,8,3,0.067544021,1
hard_085,Hard,OpenMP,8,4,0.067847265,1
hard_085,Hard,OpenMP,8,5,0.067537200,1
hard_085,Hard,OpenMP,16,1,0.068467544,1
hard_085,Hard,OpenMP,16,2,0.068092054,1
hard_085,Hard,OpenMP,16,3,0.067826161,1
hard_085,Hard,OpenMP,16,4,0.068036005,1
hard_085,Hard,OpenMP,16,5,0.067760764,1
hard_086,Hard,Serial,1,1,0.282753936,1
hard_086,Hard,Serial,1,2,0.212153629,1
hard_086,Hard,Serial,1,3,0.212060522,1
hard_086,Hard,Serial,1,4,0.212604700,1
hard_086,Hard,Serial,1,5,0.163010986,1
hard_086,Hard,Serial-MRV,1,1,0.242151050,1
hard_086,Hard,Serial-MRV,1,2,0.242136409,1
hard_086,Hard,Serial-MRV,1,3,0.242141729,1
hard_086,Hard,Serial-MRV,1,4,0.242163110,1
hard_086,Hard,Serial-MRV,1,5,0.242210420,1
hard_086,Hard,DLX,1,1,0.000247242,1
hard_086,Hard,DLX,1,2,0.000207658,1
hard_086,Hard,DLX,1,3,0.000201654,1
hard_086,Hard,DLX,1,4,0.000201137,1
hard_086,Hard,DLX,1,5,0.000200283,1
hard_086,Hard,DLX-OMP,4,1,0.000521579,1
hard_086,Hard,DLX-OMP,4,2,0.000457072,1
hard_086,Hard,DLX-OMP,4,3,0.000348380,1
hard_086,Hard,DLX-OMP,4,4,0.000779119,1
hard_086,Hard,DLX-OMP,4,5,0.000379407,1
hard_086,Hard,DLX-OMP,8,1,0.000810429,1
hard_086,Hard,DLX-OMP,8,2,0.000776817,1
hard_086,Hard,DLX-OMP,8,3,0.000636365,1
hard_086,Hard,DLX-OMP,8,4,0.000779177,1
hard_086,Hard,DLX-OMP,8,5,0.000782146,1
hard_086,Hard,DLX-OMP,16,1,0.001415551,1
hard_086,Hard,DLX-OMP,16,2,0.000804199,1
hard_086,Hard,DLX-OMP,16,3,0.000808166,1
hard_086,Hard,DLX-OMP,16,4,0.000645620,1
hard_086,Hard,DLX-OMP,16,5,0.000878724,1
hard_086,Hard,OpenMP,4,1,0.201125610,1
hard_086,Hard,OpenMP,4,2,0.180750241,1
hard_086,Hard,OpenMP,4,3,0.197803178,1
hard_086,Hard,OpenMP,4,4,0.126441728,1
hard_086,Hard,OpenMP,4,5,0.124558206,1
hard_086,Hard,OpenMP,8,1,0.178861609,1
hard_086,Hard,OpenMP,8,2,0.113320468,1
hard_086,Hard,OpenMP,8,3,0.160245632,1
hard_086,Hard,OpenMP,8,4,0.198390580,1
hard_086,Hard,OpenMP,8,5,0.168123853,1
hard_086,Hard,OpenMP,16,1,0.199629897,1
hard_086,Hard,OpenMP,16,2,0.171019954,1
hard_086,Hard,OpenMP,16,3,0.198681343,1
hard_086,Hard,OpenMP,16,4,0.173383740,1
hard_086,Hard,OpenMP,16,5,0.198624111,1
hard_087,Hard,Serial,1,1,0.198445277,1
hard_087,Hard,Serial,1,2,0.136120980,1
hard_087,Hard,Serial,1,3,0.135807867,1
hard_087,Hard,Serial,1,4,0.135794777,1
hard_087,Hard,Serial,1,5,0.136260760,1
hard_087,Hard,Serial-MRV,1,1,0.083195347,1
hard_087,Hard,Serial-MRV,1,2,0.079554290,1
hard_087,Hard,Serial-MRV,1,3,0.079058825,1
hard_087,Hard,Serial-MRV,1,4,0.079488608,1
hard_087,Hard,Serial-MRV,1,5,0.079500549,1
hard_087,Hard,DLX,1,1,0.000161660,1
hard_087,Hard,DLX,1,2,0.000117423,1
hard_087,Hard,DLX,1,3,0.000116440,1
hard_087,Hard,DLX,1,4,0.000116012,1
hard_087,Hard,DLX,1,5,0.000116871,1
hard_087,Hard,DLX-OMP,4,1,0.000730025,1
hard_087,Hard,DLX-OMP,4,2,0.000407358,1
hard_087,Hard,DLX-OMP,4,3,0.000262875,1
hard_087,Hard,DLX-OMP,4,4,0.000289353,1
hard_087,Hard,DLX-OMP,4,5,0.000256215,1
hard_087,Hard,DLX-OMP,8,1,0.000649237,1
hard_087,Hard,DLX-OMP,8,2,0.000553444,1
hard_087,Hard,DLX-OMP,8,3,0.000590272,1
hard_087,Hard,DLX-OMP,8,4,0.000491179,1
hard_087,Hard,DLX-OMP,8,5,0.000415886,1
hard_087,Hard,DLX-OMP,16,1,0.000967950,1
hard_087,Hard,DLX-OMP,16,2,0.000422849,1
hard_087,Hard,DLX-OMP,16,3,0.000599577,1
hard_087,Hard,DLX-OMP,16,4,0.000533939,1
hard_087,Hard,DLX-OMP,16,5,0.000610683,1
hard_087,Hard,OpenMP,4,1,0.070111866,1
hard_087,Hard,OpenMP,4,2,0.068996280,1
hard_087,Hard,OpenMP,4,3,0.068566474,1
hard_087,Hard,OpenMP,4,4,0.069664564,1
hard_087,Hard,OpenMP,4,5,0.069681781,1
hard_087,Hard,OpenMP,8,1,0.069178402,1
hard_087,Hard,OpenMP,8,2,0.068852323,1
hard_087,Hard,OpenMP,8,3,0.068980229,1
hard_087,Hard,OpenMP,8,4,0.039637038,1
hard_087,Hard,OpenMP,8,5,0.069171916,1
hard_087,Hard,OpenMP,16,1,0.069430428,1
hard_087,Hard,OpenMP,16,2,0.069500111,1
hard_087,Hard,OpenMP,16,3,0.069548991,1
hard_087,Hard,OpenMP,16,4,0.069080144,1
hard_087,Hard,OpenMP,16,5,0.039864277,1
hard_088,Hard,Serial,1,1,0.066677923,1
hard_088,Hard,Serial,1,2,0.066158746,1
hard_088,Hard,Serial,1,3,0.038178693,1
hard_088,Hard,Serial,1,4,0.037730676,1
hard_088,Hard,Serial,1,5,0.037698527,1
hard_088,Hard,Serial-MRV,1,1,0.060948233,1
hard_088,Hard,Serial-MRV,1,2,0.060580830,1
hard_088,Hard,Serial-MRV,1,3,0.060943122,1
hard_088,Hard,Serial-MRV,1,4,0.060580426,1
hard_088,Hard,Serial-MRV,1,5,0.060936906,1
hard_088,Hard,DLX,1,1,0.000182401,1
hard_088,Hard,DLX,1,2,0.000178501,1
hard_088,Hard,DLX,1,3,0.000176972,1
hard_088,Hard,DLX,1,4,0.000175881,1
hard_088,Hard,DLX,1,5,0.000183310,1
hard_088,Hard,DLX-OMP,4,1,0.000369800,1
hard_088,Hard,DLX-OMP,4,2,0.000319204,1
hard_088,Hard,DLX-OMP,4,3,0.000311988,1
hard_088,Hard,DLX-OMP,4,4,0.000448483,1
hard_088,Hard,DLX-OMP,4,5,0.000461762,1
hard_088,Hard,DLX-OMP,8,1,0.000694218,1
hard_088,Hard,DLX-OMP,8,2,0.000450865,1
hard_088,Hard,DLX-OMP,8,3,0.000439145,1
hard_088,Hard,DLX-OMP,8,4,0.000454906,1
hard_088,Hard,DLX-OMP,8,5,0.000436796,1
hard_088,Hard,DLX-OMP,16,1,0.001425618,1
hard_088,Hard,DLX-OMP,16,2,0.000494367,1
hard_088,Hard,DLX-OMP,16,3,0.000624253,1
hard_088,Hard,DLX-OMP,16,4,0.000583060,1
hard_088,Hard,DLX-OMP,16,5,0.000477867,1
hard_088,Hard,OpenMP,4,1,0.002932661,1
hard_088,Hard,OpenMP,4,2,0.004481884,1
hard_088,Hard,OpenMP,4,3,0.004451169,1
hard_088,Hard,OpenMP,4,4,0.002818218,1
hard_088,Hard,OpenMP,4,5,0.004496539,1
hard_088,Hard,OpenMP,8,1,0.004675924,1
hard_088,Hard,OpenMP,8,2,0.004606820,1
hard_088,Hard,OpenMP,8,3,0.004494112,1
hard_088,Hard,OpenMP,8,4,0.002840221,1
hard_088,Hard,OpenMP,8,5,0.004604669,1
hard_088,Hard,OpenMP,16,1,0.004954231,1
hard_088,Hard,OpenMP,16,2,0.004643501,1
hard_088,Hard,OpenMP,16,3,0.004570194,1
hard_088,Hard,OpenMP,16,4,0.004689953,1
hard_088,Hard,OpenMP,16,5,0.004714270,1
hard_089,Hard,Serial,1,1,0.212640770,1
hard_089,Hard,Serial,1,2,0.207464994,1
hard_089,Hard,Serial,1,3,0.206111851,1
hard_089,Hard,Serial,1,4,0.187221468,1
hard_089,Hard,Serial,1,5,0.143580737,1
hard_089,Hard,Serial-MRV,1,1,0.108130093,1
hard_089,Hard,Serial-MRV,1,2,0.108205699,1
hard_089,Hard,Serial-MRV,1,3,0.108103163,1
hard_089,Hard,Serial-MRV,1,4,0.108082309,1
hard_089,Hard,Serial-MRV,1,5,0.107662977,1
hard_089,Hard,DLX,1,1,0.000166236,1
hard_089,Hard,DLX,1,2,0.000160726,1
hard_089,Hard,DLX,1,3,0.000159545,1
hard_089,Hard,DLX,1,4,0.000158610,1
hard_089,Hard,DLX,1,5,0.000163170,1
hard_089,Hard,DLX-OMP,4,1,0.000381217,1
hard_089,Hard,DLX-OMP,4,2,0.000380805,1
hard_089,Hard,DLX-OMP,4,3,0.000547664,1
hard_089,Hard,DLX-OMP,4,4,0.000509580,1
hard_089,Hard,DLX-OMP,4,5,0.000328577,1
hard_089,Hard,DLX-OMP,8,1,0.000626291,1
hard_089,Hard,DLX-OMP,8,2,0.000687853,1
hard_089,Hard,DLX-OMP,8,3,0.000704484,1
hard_089,Hard,DLX-OMP,8,4,0.000676889,1
hard_089,Hard,DLX-OMP,8,5,0.000348813,1
hard_089,Hard,DLX-OMP,16,1,0.001977556,1
hard_089,Hard,DLX-OMP,16,2,0.000330354,1
hard_089,Hard,DLX-OMP,16,3,0.000705936,1
hard_089,Hard,DLX-OMP,16,4,0.000565600,1
hard_089,Hard,DLX-OMP,16,5,0.000518559,1
hard_089,Hard,OpenMP,4,1,0.009172454,1
hard_089,Hard,OpenMP,4,2,0.017900720,1
hard_089,Hard,OpenMP,4,3,0.007483735,1
hard_089,Hard,OpenMP,4,4,0.017914567,1
hard_089,Hard,OpenMP,4,5,0.007398296,1
hard_089,Hard,OpenMP,8,1,0.017905761,1
hard_089,Hard,OpenMP,8,2,0.008290205,1
hard_089,Hard,OpenMP,8,3,0.018103662,1
hard_089,Hard,OpenMP,8,4,0.017775085,1
hard_089,Hard,OpenMP,8,5,0.018527693,1
hard_089,Hard,OpenMP,16,1,0.018315593,1
hard_089,Hard,OpenMP,16,2,0.018041513,1
hard_089,Hard,OpenMP,16,3,0.018094904,1
hard_089,Hard,OpenMP,16,4,0.018109749,1
hard_089,Hard,OpenMP,16,5,0.011631153,1
hard_090,Hard,Serial,1,1,0.218800864,1
hard_090,Hard,Serial,1,2,0.145957817,1
hard_090,Hard,Serial,1,3,0.145870979,1
hard_090,Hard,Serial,1,4,0.146314406,1
hard_090,Hard,Serial,1,5,0.145927576,1
hard_090,Hard,Serial-MRV,1,1,0.036788758,1
hard_090,Hard,Serial-MRV,1,2,0.036787318,1
hard_090,Hard,Serial-MRV,1,3,0.037229465,1
hard_090,Hard,Serial-MRV,1,4,0.037251775,1
hard_090,Hard,Serial-MRV,1,5,0.037327104,1
hard_090,Hard,DLX,1,1,0.000139025,1
hard_090,Hard,DLX,1,2,0.000133376,1
hard_090,Hard,DLX,1,3,0.000133558,1
hard_090,Hard,DLX,1,4,0.000133089,1
hard_090,Hard,DLX,1,5,0.000132880,1
hard_090,Hard,DLX-OMP,4,1,0.000349677,1
hard_090,Hard,DLX-OMP,4,2,0.000368158,1
hard_090,Hard,DLX-OMP,4,3,0.000450037,1
hard_090,Hard,DLX-OMP,4,4,0.000452966,1
hard_090,Hard,DLX-OMP,4,5,0.000222875,1
hard_090,Hard,DLX-OMP,8,1,0.000564060,1
hard_090,Hard,DLX-OMP,8,2,0.000279263,1
hard_090,Hard,DLX-OMP,8,3,0.000449980,1
hard_090,Hard,DLX-OMP,8,4,0.000635965,1
hard_090,Hard,DLX-OMP,8,5,0.000611439,1
hard_090,Hard,DLX-OMP,16,1,0.001200500,1
hard_090,Hard,DLX-OMP,16,2,0.000641004,1
hard_090,Hard,DLX-OMP,16,3,0.000623623,1
hard_090,Hard,DLX-OMP,16,4,0.000646422,1
hard_090,Hard,DLX-OMP,16,5,0.000454939,1
hard_090,Hard,OpenMP,4,1,0.055751947,1
hard_090,Hard,OpenMP,4,2,0.022397112,1
hard_090,Hard,OpenMP,4,3,0.022325415,1
hard_090,Hard,OpenMP,4,4,0.055396406,1
hard_090,Hard,OpenMP,4,5,0.055192263,1
hard_090,Hard,OpenMP,8,1,0.055422872,1
hard_090,Hard,OpenMP,8,2,0.055629416,1
hard_090,Hard,OpenMP,8,3,0.055322089,1
hard_090,Hard,OpenMP,8,4,0.055655974,1
hard_090,Hard,OpenMP,8,5,0.055308257,1
hard_090,Hard,OpenMP,16,1,0.056393458,1
hard_090,Hard,OpenMP,16,2,0.055484576,1
hard_090,Hard,OpenMP,16,3,0.055796270,1
hard_090,Hard,OpenMP,16,4,0.055420402,1
hard_090,Hard,OpenMP,16,5,0.055419181,1
hard_091,Hard,Serial,1,1,0.182546246,1
hard_091,Hard,Serial,1,2,0.123529596,1
hard_091,Hard,Serial,1,3,0.124159552,1
hard_091,Hard,Serial,1,4,0.124630078,1
hard_091,Hard,Serial,1,5,0.124579319,1
hard_091,Hard,Serial-MRV,1,1,0.061701535,1
hard_091,Hard,Serial-MRV,1,2,0.050970614,1
hard_091,Hard,Serial-MRV,1,3,0.043215371,1
hard_091,Hard,Serial-MRV,1,4,0.043171559,1
hard_091,Hard,Serial-MRV,1,5,0.043611944,1
hard_091,Hard,DLX,1,1,0.000167049,1
hard_091,Hard,DLX,1,2,0.000155057,1
hard_091,Hard,DLX,1,3,0.000154201,1
hard_091,Hard,DLX,1,4,0.000151673,1
hard_091,Hard,DLX,1,5,0.000151836,1
hard_091,Hard,DLX-OMP,4,1,0.000393018,1
hard_091,Hard,DLX-OMP,4,2,0.000361448,1
hard_091,Hard,DLX-OMP,4,3,0.000283348,1
hard_091,Hard,DLX-OMP,4,4,0.000345071,1
hard_091,Hard,DLX-OMP,4,5,0.000525500,1
hard_091,Hard,DLX-OMP,8,1,0.000771268,1
hard_091,Hard,DLX-OMP,8,2,0.000486465,1
hard_091,Hard,DLX-OMP,8,3,0.000523336,1
hard_091,Hard,DLX-OMP,8,4,0.000271334,1
hard_091,Hard,DLX-OMP,8,5,0.000530901,1
hard_091,Hard,DLX-OMP,16,1,0.000978599,1
hard_091,Hard,DLX-OMP,16,2,0.000692158,1
hard_091,Hard,DLX-OMP,16,3,0.000518080,1
hard_091,Hard,DLX-OMP,16,4,0.000318943,1
hard_091,Hard,DLX-OMP,16,5,0.000529476,1
hard_091,Hard,OpenMP,4,1,0.042989935,1
hard_091,Hard,OpenMP,4,2,0.043163777,1
hard_091,Hard,OpenMP,4,3,0.042996941,1
hard_091,Hard,OpenMP,4,4,0.042955010,1
hard_091,Hard,OpenMP,4,5,0.043506962,1
hard_091,Hard,OpenMP,8,1,0.043144601,1
hard_091,Hard,OpenMP,8,2,0.042966866,1
hard_091,Hard,OpenMP,8,3,0.043265387,1
hard_091,Hard,OpenMP,8,4,0.042963426,1
hard_091,Hard,OpenMP,8,5,0.042959200,1
hard_091,Hard,OpenMP,16,1,0.044698577,1
hard_091,Hard,OpenMP,16,2,0.043091367,1
hard_091,Hard,OpenMP,16,3,0.043082026,1
hard_091,Hard,OpenMP,16,4,0.043467053,1
hard_091,Hard,OpenMP,16,5,0.043080770,1
hard_092,Hard,Serial,1,1,0.300743604,1
hard_092,Hard,Serial,1,2,0.222633811,1
hard_092,Hard,Serial,1,3,0.222650493,1
hard_092,Hard,Serial,1,4,0.209343059,1
hard_092,Hard,Serial,1,5,0.155714029,1
hard_092,Hard,Serial-MRV,1,1,0.103355204,1
hard_092,Hard,Serial-MRV,1,2,0.103336094,1
hard_092,Hard,Serial-MRV,1,3,0.102882192,1
hard_092,Hard,Serial-MRV,1,4,0.103314280,1
hard_092,Hard,Serial-MRV,1,5,0.103328148,1
hard_092,Hard,DLX,1,1,0.000122478,1
hard_092,Hard,DLX,1,2,0.000119470,1
hard_092,Hard,DLX,1,3,0.000117839,1
hard_092,Hard,DLX,1,4,0.000117876,1
hard_092,Hard,DLX,1,5,0.000118260,1
hard_092,Hard,DLX-OMP,4,1,0.000321048,1
hard_092,Hard,DLX-OMP,4,2,0.000331451,1
hard_092,Hard,DLX-OMP,4,3,0.000433634,1
hard_092,Hard,DLX-OMP,4,4,0.000444791,1
hard_092,Hard,DLX-OMP,4,5,0.000422800,1
hard_092,Hard,DLX-OMP,8,1,0.000526661,1
hard_092,Hard,DLX-OMP,8,2,0.000599912,1
hard_092,Hard,DLX-OMP,8,3,0.000438487,1
hard_092,Hard,DLX-OMP,8,4,0.000430398,1
hard_092,Hard,DLX-OMP,8,5,0.000661635,1
hard_092,Hard,DLX-OMP,16,1,0.001472149,1
hard_092,Hard,DLX-OMP,16,2,0.000560813,1
hard_092,Hard,DLX-OMP,16,3,0.000597635,1
hard_092,Hard,DLX-OMP,16,4,0.000577438,1
hard_092,Hard,DLX-OMP,16,5,0.000367563,1
hard_092,Hard,OpenMP,4,1,0.033735162,1
hard_092,Hard,OpenMP,4,2,0.043334688,1
hard_092,Hard,OpenMP,4,3,0.038032500,1
hard_092,Hard,OpenMP,4,4,0.034124968,1
hard_092,Hard,OpenMP,4,5,0.028599571,1
hard_092,Hard,OpenMP,8,1,0.034237840,1
hard_092,Hard,OpenMP,8,2,0.015264827,1
hard_092,Hard,OpenMP,8,3,0.019807506,1
hard_092,Hard,OpenMP,8,4,0.033980895,1
hard_092,Hard,OpenMP,8,5,0.034497471,1
hard_092,Hard,OpenMP,16,1,0.035270578,1
hard_092,Hard,OpenMP,16,2,0.016291625,1
hard_092,Hard,OpenMP,16,3,0.027633471,1
hard_092,Hard,OpenMP,16,4,0.015195805,1
hard_092,Hard,OpenMP,16,5,0.035007016,1
hard_093,Hard,Serial,1,1,0.042682359,1
hard_093,Hard,Serial,1,2,0.042886822,1
hard_093,Hard,Serial,1,3,0.043118036,1
hard_093,Hard,Serial,1,4,0.042525019,1
hard_093,Hard,Serial,1,5,0.042545794,1
hard_093,Hard,Serial-MRV,1,1,0.050731788,1
hard_093,Hard,Serial-MRV,1,2,0.048360756,1
hard_093,Hard,Serial-MRV,1,3,0.048714553,1
hard_093,Hard,Serial-MRV,1,4,0.048346238,1
hard_093,Hard,Serial-MRV,1,5,0.048345956,1
hard_093,Hard,DLX,1,1,0.000225208,1
hard_093,Hard,DLX,1,2,0.000214173,1
hard_093,Hard,DLX,1,3,0.000211532,1
hard_093,Hard,DLX,1,4,0.000209817,1
hard_093,Hard,DLX,1,5,0.000214603,1
hard_093,Hard,DLX-OMP,4,1,0.000414623,1
hard_093,Hard,DLX-OMP,4,2,0.000903169,1
hard_093,Hard,DLX-OMP,4,3,0.000558707,1
hard_093,Hard,DLX-OMP,4,4,0.000516209,1
hard_093,Hard,DLX-OMP,4,5,0.000508750,1
hard_093,Hard,DLX-OMP,8,1,0.000592792,1
hard_093,Hard,DLX-OMP,8,2,0.000514830,1
hard_093,Hard,DLX-OMP,8,3,0.000500142,1
hard_093,Hard,DLX-OMP,8,4,0.000662324,1
hard_093,Hard,DLX-OMP,8,5,0.000499052,1
hard_093,Hard,DLX-OMP,16,1,0.001323439,1
hard_093,Hard,DLX-OMP,16,2,0.000502601,1
hard_093,Hard,DLX-OMP,16,3,0.000681819,1
hard_093,Hard,DLX-OMP,16,4,0.000705055,1
hard_093,Hard,DLX-OMP,16,5,0.000497798,1
hard_093,Hard,OpenMP,4,1,0.015551075,1
hard_093,Hard,OpenMP,4,2,0.025619677,1
hard_093,Hard,OpenMP,4,3,0.015191446,1
hard_093,Hard,OpenMP,4,4,0.015160470,1
hard_093,Hard,OpenMP,4,5,0.025704586,1
hard_093,Hard,OpenMP,8,1,0.025908695,1
hard_093,Hard,OpenMP,8,2,0.026081905,1
hard_093,Hard,OpenMP,8,3,0.025739823,1
hard_093,Hard,OpenMP,8,4,0.025910573,1
hard_093,Hard,OpenMP,8,5,0.018380376,1
hard_093,Hard,OpenMP,16,1,0.026198147,1
hard_093,Hard,OpenMP,16,2,0.026187527,1
hard_093,Hard,OpenMP,16,3,0.026006831,1
hard_093,Hard,OpenMP,16,4,0.025993819,1
hard_093,Hard,OpenMP,16,5,0.025959800,1
hard_094,Hard,Serial,1,1,0.047458113,1
hard_094,Hard,Serial,1,2,0.046987881,1
hard_094,Hard,Serial,1,3,0.047756101,1
hard_094,Hard,Serial,1,4,0.032835336,1
hard_094,Hard,Serial,1,5,0.027051276,1
hard_094,Hard,Serial-MRV,1,1,0.065340876,1
hard_094,Hard,Serial-MRV,1,2,0.068312764,1
hard_094,Hard,Serial-MRV,1,3,0.067640235,1
hard_094,Hard,Serial-MRV,1,4,0.064759446,1
hard_094,Hard,Serial-MRV,1,5,0.064680440,1
hard_094,Hard,DLX,1,1,0.000298929,1
hard_094,Hard,DLX,1,2,0.000284952,1
hard_094,Hard,DLX,1,3,0.000282820,1
hard_094,Hard,DLX,1,4,0.000286355,1
hard_094,Hard,DLX,1,5,0.000281312,1
hard_094,Hard,DLX-OMP,4,1,0.000494123,1
hard_094,Hard,DLX-OMP,4,2,0.000667103,1
hard_094,Hard,DLX-OMP,4,3,0.000651954,1
hard_094,Hard,DLX-OMP,4,4,0.000409924,1
hard_094,Hard,DLX-OMP,4,5,0.000637507,1
hard_094,Hard,DLX-OMP,8,1,0.000749991,1
hard_094,Hard,DLX-OMP,8,2,0.000770861,1
hard_094,Hard,DLX-OMP,8,3,0.000640718,1
hard_094,Hard,DLX-OMP,8,4,0.000636189,1
hard_094,Hard,DLX-OMP,8,5,0.000621092,1
hard_094,Hard,DLX-OMP,16,1,0.001620510,1
hard_094,Hard,DLX-OMP,16,2,0.000808312,1
hard_094,Hard,DLX-OMP,16,3,0.000815407,1
hard_094,Hard,DLX-OMP,16,4,0.000827432,1
hard_094,Hard,DLX-OMP,16,5,0.000629378,1
hard_094,Hard,OpenMP,4,1,0.008020668,1
hard_094,Hard,OpenMP,4,2,0.012758659,1
hard_094,Hard,OpenMP,4,3,0.007644678,1
hard_094,Hard,OpenMP,4,4,0.024193851,1
hard_094,Hard,OpenMP,4,5,0.007557905,1
hard_094,Hard,OpenMP,8,1,0.008070795,1
hard_094,Hard,OpenMP,8,2,0.007944138,1
hard_094,Hard,OpenMP,8,3,0.007986688,1
hard_094,Hard,OpenMP,8,4,0.008016697,1
hard_094,Hard,OpenMP,8,5,0.007813111,1
hard_094,Hard,OpenMP,16,1,0.009123676,1
hard_094,Hard,OpenMP,16,2,0.007952646,1
hard_094,Hard,OpenMP,16,3,0.008140933,1
hard_094,Hard,OpenMP,16,4,0.007938343,1
hard_094,Hard,OpenMP,16,5,0.008097947,1
hard_095,Hard,Serial,1,1,0.082078225,1
hard_095,Hard,Serial,1,2,0.085962512,1
hard_095,Hard,Serial,1,3,0.084716278,1
hard_095,Hard,Serial,1,4,0.082009209,1
hard_095,Hard,Serial,1,5,0.082329519,1
hard_095,Hard,Serial-MRV,1,1,0.064327635,1
hard_095,Hard,Serial-MRV,1,2,0.063986036,1
hard_095,Hard,Serial-MRV,1,3,0.064353331,1
hard_095,Hard,Serial-MRV,1,4,0.063992934,1
hard_095,Hard,Serial-MRV,1,5,0.064358109,1
hard_095,Hard,DLX,1,1,0.000173091,1
hard_095,Hard,DLX,1,2,0.000173650,1
hard_095,Hard,DLX,1,3,0.000167943,1
hard_095,Hard,DLX,1,4,0.000167635,1
hard_095,Hard,DLX,1,5,0.000167285,1
hard_095,Hard,DLX-OMP,4,1,0.000379712,1
hard_095,Hard,DLX-OMP,4,2,0.000302730,1
hard_095,Hard,DLX-OMP,4,3,0.000305062,1
hard_095,Hard,DLX-OMP,4,4,0.000313783,1
hard_095,Hard,DLX-OMP,4,5,0.000434095,1
hard_095,Hard,DLX-OMP,8,1,0.000692267,1
hard_095,Hard,DLX-OMP,8,2,0.000549358,1
hard_095,Hard,DLX-OMP,8,3,0.000582655,1
hard_095,Hard,DLX-OMP,8,4,0.000295932,1
hard_095,Hard,DLX-OMP,8,5,0.000440912,1
hard_095,Hard,DLX-OMP,16,1,0.001202591,1
hard_095,Hard,DLX-OMP,16,2,0.000439593,1
hard_095,Hard,DLX-OMP,16,3,0.000468191,1
hard_095,Hard,DLX-OMP,16,4,0.000586488,1
hard_095,Hard,DLX-OMP,16,5,0.000618010,1
hard_095,Hard,OpenMP,4,1,0.039812397,1
hard_095,Hard,OpenMP,4,2,0.039586165,1
hard_095,Hard,OpenMP,4,3,0.039868946,1
hard_095,Hard,OpenMP,4,4,0.039494377,1
hard_095,Hard,OpenMP,4,5,0.015946932,1
hard_095,Hard,OpenMP,8,1,0.039715493,1
hard_095,Hard,OpenMP,8,2,0.039856769,1
hard_095,Hard,OpenMP,8,3,0.039673049,1
hard_095,Hard,OpenMP,8,4,0.039715975,1
hard_095,Hard,OpenMP,8,5,0.040012852,1
hard_095,Hard,OpenMP,16,1,0.040207102,1
hard_095,Hard,OpenMP,16,2,0.039948444,1
hard_095,Hard,OpenMP,16,3,0.040082138,1
hard_095,Hard,OpenMP,16,4,0.039946332,1
hard_095,Hard,OpenMP,16,5,0.039753936,1
hard_096,Hard,Serial,1,1,0.050451204,1
hard_096,Hard,Serial,1,2,0.049894674,1
hard_096,Hard,Serial,1,3,0.048366160,1
hard_096,Hard,Serial,1,4,0.028453395,1
hard_096,Hard,Serial,1,5,0.028452674,1
hard_096,Hard,Serial-MRV,1,1,0.070009759,1
hard_096,Hard,Serial-MRV,1,2,0.069380843,1
hard_096,Hard,Serial-MRV,1,3,0.069767874,1
hard_096,Hard,Serial-MRV,1,4,0.069430503,1
hard_096,Hard,Serial-MRV,1,5,0.069727662,1
hard_096,Hard,DLX,1,1,0.000218105,1
hard_096,Hard,DLX,1,2,0.000207885,1
hard_096,Hard,DLX,1,3,0.000204842,1
hard_096,Hard,DLX,1,4,0.000204791,1
hard_096,Hard,DLX,1,5,0.000204493,1
hard_096,Hard,DLX-OMP,4,1,0.000398822,1
hard_096,Hard,DLX-OMP,4,2,0.000344323,1
hard_096,Hard,DLX-OMP,4,3,0.000340899,1
hard_096,Hard,DLX-OMP,4,4,0.000500841,1
hard_096,Hard,DLX-OMP,4,5,0.000509500,1
hard_096,Hard,DLX-OMP,8,1,0.000435434,1
hard_096,Hard,DLX-OMP,8,2,0.000525980,1
hard_096,Hard,DLX-OMP,8,3,0.000334800,1
hard_096,Hard,DLX-OMP,8,4,0.000645312,1
hard_096,Hard,DLX-OMP,8,5,0.000488363,1
hard_096,Hard,DLX-OMP,16,1,0.001867234,1
hard_096,Hard,DLX-OMP,16,2,0.000691403,1
hard_096,Hard,DLX-OMP,16,3,0.000497396,1
hard_096,Hard,DLX-OMP,16,4,0.000522629,1
hard_096,Hard,DLX-OMP,16,5,0.000493470,1
hard_096,Hard,OpenMP,4,1,0.043114722,1
hard_096,Hard,OpenMP,4,2,0.024728740,1
hard_096,Hard,OpenMP,4,3,0.043384361,1
hard_096,Hard,OpenMP,4,4,0.035629374,1
hard_096,Hard,OpenMP,4,5,0.042980919,1
hard_096,Hard,OpenMP,8,1,0.043423143,1
hard_096,Hard,OpenMP,8,2,0.043052101,1
hard_096,Hard,OpenMP,8,3,0.043058802,1
hard_096,Hard,OpenMP,8,4,0.043424013,1
hard_096,Hard,OpenMP,8,5,0.043116315,1
hard_096,Hard,OpenMP,16,1,0.043727276,1
hard_096,Hard,OpenMP,16,2,0.043572895,1
hard_096,Hard,OpenMP,16,3,0.043259647,1
hard_096,Hard,OpenMP,16,4,0.043328940,1
hard_096,Hard,OpenMP,16,5,0.043560958,1
hard_097,Hard,Serial,1,1,0.026997441,1
hard_097,Hard,Serial,1,2,0.026909799,1
hard_097,Hard,Serial,1,3,0.026917325,1
hard_097,Hard,Serial,1,4,0.027537860,1
hard_097,Hard,Serial,1,5,0.027202851,1
hard_097,Hard,Serial-MRV,1,1,0.108285689,1
hard_097,Hard,Serial-MRV,1,2,0.076869339,1
hard_097,Hard,Serial-MRV,1,3,0.077095485,1
hard_097,Hard,Serial-MRV,1,4,0.077108381,1
hard_097,Hard,Serial-MRV,1,5,0.076763999,1
hard_097,Hard,DLX,1,1,0.000177033,1
hard_097,Hard,DLX,1,2,0.000172429,1
hard_097,Hard,DLX,1,3,0.000171319,1
hard_097,Hard,DLX,1,4,0.000171617,1
hard_097,Hard,DLX,1,5,0.000170540,1
hard_097,Hard,DLX-OMP,4,1,0.000371625,1
hard_097,Hard,DLX-OMP,4,2,0.000312143,1
hard_097,Hard,DLX-OMP,4,3,0.000298728,1
hard_097,Hard,DLX-OMP,4,4,0.000296469,1
hard_097,Hard,DLX-OMP,4,5,0.000299738,1
hard_097,Hard,DLX-OMP,8,1,0.000704126,1
hard_097,Hard,DLX-OMP,8,2,0.000302717,1
hard_097,Hard,DLX-OMP,8,3,0.000459974,1
hard_097,Hard,DLX-OMP,8,4,0.000570323,1
hard_097,Hard,DLX-OMP,8,5,0.000451349,1
hard_097,Hard,DLX-OMP,16,1,0.001295273,1
hard_097,Hard,DLX-OMP,16,2,0.000617812,1
hard_097,Hard,DLX-OMP,16,3,0.000576329,1
hard_097,Hard,DLX-OMP,16,4,0.000462857,1
hard_097,Hard,DLX-OMP,16,5,0.000451449,1
hard_097,Hard,OpenMP,4,1,0.012542483,1
hard_097,Hard,OpenMP,4,2,0.007369488,1
hard_097,Hard,OpenMP,4,3,0.007758241,1
hard_097,Hard,OpenMP,4,4,0.005595775,1
hard_097,Hard,OpenMP,4,5,0.012424473,1
hard_097,Hard,OpenMP,8,1,0.005656622,1
hard_097,Hard,OpenMP,8,2,0.005712754,1
hard_097,Hard,OpenMP,8,3,0.009250719,1
hard_097,Hard,OpenMP,8,4,0.009329848,1
hard_097,Hard,OpenMP,8,5,0.009273267,1
hard_097,Hard,OpenMP,16,1,0.006425220,1
hard_097,Hard,OpenMP,16,2,0.009514459,1
hard_097,Hard,OpenMP,16,3,0.009502210,1
hard_097,Hard,OpenMP,16,4,0.009467850,1
hard_097,Hard,OpenMP,16,5,0.009436181,1
hard_098,Hard,Serial,1,1,0.020227130,1
hard_098,Hard,Serial,1,2,0.022644182,1
hard_098,Hard,Serial,1,3,0.022630567,1
hard_098,Hard,Serial,1,4,0.022609970,1
hard_098,Hard,Serial,1,5,0.022829929,1
hard_098,Hard,Serial-MRV,1,1,0.073540037,1
hard_098,Hard,Serial-MRV,1,2,0.068187298,1
hard_098,Hard,Serial-MRV,1,3,0.068034957,1
hard_098,Hard,Serial-MRV,1,4,0.067657902,1
hard_098,Hard,Serial-MRV,1,5,0.068024615,1
hard_098,Hard,DLX,1,1,0.000321510,1
hard_098,Hard,DLX,1,2,0.000251031,1
hard_098,Hard,DLX,1,3,0.000247301,1
hard_098,Hard,DLX,1,4,0.000253776,1
hard_098,Hard,DLX,1,5,0.000246361,1
hard_098,Hard,DLX-OMP,4,1,0.001073744,1
hard_098,Hard,DLX-OMP,4,2,0.000728354,1
hard_098,Hard,DLX-OMP,4,3,0.000375114,1
hard_098,Hard,DLX-OMP,4,4,0.000689937,1
hard_098,Hard,DLX-OMP,4,5,0.000372603,1
hard_098,Hard,DLX-OMP,8,1,0.000908874,1
hard_098,Hard,DLX-OMP,8,2,0.000582186,1
hard_098,Hard,DLX-OMP,8,3,0.000741601,1
hard_098,Hard,DLX-OMP,8,4,0.000564297,1
hard_098,Hard,DLX-OMP,8,5,0.000583341,1
hard_098,Hard,DLX-OMP,16,1,0.001477964,1
hard_098,Hard,DLX-OMP,16,2,0.000601256,1
hard_098,Hard,DLX-OMP,16,3,0.000569833,1
hard_098,Hard,DLX-OMP,16,4,0.000600033,1
hard_098,Hard,DLX-OMP,16,5,0.000746608,1
hard_098,Hard,OpenMP,4,1,0.038697558,1
hard_098,Hard,OpenMP,4,2,0.038824304,1
hard_098,Hard,OpenMP,4,3,0.038771703,1
hard_098,Hard,OpenMP,4,4,0.038141782,1
hard_098,Hard,OpenMP,4,5,0.038423046,1
hard_098,Hard,OpenMP,8,1,0.038384944,1
hard_098,Hard,OpenMP,8,2,0.038380205,1
hard_098,Hard,OpenMP,8,3,0.038661032,1
hard_098,Hard,OpenMP,8,4,0.038314189,1
hard_098,Hard,OpenMP,8,5,0.038323329,1
hard_098,Hard,OpenMP,16,1,0.039903615,1
hard_098,Hard,OpenMP,16,2,0.038324731,1
hard_098,Hard,OpenMP,16,3,0.038486868,1
hard_098,Hard,OpenMP,16,4,0.038467672,1
hard_098,Hard,OpenMP,16,5,0.038676213,1
hard_099,Hard,Serial,1,1,0.047489971,1
hard_099,Hard,Serial,1,2,0.047779421,1
hard_099,Hard,Serial,1,3,0.047829479,1
hard_099,Hard,Serial,1,4,0.047824633,1
hard_099,Hard,Serial,1,5,0.039553006,1
hard_099,Hard,Serial-MRV,1,1,0.064130287,1
hard_099,Hard,Serial-MRV,1,2,0.064407110,1
hard_099,Hard,Serial-MRV,1,3,0.064009206,1
hard_099,Hard,Serial-MRV,1,4,0.064367171,1
hard_099,Hard,Serial-MRV,1,5,0.064005360,1
hard_099,Hard,DLX,1,1,0.000171407,1
hard_099,Hard,DLX,1,2,0.000167374,1
hard_099,Hard,DLX,1,3,0.000172292,1
hard_099,Hard,DLX,1,4,0.000166265,1
hard_099,Hard,DLX,1,5,0.000165757,1
hard_099,Hard,DLX-OMP,4,1,0.000359470,1
hard_099,Hard,DLX-OMP,4,2,0.000313550,1
hard_099,Hard,DLX-OMP,4,3,0.000449269,1
hard_099,Hard,DLX-OMP,4,4,0.000438447,1
hard_099,Hard,DLX-OMP,4,5,0.000293210,1
hard_099,Hard,DLX-OMP,8,1,0.000531280,1
hard_099,Hard,DLX-OMP,8,2,0.000434762,1
hard_099,Hard,DLX-OMP,8,3,0.000413591,1
hard_099,Hard,DLX-OMP,8,4,0.000316067,1
hard_099,Hard,DLX-OMP,8,5,0.000295547,1
hard_099,Hard,DLX-OMP,16,1,0.001244933,1
hard_099,Hard,DLX-OMP,16,2,0.000339542,1
hard_099,Hard,DLX-OMP,16,3,0.000562485,1
hard_099,Hard,DLX-OMP,16,4,0.000448413,1
hard_099,Hard,DLX-OMP,16,5,0.000578033,1
hard_099,Hard,OpenMP,4,1,0.114933244,1
hard_099,Hard,OpenMP,4,2,0.113689711,1
hard_099,Hard,OpenMP,4,3,0.113628767,1
hard_099,Hard,OpenMP,4,4,0.093693116,1
hard_099,Hard,OpenMP,4,5,0.113658004,1
hard_099,Hard,OpenMP,8,1,0.113842845,1
hard_099,Hard,OpenMP,8,2,0.113374591,1
hard_099,Hard,OpenMP,8,3,0.113714550,1
hard_099,Hard,OpenMP,8,4,0.113730531,1
hard_099,Hard,OpenMP,8,5,0.113803633,1
hard_099,Hard,OpenMP,16,1,0.114932896,1
hard_099,Hard,OpenMP,16,2,0.113777926,1
hard_099,Hard,OpenMP,16,3,0.113860581,1
hard_099,Hard,OpenMP,16,4,0.113883415,1
hard_099,Hard,OpenMP,16,5,0.113824303,1
hard_100,Hard,Serial,1,1,0.012843513,1
hard_100,Hard,Serial,1,2,0.012738605,1
hard_100,Hard,Serial,1,3,0.012716152,1
hard_100,Hard,Serial,1,4,0.012711037,1
hard_100,Hard,Serial,1,5,0.012716493,1
hard_100,Hard,Serial-MRV,1,1,0.093817534,1
hard_100,Hard,Serial-MRV,1,2,0.079962184,1
hard_100,Hard,Serial-MRV,1,3,0.052803057,1
hard_100,Hard,Serial-MRV,1,4,0.052783493,1
hard_100,Hard,Serial-MRV,1,5,0.053075477,1
hard_100,Hard,DLX,1,1,0.000261347,1
hard_100,Hard,DLX,1,2,0.000255575,1
hard_100,Hard,DLX,1,3,0.000259357,1
hard_100,Hard,DLX,1,4,0.000253012,1
hard_100,Hard,DLX,1,5,0.000252163,1
hard_100,Hard,DLX-OMP,4,1,0.000456725,1
hard_100,Hard,DLX-OMP,4,2,0.000615386,1
hard_100,Hard,DLX-OMP,4,3,0.000398612,1
hard_100,Hard,DLX-OMP,4,4,0.000383414,1
hard_100,Hard,DLX-OMP,4,5,0.000380153,1
hard_100,Hard,DLX-OMP,8,1,0.000654463,1
hard_100,Hard,DLX-OMP,8,2,0.000738339,1
hard_100,Hard,DLX-OMP,8,3,0.000385542,1
hard_100,Hard,DLX-OMP,8,4,0.000594508,1
hard_100,Hard,DLX-OMP,8,5,0.000381600,1
hard_100,Hard,DLX-OMP,16,1,0.000796237,1
hard_100,Hard,DLX-OMP,16,2,0.000786246,1
hard_100,Hard,DLX-OMP,16,3,0.000572537,1
hard_100,Hard,DLX-OMP,16,4,0.000775212,1
hard_100,Hard,DLX-OMP,16,5,0.000763307,1
hard_100,Hard,OpenMP,4,1,0.015177033,1
hard_100,Hard,OpenMP,4,2,0.008993257,1
hard_100,Hard,OpenMP,4,3,0.014959961,1
hard_100,Hard,OpenMP,4,4,0.008776981,1
hard_100,Hard,OpenMP,4,5,0.008860757,1
hard_100,Hard,OpenMP,8,1,0.015453328,1
hard_100,Hard,OpenMP,8,2,0.015007651,1
hard_100,Hard,OpenMP,8,3,0.015113493,1
hard_100,Hard,OpenMP,8,4,0.015210369,1
hard_100,Hard,OpenMP,8,5,0.015063058,1
hard_100,Hard,OpenMP,16,1,0.015480542,1
hard_100,Hard,OpenMP,16,2,0.015277275,1
hard_100,Hard,OpenMP,16,3,0.015313533,1
hard_100,Hard,OpenMP,16,4,0.009796338,1
hard_100,Hard,OpenMP,16,5,0.015358381,1
extreme_001,Extreme,Serial,1,1,0.169908205,1
extreme_001,Extreme,Serial,1,2,0.124077330,1
extreme_001,Extreme,Serial,1,3,0.096707681,1
extreme_001,Extreme,Serial,1,4,0.096579144,1
extreme_001,Extreme,Serial,1,5,0.096217540,1
extreme_001,Extreme,Serial-MRV,1,1,0.714742586,1
extreme_001,Extreme,Serial-MRV,1,2,0.563695032,1
extreme_001,Extreme,Serial-MRV,1,3,0.566902980,1
extreme_001,Extreme,Serial-MRV,1,4,0.571905451,1
extreme_001,Extreme,Serial-MRV,1,5,0.564536938,1
extreme_001,Extreme,DLX,1,1,0.000123217,1
extreme_001,Extreme,DLX,1,2,0.000125595,1
extreme_001,Extreme,DLX,1,3,0.000119140,1
extreme_001,Extreme,DLX,1,4,0.000119055,1
extreme_001,Extreme,DLX,1,5,0.000119646,1
extreme_001,Extreme,DLX-OMP,4,1,0.000317230,1
extreme_001,Extreme,DLX-OMP,4,2,0.000290614,1
extreme_001,Extreme,DLX-OMP,4,3,0.000299543,1
extreme_001,Extreme,DLX-OMP,4,4,0.000209360,1
extreme_001,Extreme,DLX-OMP,4,5,0.000423592,1
extreme_001,Extreme,DLX-OMP,8,1,0.000345386,1
extreme_001,Extreme,DLX-OMP,8,2,0.000565830,1
extreme_001,Extreme,DLX-OMP,8,3,0.000427930,1
extreme_001,Extreme,DLX-OMP,8,4,0.000582139,1
extreme_001,Extreme,DLX-OMP,8,5,0.000414863,1
extreme_001,Extreme,DLX-OMP,16,1,0.001739751,1
extreme_001,Extreme,DLX-OMP,16,2,0.000416810,1
extreme_001,Extreme,DLX-OMP,16,3,0.000456017,1
extreme_001,Extreme,DLX-OMP,16,4,0.000577034,1
extreme_001,Extreme,DLX-OMP,16,5,0.000308751,1
extreme_001,Extreme,OpenMP,4,1,0.264178444,1
extreme_001,Extreme,OpenMP,4,2,0.234708417,1
extreme_001,Extreme,OpenMP,4,3,0.242194135,1
extreme_001,Extreme,OpenMP,4,4,0.196992103,1
extreme_001,Extreme,OpenMP,4,5,0.192475183,1
extreme_001,Extreme,OpenMP,8,1,0.259357087,1
extreme_001,Extreme,OpenMP,8,2,0.257444462,1
extreme_001,Extreme,OpenMP,8,3,0.196689896,1
extreme_001,Extreme,OpenMP,8,4,0.193099425,1
extreme_001,Extreme,OpenMP,8,5,0.194267755,1
extreme_001,Extreme,OpenMP,16,1,0.224613841,1
extreme_001,Extreme,OpenMP,16,2,0.330198467,1
extreme_001,Extreme,OpenMP,16,3,0.245724328,1
extreme_001,Extreme,OpenMP,16,4,0.247928806,1
extreme_001,Extreme,OpenMP,16,5,0.193335777,1
extreme_002,Extreme,Serial,1,1,0.231994279,1
extreme_002,Extreme,Serial,1,2,0.189622694,1
extreme_002,Extreme,Serial,1,3,0.189907406,1
extreme_002,Extreme,Serial,1,4,0.189527831,1
extreme_002,Extreme,Serial,1,5,0.171696771,1
extreme_002,Extreme,Serial-MRV,1,1,0.364100561,1
extreme_002,Extreme,Serial-MRV,1,2,0.364400075,1
extreme_002,Extreme,Serial-MRV,1,3,0.368620822,1
extreme_002,Extreme,Serial-MRV,1,4,0.363646080,1
extreme_002,Extreme,Serial-MRV,1,5,0.365513639,1
extreme_002,Extreme,DLX,1,1,0.000171996,1
extreme_002,Extreme,DLX,1,2,0.000125344,1
extreme_002,Extreme,DLX,1,3,0.000124072,1
extreme_002,Extreme,DLX,1,4,0.000123153,1
extreme_002,Extreme,DLX,1,5,0.000122900,1
extreme_002,Extreme,DLX-OMP,4,1,0.000475213,1
extreme_002,Extreme,DLX-OMP,4,2,0.000679065,1
extreme_002,Extreme,DLX-OMP,4,3,0.000571563,1
extreme_002,Extreme,DLX-OMP,4,4,0.000395796,1
extreme_002,Extreme,DLX-OMP,4,5,0.000434603,1
extreme_002,Extreme,DLX-OMP,8,1,0.000526091,1
extreme_002,Extreme,DLX-OMP,8,2,0.000289492,1
extreme_002,Extreme,DLX-OMP,8,3,0.000298565,1
extreme_002,Extreme,DLX-OMP,8,4,0.000603528,1
extreme_002,Extreme,DLX-OMP,8,5,0.000418465,1
extreme_002,Extreme,DLX-OMP,16,1,0.001734977,1
extreme_002,Extreme,DLX-OMP,16,2,0.000584160,1
extreme_002,Extreme,DLX-OMP,16,3,0.000461871,1
extreme_002,Extreme,DLX-OMP,16,4,0.000592974,1
extreme_002,Extreme,DLX-OMP,16,5,0.000422880,1
extreme_002,Extreme,OpenMP,4,1,0.173635114,1
extreme_002,Extreme,OpenMP,4,2,0.115710720,1
extreme_002,Extreme,OpenMP,4,3,0.136209152,1
extreme_002,Extreme,OpenMP,4,4,0.067073450,1
extreme_002,Extreme,OpenMP,4,5,0.143851226,1
extreme_002,Extreme,OpenMP,8,1,0.091573844,1
extreme_002,Extreme,OpenMP,8,2,0.062058001,1
extreme_002,Extreme,OpenMP,8,3,0.105232337,1
extreme_002,Extreme,OpenMP,8,4,0.119067085,1
extreme_002,Extreme,OpenMP,8,5,0.068506581,1
extreme_002,Extreme,OpenMP,16,1,0.119064455,1
extreme_002,Extreme,OpenMP,16,2,0.118902071,1
extreme_002,Extreme,OpenMP,16,3,0.118978339,1
extreme_002,Extreme,OpenMP,16,4,0.071424181,1
extreme_002,Extreme,OpenMP,16,5,0.119328076,1
extreme_003,Extreme,Serial,1,1,1.532804583,1
extreme_003,Extreme,Serial,1,2,1.211383371,1
extreme_003,Extreme,Serial,1,3,1.213352464,1
extreme_003,Extreme,Serial,1,4,1.214217711,1
extreme_003,Extreme,Serial,1,5,1.211668728,1
extreme_003,Extreme,Serial-MRV,1,1,0.324861780,1
extreme_003,Extreme,Serial-MRV,1,2,0.324671685,1
extreme_003,Extreme,Serial-MRV,1,3,0.320967640,1
extreme_003,Extreme,Serial-MRV,1,4,0.321388401,1
extreme_003,Extreme,Serial-MRV,1,5,0.321989584,1
extreme_003,Extreme,DLX,1,1,0.000169038,1
extreme_003,Extreme,DLX,1,2,0.000127929,1
extreme_003,Extreme,DLX,1,3,0.000126187,1
extreme_003,Extreme,DLX,1,4,0.000126202,1
extreme_003,Extreme,DLX,1,5,0.000125784,1
extreme_003,Extreme,DLX-OMP,4,1,0.000451614,1
extreme_003,Extreme,DLX-OMP,4,2,0.000352823,1
extreme_003,Extreme,DLX-OMP,4,3,0.000605078,1
extreme_003,Extreme,DLX-OMP,4,4,0.000262053,1
extreme_003,Extreme,DLX-OMP,4,5,0.000404069,1
extreme_003,Extreme,DLX-OMP,8,1,0.000405098,1
extreme_003,Extreme,DLX-OMP,8,2,0.000556308,1
extreme_003,Extreme,DLX-OMP,8,3,0.000604210,1
extreme_003,Extreme,DLX-OMP,8,4,0.000240593,1
extreme_003,Extreme,DLX-OMP,8,5,0.000443841,1
extreme_003,Extreme,DLX-OMP,16,1,0.001918049,1
extreme_003,Extreme,DLX-OMP,16,2,0.000602583,1
extreme_003,Extreme,DLX-OMP,16,3,0.000316201,1
extreme_003,Extreme,DLX-OMP,16,4,0.000430393,1
extreme_003,Extreme,DLX-OMP,16,5,0.000478937,1
extreme_003,Extreme,OpenMP,4,1,0.055534537,1
extreme_003,Extreme,OpenMP,4,2,0.055490913,1
extreme_003,Extreme,OpenMP,4,3,0.054946906,1
extreme_003,Extreme,OpenMP,4,4,0.054571286,1
extreme_003,Extreme,OpenMP,4,5,0.032222809,1
extreme_003,Extreme,OpenMP,8,1,0.054828396,1
extreme_003,Extreme,OpenMP,8,2,0.054747416,1
extreme_003,Extreme,OpenMP,8,3,0.055088299,1
extreme_003,Extreme,OpenMP,8,4,0.054682227,1
extreme_003,Extreme,OpenMP,8,5,0.055275371,1
extreme_003,Extreme,OpenMP,16,1,0.055241356,1
extreme_003,Extreme,OpenMP,16,2,0.055136588,1
extreme_003,Extreme,OpenMP,16,3,0.054861798,1
extreme_003,Extreme,OpenMP,16,4,0.055412043,1
extreme_003,Extreme,OpenMP,16,5,0.054854272,1
extreme_004,Extreme,Serial,1,1,0.453505837,1
extreme_004,Extreme,Serial,1,2,0.372737420,1
extreme_004,Extreme,Serial,1,3,0.299075106,1
extreme_004,Extreme,Serial,1,4,0.261048597,1
extreme_004,Extreme,Serial,1,5,0.261086107,1
extreme_004,Extreme,Serial-MRV,1,1,0.437719921,1
extreme_004,Extreme,Serial-MRV,1,2,0.379161874,1
extreme_004,Extreme,Serial-MRV,1,3,0.379351779,1
extreme_004,Extreme,Serial-MRV,1,4,0.378878801,1
extreme_004,Extreme,Serial-MRV,1,5,0.378955554,1
extreme_004,Extreme,DLX,1,1,0.000147773,1
extreme_004,Extreme,DLX,1,2,0.000143425,1
extreme_004,Extreme,DLX,1,3,0.000142426,1
extreme_004,Extreme,DLX,1,4,0.000141722,1
extreme_004,Extreme,DLX,1,5,0.000142130,1
extreme_004,Extreme,DLX-OMP,4,1,0.000351531,1
extreme_004,Extreme,DLX-OMP,4,2,0.000363090,1
extreme_004,Extreme,DLX-OMP,4,3,0.000621801,1
extreme_004,Extreme,DLX-OMP,4,4,0.000232121,1
extreme_004,Extreme,DLX-OMP,4,5,0.000474283,1
extreme_004,Extreme,DLX-OMP,8,1,0.000573235,1
extreme_004,Extreme,DLX-OMP,8,2,0.000492442,1
extreme_004,Extreme,DLX-OMP,8,3,0.000662234,1
extreme_004,Extreme,DLX-OMP,8,4,0.000465263,1
extreme_004,Extreme,DLX-OMP,8,5,0.000654639,1
extreme_004,Extreme,DLX-OMP,16,1,0.002030425,1
extreme_004,Extreme,DLX-OMP,16,2,0.000309327,1
extreme_004,Extreme,DLX-OMP,16,3,0.000644739,1
extreme_004,Extreme,DLX-OMP,16,4,0.000484473,1
extreme_004,Extreme,DLX-OMP,16,5,0.000648707,1
extreme_004,Extreme,OpenMP,4,1,0.098372270,1
extreme_004,Extreme,OpenMP,4,2,0.003758465,1
extreme_004,Extreme,OpenMP,4,3,0.003605441,1
extreme_004,Extreme,OpenMP,4,4,0.003662673,1
extreme_004,Extreme,OpenMP,4,5,0.003663467,1
extreme_004,Extreme,OpenMP,8,1,0.008717786,1
extreme_004,Extreme,OpenMP,8,2,0.008671925,1
extreme_004,Extreme,OpenMP,8,3,0.008591324,1
extreme_004,Extreme,OpenMP,8,4,0.008550088,1
extreme_004,Extreme,OpenMP,8,5,0.005314375,1
extreme_004,Extreme,OpenMP,16,1,0.009002678,1
extreme_004,Extreme,OpenMP,16,2,0.008735631,1
extreme_004,Extreme,OpenMP,16,3,0.008871256,1
extreme_004,Extreme,OpenMP,16,4,0.008797868,1
extreme_004,Extreme,OpenMP,16,5,0.005424233,1
extreme_005,Extreme,Serial,1,1,0.722305219,1
extreme_005,Extreme,Serial,1,2,0.721681327,1
extreme_005,Extreme,Serial,1,3,0.720900455,1
extreme_005,Extreme,Serial,1,4,0.720727121,1
extreme_005,Extreme,Serial,1,5,0.720345457,1
extreme_005,Extreme,Serial-MRV,1,1,0.518276719,1
extreme_005,Extreme,Serial-MRV,1,2,0.517812008,1
extreme_005,Extreme,Serial-MRV,1,3,0.517393305,1
extreme_005,Extreme,Serial-MRV,1,4,0.592523673,1
extreme_005,Extreme,Serial-MRV,1,5,0.517896557,1
extreme_005,Extreme,DLX,1,1,0.000173521,1
extreme_005,Extreme,DLX,1,2,0.000133296,1
extreme_005,Extreme,DLX,1,3,0.000137037,1
extreme_005,Extreme,DLX,1,4,0.000131057,1
extreme_005,Extreme,DLX,1,5,0.000131525,1
extreme_005,Extreme,DLX-OMP,4,1,0.000394613,1
extreme_005,Extreme,DLX-OMP,4,2,0.000352864,1
extreme_005,Extreme,DLX-OMP,4,3,0.000601725,1
extreme_005,Extreme,DLX-OMP,4,4,0.000438458,1
extreme_005,Extreme,DLX-OMP,4,5,0.000575516,1
extreme_005,Extreme,DLX-OMP,8,1,0.000556502,1
extreme_005,Extreme,DLX-OMP,8,2,0.000596920,1
extreme_005,Extreme,DLX-OMP,8,3,0.000318776,1
extreme_005,Extreme,DLX-OMP,8,4,0.000481082,1
extreme_005,Extreme,DLX-OMP,8,5,0.000288043,1
extreme_005,Extreme,DLX-OMP,16,1,0.002035093,1
extreme_005,Extreme,DLX-OMP,16,2,0.000605274,1
extreme_005,Extreme,DLX-OMP,16,3,0.000486664,1
extreme_005,Extreme,DLX-OMP,16,4,0.000576322,1
extreme_005,Extreme,DLX-OMP,16,5,0.000478581,1
extreme_005,Extreme,OpenMP,4,1,0.319076776,1
extreme_005,Extreme,OpenMP,4,2,0.247441414,1
extreme_005,Extreme,OpenMP,4,3,0.155070188,1
extreme_005,Extreme,OpenMP,4,4,0.155598755,1
extreme_005,Extreme,OpenMP,4,5,0.234258688,1
extreme_005,Extreme,OpenMP,8,1,0.273992007,1
extreme_005,Extreme,OpenMP,8,2,0.311665264,1
extreme_005,Extreme,OpenMP,8,3,0.272676949,1
extreme_005,Extreme,OpenMP,8,4,0.275716271,1
extreme_005,Extreme,OpenMP,8,5,0.371714789,1
extreme_005,Extreme,OpenMP,16,1,0.322558594,1
extreme_005,Extreme,OpenMP,16,2,0.289941016,1
extreme_005,Extreme,OpenMP,16,3,0.324642401,1
extreme_005,Extreme,OpenMP,16,4,0.292364308,1
extreme_005,Extreme,OpenMP,16,5,0.348304316,1
extreme_006,Extreme,Serial,1,1,0.274519502,1
extreme_006,Extreme,Serial,1,2,0.207198140,1
extreme_006,Extreme,Serial,1,3,0.207219636,1
extreme_006,Extreme,Serial,1,4,0.171696711,1
extreme_006,Extreme,Serial,1,5,0.144867763,1
extreme_006,Extreme,Serial-MRV,1,1,0.330400153,1
extreme_006,Extreme,Serial-MRV,1,2,0.333331773,1
extreme_006,Extreme,Serial-MRV,1,3,0.334669669,1
extreme_006,Extreme,Serial-MRV,1,4,0.330622746,1
extreme_006,Extreme,Serial-MRV,1,5,0.330406286,1
extreme_006,Extreme,DLX,1,1,0.000157563,1
extreme_006,Extreme,DLX,1,2,0.000118558,1
extreme_006,Extreme,DLX,1,3,0.000117040,1
extreme_006,Extreme,DLX,1,4,0.000117289,1
extreme_006,Extreme,DLX,1,5,0.000117017,1
extreme_006,Extreme,DLX-OMP,4,1,0.000417391,1
extreme_006,Extreme,DLX-OMP,4,2,0.000317589,1
extreme_006,Extreme,DLX-OMP,4,3,0.000557506,1
extreme_006,Extreme,DLX-OMP,4,4,0.000273388,1
extreme_006,Extreme,DLX-OMP,4,5,0.000382059,1
extreme_006,Extreme,DLX-OMP,8,1,0.000539201,1
extreme_006,Extreme,DLX-OMP,8,2,0.000391770,1
extreme_006,Extreme,DLX-OMP,8,3,0.000428587,1
extreme_006,Extreme,DLX-OMP,8,4,0.000389692,1
extreme_006,Extreme,DLX-OMP,8,5,0.000233568,1
extreme_006,Extreme,DLX-OMP,16,1,0.001132164,1
extreme_006,Extreme,DLX-OMP,16,2,0.000276382,1
extreme_006,Extreme,DLX-OMP,16,3,0.000413746,1
extreme_006,Extreme,DLX-OMP,16,4,0.000652451,1
extreme_006,Extreme,DLX-OMP,16,5,0.000629336,1
extreme_006,Extreme,OpenMP,4,1,0.337413559,1
extreme_006,Extreme,OpenMP,4,2,0.536892714,1
extreme_006,Extreme,OpenMP,4,3,0.574385301,1
extreme_006,Extreme,OpenMP,4,4,0.542829695,1
extreme_006,Extreme,OpenMP,4,5,0.405281518,1
extreme_006,Extreme,OpenMP,8,1,0.582492968,1
extreme_006,Extreme,OpenMP,8,2,0.529585130,1
extreme_006,Extreme,OpenMP,8,3,0.570323592,1
extreme_006,Extreme,OpenMP,8,4,0.540359372,1
extreme_006,Extreme,OpenMP,8,5,0.576524612,1
extreme_006,Extreme,OpenMP,16,1,0.451423948,1
extreme_006,Extreme,OpenMP,16,2,0.335742472,1
extreme_006,Extreme,OpenMP,16,3,0.528109204,1
extreme_006,Extreme,OpenMP,16,4,0.569045810,1
extreme_006,Extreme,OpenMP,16,5,0.539938817,1
extreme_007,Extreme,Serial,1,1,0.237682627,1
extreme_007,Extreme,Serial,1,2,0.135036775,1
extreme_007,Extreme,Serial,1,3,0.134869660,1
extreme_007,Extreme,Serial,1,4,0.134918761,1
extreme_007,Extreme,Serial,1,5,0.134854073,1
extreme_007,Extreme,Serial-MRV,1,1,0.699690577,1
extreme_007,Extreme,Serial-MRV,1,2,0.636082964,1
extreme_007,Extreme,Serial-MRV,1,3,0.710726789,1
extreme_007,Extreme,Serial-MRV,1,4,0.635690523,1
extreme_007,Extreme,Serial-MRV,1,5,0.635588709,1
extreme_007,Extreme,DLX,1,1,0.000188448,1
extreme_007,Extreme,DLX,1,2,0.000135962,1
extreme_007,Extreme,DLX,1,3,0.000129082,1
extreme_007,Extreme,DLX,1,4,0.000129198,1
extreme_007,Extreme,DLX,1,5,0.000128864,1
extreme_007,Extreme,DLX-OMP,4,1,0.000869265,1
extreme_007,Extreme,DLX-OMP,4,2,0.000312359,1
extreme_007,Extreme,DLX-OMP,4,3,0.000263531,1
extreme_007,Extreme,DLX-OMP,4,4,0.000595600,1
extreme_007,Extreme,DLX-OMP,4,5,0.000549652,1
extreme_007,Extreme,DLX-OMP,8,1,0.000731123,1
extreme_007,Extreme,DLX-OMP,8,2,0.000293587,1
extreme_007,Extreme,DLX-OMP,8,3,0.000692647,1
extreme_007,Extreme,DLX-OMP,8,4,0.000289218,1
extreme_007,Extreme,DLX-OMP,8,5,0.000464912,1
extreme_007,Extreme,DLX-OMP,16,1,0.001487447,1
extreme_007,Extreme,DLX-OMP,16,2,0.000609586,1
extreme_007,Extreme,DLX-OMP,16,3,0.000619150,1
extreme_007,Extreme,DLX-OMP,16,4,0.000434182,1
extreme_007,Extreme,DLX-OMP,16,5,0.000628028,1
extreme_007,Extreme,OpenMP,4,1,0.122507646,1
extreme_007,Extreme,OpenMP,4,2,0.073848891,1
extreme_007,Extreme,OpenMP,4,3,0.069990659,1
extreme_007,Extreme,OpenMP,4,4,0.136774079,1
extreme_007,Extreme,OpenMP,4,5,0.069578308,1
extreme_007,Extreme,OpenMP,8,1,0.121201996,1
extreme_007,Extreme,OpenMP,8,2,0.070509688,1
extreme_007,Extreme,OpenMP,8,3,0.069242020,1
extreme_007,Extreme,OpenMP,8,4,0.054298047,1
extreme_007,Extreme,OpenMP,8,5,0.121494068,1
extreme_007,Extreme,OpenMP,16,1,0.058888093,1
extreme_007,Extreme,OpenMP,16,2,0.056320577,1
extreme_007,Extreme,OpenMP,16,3,0.068942372,1
extreme_007,Extreme,OpenMP,16,4,0.056968955,1
extreme_007,Extreme,OpenMP,16,5,0.054512215,1
extreme_008,Extreme,Serial,1,1,1.095767161,1
extreme_008,Extreme,Serial,1,2,0.798216581,1
extreme_008,Extreme,Serial,1,3,0.799141521,1
extreme_008,Extreme,Serial,1,4,0.797659507,1
extreme_008,Extreme,Serial,1,5,0.797813091,1
extreme_008,Extreme,Serial-MRV,1,1,0.509666137,1
extreme_008,Extreme,Serial-MRV,1,2,0.573732750,1
extreme_008,Extreme,Serial-MRV,1,3,0.422768229,1
extreme_008,Extreme,Serial-MRV,1,4,0.395553112,1
extreme_008,Extreme,Serial-MRV,1,5,0.395630878,1
extreme_008,Extreme,DLX,1,1,0.000278406,1
extreme_008,Extreme,DLX,1,2,0.000234546,1
extreme_008,Extreme,DLX,1,3,0.000227008,1
extreme_008,Extreme,DLX,1,4,0.000227303,1
extreme_008,Extreme,DLX,1,5,0.000227166,1
extreme_008,Extreme,DLX-OMP,4,1,0.000820757,1
extreme_008,Extreme,DLX-OMP,4,2,0.000488494,1
extreme_008,Extreme,DLX-OMP,4,3,0.000846888,1
extreme_008,Extreme,DLX-OMP,4,4,0.000426232,1
extreme_008,Extreme,DLX-OMP,4,5,0.000798433,1
extreme_008,Extreme,DLX-OMP,8,1,0.000981152,1
extreme_008,Extreme,DLX-OMP,8,2,0.000917294,1
extreme_008,Extreme,DLX-OMP,8,3,0.000689622,1
extreme_008,Extreme,DLX-OMP,8,4,0.000444615,1
extreme_008,Extreme,DLX-OMP,8,5,0.000710932,1
extreme_008,Extreme,DLX-OMP,16,1,0.001229986,1
extreme_008,Extreme,DLX-OMP,16,2,0.000723732,1
extreme_008,Extreme,DLX-OMP,16,3,0.000875466,1
extreme_008,Extreme,DLX-OMP,16,4,0.000924798,1
extreme_008,Extreme,DLX-OMP,16,5,0.000448886,1
extreme_008,Extreme,OpenMP,4,1,0.173240041,1
extreme_008,Extreme,OpenMP,4,2,0.128820305,1
extreme_008,Extreme,OpenMP,4,3,0.110668205,1
extreme_008,Extreme,OpenMP,4,4,0.108904877,1
extreme_008,Extreme,OpenMP,4,5,0.109330925,1
extreme_008,Extreme,OpenMP,8,1,0.033803379,1
extreme_008,Extreme,OpenMP,8,2,0.075461403,1
extreme_008,Extreme,OpenMP,8,3,0.080887290,1
extreme_008,Extreme,OpenMP,8,4,0.079380756,1
extreme_008,Extreme,OpenMP,8,5,0.075617840,1
extreme_008,Extreme,OpenMP,16,1,0.019728504,1
extreme_008,Extreme,OpenMP,16,2,0.034038402,1
extreme_008,Extreme,OpenMP,16,3,0.033911014,1
extreme_008,Extreme,OpenMP,16,4,0.034201056,1
extreme_008,Extreme,OpenMP,16,5,0.034270683,1
extreme_009,Extreme,Serial,1,1,1.223660724,1
extreme_009,Extreme,Serial,1,2,0.874726612,1
extreme_009,Extreme,Serial,1,3,0.875875723,1
extreme_009,Extreme,Serial,1,4,0.874559845,1
extreme_009,Extreme,Serial,1,5,0.875124277,1
extreme_009,Extreme,Serial-MRV,1,1,0.471619106,1
extreme_009,Extreme,Serial-MRV,1,2,0.466035093,1
extreme_009,Extreme,Serial-MRV,1,3,0.465930315,1
extreme_009,Extreme,Serial-MRV,1,4,0.465243156,1
extreme_009,Extreme,Serial-MRV,1,5,0.466237215,1
extreme_009,Extreme,DLX,1,1,0.000163288,1
extreme_009,Extreme,DLX,1,2,0.000123343,1
extreme_009,Extreme,DLX,1,3,0.000121606,1
extreme_009,Extreme,DLX,1,4,0.000126333,1
extreme_009,Extreme,DLX,1,5,0.000121633,1
extreme_009,Extreme,DLX-OMP,4,1,0.000919328,1
extreme_009,Extreme,DLX-OMP,4,2,0.000679084,1
extreme_009,Extreme,DLX-OMP,4,3,0.000654261,1
extreme_009,Extreme,DLX-OMP,4,4,0.000527526,1
extreme_009,Extreme,DLX-OMP,4,5,0.000644794,1
extreme_009,Extreme,DLX-OMP,8,1,0.000679601,1
extreme_009,Extreme,DLX-OMP,8,2,0.000719937,1
extreme_009,Extreme,DLX-OMP,8,3,0.000669091,1
extreme_009,Extreme,DLX-OMP,8,4,0.000521028,1
extreme_009,Extreme,DLX-OMP,8,5,0.000548272,1
extreme_009,Extreme,DLX-OMP,16,1,0.001987776,1
extreme_009,Extreme,DLX-OMP,16,2,0.000535341,1
extreme_009,Extreme,DLX-OMP,16,3,0.000558161,1
extreme_009,Extreme,DLX-OMP,16,4,0.000528082,1
extreme_009,Extreme,DLX-OMP,16,5,0.000717194,1
extreme_009,Extreme,OpenMP,4,1,0.352652182,1
extreme_009,Extreme,OpenMP,4,2,0.330904632,1
extreme_009,Extreme,OpenMP,4,3,0.270857907,1
extreme_009,Extreme,OpenMP,4,4,0.264157956,1
extreme_009,Extreme,OpenMP,4,5,0.192824568,1
extreme_009,Extreme,OpenMP,8,1,0.183824650,1
extreme_009,Extreme,OpenMP,8,2,0.243569286,1
extreme_009,Extreme,OpenMP,8,3,0.249133317,1
extreme_009,Extreme,OpenMP,8,4,0.258433920,1
extreme_009,Extreme,OpenMP,8,5,0.255116122,1
extreme_009,Extreme,OpenMP,16,1,0.195181182,1
extreme_009,Extreme,OpenMP,16,2,0.276146196,1
extreme_009,Extreme,OpenMP,16,3,0.265343997,1
extreme_009,Extreme,OpenMP,16,4,0.258544537,1
extreme_009,Extreme,OpenMP,16,5,0.244746743,1
extreme_010,Extreme,Serial,1,1,0.300335835,1
extreme_010,Extreme,Serial,1,2,0.232214047,1
extreme_010,Extreme,Serial,1,3,0.231827727,1
extreme_010,Extreme,Serial,1,4,0.189945952,1
extreme_010,Extreme,Serial,1,5,0.162338769,1
extreme_010,Extreme,Serial-MRV,1,1,0.519252256,1
extreme_010,Extreme,Serial-MRV,1,2,0.518045705,1
extreme_010,Extreme,Serial-MRV,1,3,0.518630377,1
extreme_010,Extreme,Serial-MRV,1,4,0.518254234,1
extreme_010,Extreme,Serial-MRV,1,5,0.518187677,1
extreme_010,Extreme,DLX,1,1,0.000191589,1
extreme_010,Extreme,DLX,1,2,0.000117977,1
extreme_010,Extreme,DLX,1,3,0.000117827,1
extreme_010,Extreme,DLX,1,4,0.000116838,1
extreme_010,Extreme,DLX,1,5,0.000116402,1
extreme_010,Extreme,DLX-OMP,4,1,0.000827633,1
extreme_010,Extreme,DLX-OMP,4,2,0.000718846,1
extreme_010,Extreme,DLX-OMP,4,3,0.000552007,1
extreme_010,Extreme,DLX-OMP,4,4,0.001041822,1
extreme_010,Extreme,DLX-OMP,4,5,0.000503437,1
extreme_010,Extreme,DLX-OMP,8,1,0.000704399,1
extreme_010,Extreme,DLX-OMP,8,2,0.000701292,1
extreme_010,Extreme,DLX-OMP,8,3,0.000641333,1
extreme_010,Extreme,DLX-OMP,8,4,0.000634442,1
extreme_010,Extreme,DLX-OMP,8,5,0.000509267,1
extreme_010,Extreme,DLX-OMP,16,1,0.001796199,1
extreme_010,Extreme,DLX-OMP,16,2,0.000583019,1
extreme_010,Extreme,DLX-OMP,16,3,0.000510038,1
extreme_010,Extreme,DLX-OMP,16,4,0.000540681,1
extreme_010,Extreme,DLX-OMP,16,5,0.000535211,1
extreme_010,Extreme,OpenMP,4,1,0.016908311,1
extreme_010,Extreme,OpenMP,4,2,0.222656406,1
extreme_010,Extreme,OpenMP,4,3,0.217391025,1
extreme_010,Extreme,OpenMP,4,4,0.052318498,1
extreme_010,Extreme,OpenMP,4,5,0.159008479,1
extreme_010,Extreme,OpenMP,8,1,0.017066926,1
extreme_010,Extreme,OpenMP,8,2,0.027955750,1
extreme_010,Extreme,OpenMP,8,3,0.007470614,1
extreme_010,Extreme,OpenMP,8,4,0.016234366,1
extreme_010,Extreme,OpenMP,8,5,0.062656432,1
extreme_010,Extreme,OpenMP,16,1,0.010325348,1
extreme_010,Extreme,OpenMP,16,2,0.009847234,1
extreme_010,Extreme,OpenMP,16,3,0.008188616,1
extreme_010,Extreme,OpenMP,16,4,0.009628368,1
extreme_010,Extreme,OpenMP,16,5,0.009691329,1
extreme_011,Extreme,Serial,1,1,0.607516397,1
extreme_011,Extreme,Serial,1,2,0.491375671,1
extreme_011,Extreme,Serial,1,3,0.420942478,1
extreme_011,Extreme,Serial,1,4,0.420449856,1
extreme_011,Extreme,Serial,1,5,0.420966143,1
extreme_011,Extreme,Serial-MRV,1,1,0.572712653,1
extreme_011,Extreme,Serial-MRV,1,2,0.568134638,1
extreme_011,Extreme,Serial-MRV,1,3,0.568692106,1
extreme_011,Extreme,Serial-MRV,1,4,0.568450630,1
extreme_011,Extreme,Serial-MRV,1,5,0.567805428,1
extreme_011,Extreme,DLX,1,1,0.000268061,1
extreme_011,Extreme,DLX,1,2,0.000204386,1
extreme_011,Extreme,DLX,1,3,0.000202955,1
extreme_011,Extreme,DLX,1,4,0.000207003,1
extreme_011,Extreme,DLX,1,5,0.000201497,1
extreme_011,Extreme,DLX-OMP,4,1,0.000609441,1
extreme_011,Extreme,DLX-OMP,4,2,0.000850372,1
extreme_011,Extreme,DLX-OMP,4,3,0.000758495,1
extreme_011,Extreme,DLX-OMP,4,4,0.001068961,1
extreme_011,Extreme,DLX-OMP,4,5,0.000662251,1
extreme_011,Extreme,DLX-OMP,8,1,0.000768121,1
extreme_011,Extreme,DLX-OMP,8,2,0.000636591,1
extreme_011,Extreme,DLX-OMP,8,3,0.000791782,1
extreme_011,Extreme,DLX-OMP,8,4,0.000643454,1
extreme_011,Extreme,DLX-OMP,8,5,0.000849107,1
extreme_011,Extreme,DLX-OMP,16,1,0.002191823,1
extreme_011,Extreme,DLX-OMP,16,2,0.000801103,1
extreme_011,Extreme,DLX-OMP,16,3,0.000388157,1
extreme_011,Extreme,DLX-OMP,16,4,0.000830986,1
extreme_011,Extreme,DLX-OMP,16,5,0.000655600,1
extreme_011,Extreme,OpenMP,4,1,0.175171668,1
extreme_011,Extreme,OpenMP,4,2,0.183158504,1
extreme_011,Extreme,OpenMP,4,3,0.123386348,1
extreme_011,Extreme,OpenMP,4,4,0.125159923,1
extreme_011,Extreme,OpenMP,4,5,0.096137223,1
extreme_011,Extreme,OpenMP,8,1,0.083224217,1
extreme_011,Extreme,OpenMP,8,2,0.108925159,1
extreme_011,Extreme,OpenMP,8,3,0.085717126,1
extreme_011,Extreme,OpenMP,8,4,0.087547684,1
extreme_011,Extreme,OpenMP,8,5,0.077322125,1
extreme_011,Extreme,OpenMP,16,1,0.191156202,1
extreme_011,Extreme,OpenMP,16,2,0.175291558,1
extreme_011,Extreme,OpenMP,16,3,0.194534633,1
extreme_011,Extreme,OpenMP,16,4,0.110852622,1
extreme_011,Extreme,OpenMP,16,5,0.182904854,1
extreme_012,Extreme,Serial,1,1,2.275457601,1
extreme_012,Extreme,Serial,1,2,1.904806989,1
extreme_012,Extreme,Serial,1,3,1.904306091,1
extreme_012,Extreme,Serial,1,4,1.903576250,1
extreme_012,Extreme,Serial,1,5,1.904076321,1
extreme_012,Extreme,Serial-MRV,1,1,0.420085489,1
extreme_012,Extreme,Serial-MRV,1,2,0.419400553,1
extreme_012,Extreme,Serial-MRV,1,3,0.419895105,1
extreme_012,Extreme,Serial-MRV,1,4,0.419391045,1
extreme_012,Extreme,Serial-MRV,1,5,0.420014219,1
extreme_012,Extreme,DLX,1,1,0.000159265,1
extreme_012,Extreme,DLX,1,2,0.000118594,1
extreme_012,Extreme,DLX,1,3,0.000118194,1
extreme_012,Extreme,DLX,1,4,0.000117573,1
extreme_012,Extreme,DLX,1,5,0.000121562,1
extreme_012,Extreme,DLX-OMP,4,1,0.000903256,1
extreme_012,Extreme,DLX-OMP,4,2,0.000710890,1
extreme_012,Extreme,DLX-OMP,4,3,0.000519983,1
extreme_012,Extreme,DLX-OMP,4,4,0.000635333,1
extreme_012,Extreme,DLX-OMP,4,5,0.000514701,1
extreme_012,Extreme,DLX-OMP,8,1,0.000708665,1
extreme_012,Extreme,DLX-OMP,8,2,0.000644400,1
extreme_012,Extreme,DLX-OMP,8,3,0.000562766,1
extreme_012,Extreme,DLX-OMP,8,4,0.000535932,1
extreme_012,Extreme,DLX-OMP,8,5,0.000517621,1
extreme_012,Extreme,DLX-OMP,16,1,0.001625612,1
extreme_012,Extreme,DLX-OMP,16,2,0.000516917,1
extreme_012,Extreme,DLX-OMP,16,3,0.000737027,1
extreme_012,Extreme,DLX-OMP,16,4,0.000538538,1
extreme_012,Extreme,DLX-OMP,16,5,0.000656481,1
extreme_012,Extreme,OpenMP,4,1,0.404117775,1
extreme_012,Extreme,OpenMP,4,2,0.386009843,1
extreme_012,Extreme,OpenMP,4,3,0.299043929,1
extreme_012,Extreme,OpenMP,4,4,0.300857643,1
extreme_012,Extreme,OpenMP,4,5,0.268431457,1
extreme_012,Extreme,OpenMP,8,1,0.371638536,1
extreme_012,Extreme,OpenMP,8,2,0.303212341,1
extreme_012,Extreme,OpenMP,8,3,0.321116684,1
extreme_012,Extreme,OpenMP,8,4,0.303081227,1
extreme_012,Extreme,OpenMP,8,5,0.363292969,1
extreme_012,Extreme,OpenMP,16,1,0.373012564,1
extreme_012,Extreme,OpenMP,16,2,0.301927650,1
extreme_012,Extreme,OpenMP,16,3,0.257963350,1
extreme_012,Extreme,OpenMP,16,4,0.400883503,1
extreme_012,Extreme,OpenMP,16,5,0.442947135,1
extreme_013,Extreme,Serial,1,1,0.714287143,1
extreme_013,Extreme,Serial,1,2,0.475217829,1
extreme_013,Extreme,Serial,1,3,0.461031742,1
extreme_013,Extreme,Serial,1,4,0.461611308,1
extreme_013,Extreme,Serial,1,5,0.461105153,1
extreme_013,Extreme,Serial-MRV,1,1,0.224537449,1
extreme_013,Extreme,Serial-MRV,1,2,0.221836199,1
extreme_013,Extreme,Serial-MRV,1,3,0.221426578,1
extreme_013,Extreme,Serial-MRV,1,4,0.221841965,1
extreme_013,Extreme,Serial-MRV,1,5,0.221855956,1
extreme_013,Extreme,DLX,1,1,0.000183171,1
extreme_013,Extreme,DLX,1,2,0.000126700,1
extreme_013,Extreme,DLX,1,3,0.000125268,1
extreme_013,Extreme,DLX,1,4,0.000124628,1
extreme_013,Extreme,DLX,1,5,0.000124024,1
extreme_013,Extreme,DLX-OMP,4,1,0.000871054,1
extreme_013,Extreme,DLX-OMP,4,2,0.000709408,1
extreme_013,Extreme,DLX-OMP,4,3,0.000536870,1
extreme_013,Extreme,DLX-OMP,4,4,0.000642434,1
extreme_013,Extreme,DLX-OMP,4,5,0.000530165,1
extreme_013,Extreme,DLX-OMP,8,1,0.000729114,1
extreme_013,Extreme,DLX-OMP,8,2,0.000673874,1
extreme_013,Extreme,DLX-OMP,8,3,0.000487295,1
extreme_013,Extreme,DLX-OMP,8,4,0.000522492,1
extreme_013,Extreme,DLX-OMP,8,5,0.000773703,1
extreme_013,Extreme,DLX-OMP,16,1,0.000876471,1
extreme_013,Extreme,DLX-OMP,16,2,0.000704426,1
extreme_013,Extreme,DLX-OMP,16,3,0.000537560,1
extreme_013,Extreme,DLX-OMP,16,4,0.000410103,1
extreme_013,Extreme,DLX-OMP,16,5,0.000381677,1
extreme_013,Extreme,OpenMP,4,1,0.007533254,1
extreme_013,Extreme,OpenMP,4,2,0.007559650,1
extreme_013,Extreme,OpenMP,4,3,0.007486299,1
extreme_013,Extreme,OpenMP,4,4,0.007446367,1
extreme_013,Extreme,OpenMP,4,5,0.007507564,1
extreme_013,Extreme,OpenMP,8,1,0.007704855,1
extreme_013,Extreme,OpenMP,8,2,0.007464097,1
extreme_013,Extreme,OpenMP,8,3,0.007629054,1
extreme_013,Extreme,OpenMP,8,4,0.007850419,1
extreme_013,Extreme,OpenMP,8,5,0.007536147,1
extreme_013,Extreme,OpenMP,16,1,0.007936819,1
extreme_013,Extreme,OpenMP,16,2,0.007681411,1
extreme_013,Extreme,OpenMP,16,3,0.007603188,1
extreme_013,Extreme,OpenMP,16,4,0.007589194,1
extreme_013,Extreme,OpenMP,16,5,0.007527888,1
extreme_014,Extreme,Serial,1,1,0.042202461,1
extreme_014,Extreme,Serial,1,2,0.042804979,1
extreme_014,Extreme,Serial,1,3,0.042056416,1
extreme_014,Extreme,Serial,1,4,0.042049311,1
extreme_014,Extreme,Serial,1,5,0.038903245,1
extreme_014,Extreme,Serial-MRV,1,1,0.254362188,1
extreme_014,Extreme,Serial-MRV,1,2,0.254351697,1
extreme_014,Extreme,Serial-MRV,1,3,0.258189698,1
extreme_014,Extreme,Serial-MRV,1,4,0.187863682,1
extreme_014,Extreme,Serial-MRV,1,5,0.178387158,1
extreme_014,Extreme,DLX,1,1,0.000139012,1
extreme_014,Extreme,DLX,1,2,0.000160797,1
extreme_014,Extreme,DLX,1,3,0.000165961,1
extreme_014,Extreme,DLX,1,4,0.000130721,1
extreme_014,Extreme,DLX,1,5,0.000144482,1
extreme_014,Extreme,DLX-OMP,4,1,0.000594882,1
extreme_014,Extreme,DLX-OMP,4,2,0.000288550,1
extreme_014,Extreme,DLX-OMP,4,3,0.000257751,1
extreme_014,Extreme,DLX-OMP,4,4,0.000422745,1
extreme_014,Extreme,DLX-OMP,4,5,0.000438320,1
extreme_014,Extreme,DLX-OMP,8,1,0.000545946,1
extreme_014,Extreme,DLX-OMP,8,2,0.000254309,1
extreme_014,Extreme,DLX-OMP,8,3,0.000239352,1
extreme_014,Extreme,DLX-OMP,8,4,0.000567881,1
extreme_014,Extreme,DLX-OMP,8,5,0.000240069,1
extreme_014,Extreme,DLX-OMP,16,1,0.001406495,1
extreme_014,Extreme,DLX-OMP,16,2,0.000415514,1
extreme_014,Extreme,DLX-OMP,16,3,0.000410124,1
extreme_014,Extreme,DLX-OMP,16,4,0.000596532,1
extreme_014,Extreme,DLX-OMP,16,5,0.000586179,1
extreme_014,Extreme,OpenMP,4,1,0.359913570,1
extreme_014,Extreme,OpenMP,4,2,0.361870490,1
extreme_014,Extreme,OpenMP,4,3,0.313986571,1
extreme_014,Extreme,OpenMP,4,4,0.340305175,1
extreme_014,Extreme,OpenMP,4,5,0.358663377,1
extreme_014,Extreme,OpenMP,8,1,0.261394531,1
extreme_014,Extreme,OpenMP,8,2,0.261201316,1
extreme_014,Extreme,OpenMP,8,3,0.352506257,1
extreme_014,Extreme,OpenMP,8,4,0.361869368,1
extreme_014,Extreme,OpenMP,8,5,0.317958890,1
extreme_014,Extreme,OpenMP,16,1,0.261705191,1
extreme_014,Extreme,OpenMP,16,2,0.333465118,1
extreme_014,Extreme,OpenMP,16,3,0.257324857,1
extreme_014,Extreme,OpenMP,16,4,0.349392228,1
extreme_014,Extreme,OpenMP,16,5,0.261469868,1
extreme_015,Extreme,Serial,1,1,0.087523566,1
extreme_015,Extreme,Serial,1,2,0.087770538,1
extreme_015,Extreme,Serial,1,3,0.071406187,1
extreme_015,Extreme,Serial,1,4,0.049846447,1
extreme_015,Extreme,Serial,1,5,0.049805681,1
extreme_015,Extreme,Serial-MRV,1,1,0.270285808,1
extreme_015,Extreme,Serial-MRV,1,2,0.269321528,1
extreme_015,Extreme,Serial-MRV,1,3,0.204362251,1
extreme_015,Extreme,Serial-MRV,1,4,0.186643565,1
extreme_015,Extreme,Serial-MRV,1,5,0.186093257,1
extreme_015,Extreme,DLX,1,1,0.000211493,1
extreme_015,Extreme,DLX,1,2,0.000207328,1
extreme_015,Extreme,DLX,1,3,0.000179839,1
extreme_015,Extreme,DLX,1,4,0.000179731,1
extreme_015,Extreme,DLX,1,5,0.000182966,1
extreme_015,Extreme,DLX-OMP,4,1,0.000466417,1
extreme_015,Extreme,DLX-OMP,4,2,0.000391538,1
extreme_015,Extreme,DLX-OMP,4,3,0.000621059,1
extreme_015,Extreme,DLX-OMP,4,4,0.000302188,1
extreme_015,Extreme,DLX-OMP,4,5,0.000576937,1
extreme_015,Extreme,DLX-OMP,8,1,0.000833287,1
extreme_015,Extreme,DLX-OMP,8,2,0.000303769,1
extreme_015,Extreme,DLX-OMP,8,3,0.000585964,1
extreme_015,Extreme,DLX-OMP,8,4,0.000542945,1
extreme_015,Extreme,DLX-OMP,8,5,0.000586539,1
extreme_015,Extreme,DLX-OMP,16,1,0.001899349,1
extreme_015,Extreme,DLX-OMP,16,2,0.000361990,1
extreme_015,Extreme,DLX-OMP,16,3,0.000743956,1
extreme_015,Extreme,DLX-OMP,16,4,0.000788089,1
extreme_015,Extreme,DLX-OMP,16,5,0.000589760,1
extreme_015,Extreme,OpenMP,4,1,0.101498798,1
extreme_015,Extreme,OpenMP,4,2,0.041723446,1
extreme_015,Extreme,OpenMP,4,3,0.070938454,1
extreme_015,Extreme,OpenMP,4,4,0.069938073,1
extreme_015,Extreme,OpenMP,4,5,0.069580355,1
extreme_015,Extreme,OpenMP,8,1,0.042039608,1
extreme_015,Extreme,OpenMP,8,2,0.041680124,1
extreme_015,Extreme,OpenMP,8,3,0.041760788,1
extreme_015,Extreme,OpenMP,8,4,0.041809625,1
extreme_015,Extreme,OpenMP,8,5,0.046828371,1
extreme_015,Extreme,OpenMP,16,1,0.041964948,1
extreme_015,Extreme,OpenMP,16,2,0.042269287,1
extreme_015,Extreme,OpenMP,16,3,0.041876978,1
extreme_015,Extreme,OpenMP,16,4,0.042439527,1
extreme_015,Extreme,OpenMP,16,5,0.042141932,1
extreme_016,Extreme,Serial,1,1,0.159521842,1
extreme_016,Extreme,Serial,1,2,0.117707672,1
extreme_016,Extreme,Serial,1,3,0.090981088,1
extreme_016,Extreme,Serial,1,4,0.090553242,1
extreme_016,Extreme,Serial,1,5,0.090892128,1
extreme_016,Extreme,Serial-MRV,1,1,0.314210504,1
extreme_016,Extreme,Serial-MRV,1,2,0.270591325,1
extreme_016,Extreme,Serial-MRV,1,3,0.219931069,1
extreme_016,Extreme,Serial-MRV,1,4,0.219491932,1
extreme_016,Extreme,Serial-MRV,1,5,0.219917416,1
extreme_016,Extreme,DLX,1,1,0.000416301,1
extreme_016,Extreme,DLX,1,2,0.000356410,1
extreme_016,Extreme,DLX,1,3,0.000358796,1
extreme_016,Extreme,DLX,1,4,0.000352084,1
extreme_016,Extreme,DLX,1,5,0.000351545,1
extreme_016,Extreme,DLX-OMP,4,1,0.000895876,1
extreme_016,Extreme,DLX-OMP,4,2,0.000584938,1
extreme_016,Extreme,DLX-OMP,4,3,0.001141433,1
extreme_016,Extreme,DLX-OMP,4,4,0.001009037,1
extreme_016,Extreme,DLX-OMP,4,5,0.000512160,1
extreme_016,Extreme,DLX-OMP,8,1,0.001255069,1
extreme_016,Extreme,DLX-OMP,8,2,0.000541512,1
extreme_016,Extreme,DLX-OMP,8,3,0.001188830,1
extreme_016,Extreme,DLX-OMP,8,4,0.000530755,1
extreme_016,Extreme,DLX-OMP,8,5,0.001198208,1
extreme_016,Extreme,DLX-OMP,16,1,0.001830310,1
extreme_016,Extreme,DLX-OMP,16,2,0.001219456,1
extreme_016,Extreme,DLX-OMP,16,3,0.001036157,1
extreme_016,Extreme,DLX-OMP,16,4,0.001188033,1
extreme_016,Extreme,DLX-OMP,16,5,0.001039554,1
extreme_016,Extreme,OpenMP,4,1,0.087748042,1
extreme_016,Extreme,OpenMP,4,2,0.038516946,1
extreme_016,Extreme,OpenMP,4,3,0.086779885,1
extreme_016,Extreme,OpenMP,4,4,0.049559425,1
extreme_016,Extreme,OpenMP,4,5,0.038037759,1
extreme_016,Extreme,OpenMP,8,1,0.046821118,1
extreme_016,Extreme,OpenMP,8,2,0.046782064,1
extreme_016,Extreme,OpenMP,8,3,0.047163319,1
extreme_016,Extreme,OpenMP,8,4,0.047087199,1
extreme_016,Extreme,OpenMP,8,5,0.047224137,1
extreme_016,Extreme,OpenMP,16,1,0.048598005,1
extreme_016,Extreme,OpenMP,16,2,0.027350711,1
extreme_016,Extreme,OpenMP,16,3,0.047373540,1
extreme_016,Extreme,OpenMP,16,4,0.047347900,1
extreme_016,Extreme,OpenMP,16,5,0.047248839,1
extreme_017,Extreme,Serial,1,1,0.377971588,1
extreme_017,Extreme,Serial,1,2,0.311757592,1
extreme_017,Extreme,Serial,1,3,0.296604156,1
extreme_017,Extreme,Serial,1,4,0.219692382,1
extreme_017,Extreme,Serial,1,5,0.238186077,1
extreme_017,Extreme,Serial-MRV,1,1,0.230255158,1
extreme_017,Extreme,Serial-MRV,1,2,0.186124346,1
extreme_017,Extreme,Serial-MRV,1,3,0.186595996,1
extreme_017,Extreme,Serial-MRV,1,4,0.186196461,1
extreme_017,Extreme,Serial-MRV,1,5,0.187390726,1
extreme_017,Extreme,DLX,1,1,0.000128576,1
extreme_017,Extreme,DLX,1,2,0.000124792,1
extreme_017,Extreme,DLX,1,3,0.000128224,1
extreme_017,Extreme,DLX,1,4,0.000123523,1
extreme_017,Extreme,DLX,1,5,0.000123611,1
extreme_017,Extreme,DLX-OMP,4,1,0.000368183,1
extreme_017,Extreme,DLX-OMP,4,2,0.000354755,1
extreme_017,Extreme,DLX-OMP,4,3,0.000458471,1
extreme_017,Extreme,DLX-OMP,4,4,0.000243425,1
extreme_017,Extreme,DLX-OMP,4,5,0.000423458,1
extreme_017,Extreme,DLX-OMP,8,1,0.000693650,1
extreme_017,Extreme,DLX-OMP,8,2,0.000420635,1
extreme_017,Extreme,DLX-OMP,8,3,0.000236759,1
extreme_017,Extreme,DLX-OMP,8,4,0.000436927,1
extreme_017,Extreme,DLX-OMP,8,5,0.000610245,1
extreme_017,Extreme,DLX-OMP,16,1,0.001319564,1
extreme_017,Extreme,DLX-OMP,16,2,0.000426984,1
extreme_017,Extreme,DLX-OMP,16,3,0.000583779,1
extreme_017,Extreme,DLX-OMP,16,4,0.000423042,1
extreme_017,Extreme,DLX-OMP,16,5,0.000456387,1
extreme_017,Extreme,OpenMP,4,1,0.159111610,1
extreme_017,Extreme,OpenMP,4,2,0.157907646,1
extreme_017,Extreme,OpenMP,4,3,0.157389593,1
extreme_017,Extreme,OpenMP,4,4,0.092043348,1
extreme_017,Extreme,OpenMP,4,5,0.157544122,1
extreme_017,Extreme,OpenMP,8,1,0.125420134,1
extreme_017,Extreme,OpenMP,8,2,0.144847881,1
extreme_017,Extreme,OpenMP,8,3,0.157909015,1
extreme_017,Extreme,OpenMP,8,4,0.158122732,1
extreme_017,Extreme,OpenMP,8,5,0.158244880,1
extreme_017,Extreme,OpenMP,16,1,0.148727113,1
extreme_017,Extreme,OpenMP,16,2,0.091671444,1
extreme_017,Extreme,OpenMP,16,3,0.151644619,1
extreme_017,Extreme,OpenMP,16,4,0.158077804,1
extreme_017,Extreme,OpenMP,16,5,0.158203849,1
extreme_018,Extreme,Serial,1,1,0.142885354,1
extreme_018,Extreme,Serial,1,2,0.095664554,1
extreme_018,Extreme,Serial,1,3,0.082226330,1
extreme_018,Extreme,Serial,1,4,0.081815584,1
extreme_018,Extreme,Serial,1,5,0.082160480,1
extreme_018,Extreme,Serial-MRV,1,1,0.324612327,1
extreme_018,Extreme,Serial-MRV,1,2,0.273088244,1
extreme_018,Extreme,Serial-MRV,1,3,0.226055138,1
extreme_018,Extreme,Serial-MRV,1,4,0.223578871,1
extreme_018,Extreme,Serial-MRV,1,5,0.226123854,1
extreme_018,Extreme,DLX,1,1,0.000179579,1
extreme_018,Extreme,DLX,1,2,0.000175983,1
extreme_018,Extreme,DLX,1,3,0.000174438,1
extreme_018,Extreme,DLX,1,4,0.000173923,1
extreme_018,Extreme,DLX,1,5,0.000178354,1
extreme_018,Extreme,DLX-OMP,4,1,0.000435067,1
extreme_018,Extreme,DLX-OMP,4,2,0.000435873,1
extreme_018,Extreme,DLX-OMP,4,3,0.000589838,1
extreme_018,Extreme,DLX-OMP,4,4,0.000566911,1
extreme_018,Extreme,DLX-OMP,4,5,0.000328467,1
extreme_018,Extreme,DLX-OMP,8,1,0.000841950,1
extreme_018,Extreme,DLX-OMP,8,2,0.000564032,1
extreme_018,Extreme,DLX-OMP,8,3,0.000366880,1
extreme_018,Extreme,DLX-OMP,8,4,0.000295987,1
extreme_018,Extreme,DLX-OMP,8,5,0.000331612,1
extreme_018,Extreme,DLX-OMP,16,1,0.001365933,1
extreme_018,Extreme,DLX-OMP,16,2,0.000727404,1
extreme_018,Extreme,DLX-OMP,16,3,0.000562074,1
extreme_018,Extreme,DLX-OMP,16,4,0.000603407,1
extreme_018,Extreme,DLX-OMP,16,5,0.000348510,1
extreme_018,Extreme,OpenMP,4,1,0.101912715,1
extreme_018,Extreme,OpenMP,4,2,0.091965960,1
extreme_018,Extreme,OpenMP,4,3,0.116349788,1
extreme_018,Extreme,OpenMP,4,4,0.092793177,1
extreme_018,Extreme,OpenMP,4,5,0.132037800,1
extreme_018,Extreme,OpenMP,8,1,0.069016923,1
extreme_018,Extreme,OpenMP,8,2,0.106632875,1
extreme_018,Extreme,OpenMP,8,3,0.117498204,1
extreme_018,Extreme,OpenMP,8,4,0.114029673,1
extreme_018,Extreme,OpenMP,8,5,0.120744866,1
extreme_018,Extreme,OpenMP,16,1,0.102405957,1
extreme_018,Extreme,OpenMP,16,2,0.107030089,1
extreme_018,Extreme,OpenMP,16,3,0.107476924,1
extreme_018,Extreme,OpenMP,16,4,0.107469893,1
extreme_018,Extreme,OpenMP,16,5,0.107571724,1
extreme_019,Extreme,Serial,1,1,0.232884426,1
extreme_019,Extreme,Serial,1,2,0.152563811,1
extreme_019,Extreme,Serial,1,3,0.152498530,1
extreme_019,Extreme,Serial,1,4,0.152813850,1
extreme_019,Extreme,Serial,1,5,0.152482389,1
extreme_019,Extreme,Serial-MRV,1,1,0.263344540,1
extreme_019,Extreme,Serial-MRV,1,2,0.191679971,1
extreme_019,Extreme,Serial-MRV,1,3,0.192062578,1
extreme_019,Extreme,Serial-MRV,1,4,0.191622701,1
extreme_019,Extreme,Serial-MRV,1,5,0.192138347,1
extreme_019,Extreme,DLX,1,1,0.000120396,1
extreme_019,Extreme,DLX,1,2,0.000117258,1
extreme_019,Extreme,DLX,1,3,0.000115613,1
extreme_019,Extreme,DLX,1,4,0.000119531,1
extreme_019,Extreme,DLX,1,5,0.000115270,1
extreme_019,Extreme,DLX-OMP,4,1,0.000320342,1
extreme_019,Extreme,DLX-OMP,4,2,0.000487029,1
extreme_019,Extreme,DLX-OMP,4,3,0.000289307,1
extreme_019,Extreme,DLX-OMP,4,4,0.000391112,1
extreme_019,Extreme,DLX-OMP,4,5,0.000397835,1
extreme_019,Extreme,DLX-OMP,8,1,0.000653929,1
extreme_019,Extreme,DLX-OMP,8,2,0.000437313,1
extreme_019,Extreme,DLX-OMP,8,3,0.000542350,1
extreme_019,Extreme,DLX-OMP,8,4,0.000291231,1
extreme_019,Extreme,DLX-OMP,8,5,0.000431868,1
extreme_019,Extreme,DLX-OMP,16,1,0.001417684,1
extreme_019,Extreme,DLX-OMP,16,2,0.000425151,1
extreme_019,Extreme,DLX-OMP,16,3,0.000273306,1
extreme_019,Extreme,DLX-OMP,16,4,0.000441112,1
extreme_019,Extreme,DLX-OMP,16,5,0.000404288,1
extreme_019,Extreme,OpenMP,4,1,0.088215161,1
extreme_019,Extreme,OpenMP,4,2,0.085728220,1
extreme_019,Extreme,OpenMP,4,3,0.055158288,1
extreme_019,Extreme,OpenMP,4,4,0.086452327,1
extreme_019,Extreme,OpenMP,4,5,0.054617026,1
extreme_019,Extreme,OpenMP,8,1,0.055085390,1
extreme_019,Extreme,OpenMP,8,2,0.055000473,1
extreme_019,Extreme,OpenMP,8,3,0.034706351,1
extreme_019,Extreme,OpenMP,8,4,0.034799665,1
extreme_019,Extreme,OpenMP,8,5,0.055309004,1
extreme_019,Extreme,OpenMP,16,1,0.042067503,1
extreme_019,Extreme,OpenMP,16,2,0.055639616,1
extreme_019,Extreme,OpenMP,16,3,0.055302704,1
extreme_019,Extreme,OpenMP,16,4,0.055640042,1
extreme_019,Extreme,OpenMP,16,5,0.032255482,1
extreme_020,Extreme,Serial,1,1,0.062777163,1
extreme_020,Extreme,Serial,1,2,0.063692234,1
extreme_020,Extreme,Serial,1,3,0.063335120,1
extreme_020,Extreme,Serial,1,4,0.043721561,1
extreme_020,Extreme,Serial,1,5,0.036103397,1
extreme_020,Extreme,Serial-MRV,1,1,0.336551146,1
extreme_020,Extreme,Serial-MRV,1,2,0.325335051,1
extreme_020,Extreme,Serial-MRV,1,3,0.232306657,1
extreme_020,Extreme,Serial-MRV,1,4,0.235460199,1
extreme_020,Extreme,Serial-MRV,1,5,0.232979647,1
extreme_020,Extreme,DLX,1,1,0.000181243,1
extreme_020,Extreme,DLX,1,2,0.000180558,1
extreme_020,Extreme,DLX,1,3,0.000172929,1
extreme_020,Extreme,DLX,1,4,0.000172142,1
extreme_020,Extreme,DLX,1,5,0.000171308,1
extreme_020,Extreme,DLX-OMP,4,1,0.000405550,1
extreme_020,Extreme,DLX-OMP,4,2,0.000618591,1
extreme_020,Extreme,DLX-OMP,4,3,0.000565438,1
extreme_020,Extreme,DLX-OMP,4,4,0.000572738,1
extreme_020,Extreme,DLX-OMP,4,5,0.000331003,1
extreme_020,Extreme,DLX-OMP,8,1,0.000642053,1
extreme_020,Extreme,DLX-OMP,8,2,0.000383813,1
extreme_020,Extreme,DLX-OMP,8,3,0.000727132,1
extreme_020,Extreme,DLX-OMP,8,4,0.000545140,1
extreme_020,Extreme,DLX-OMP,8,5,0.000599825,1
extreme_020,Extreme,DLX-OMP,16,1,0.001490714,1
extreme_020,Extreme,DLX-OMP,16,2,0.000762242,1
extreme_020,Extreme,DLX-OMP,16,3,0.000758384,1
extreme_020,Extreme,DLX-OMP,16,4,0.000581750,1
extreme_020,Extreme,DLX-OMP,16,5,0.000572542,1
extreme_020,Extreme,OpenMP,4,1,0.116703782,1
extreme_020,Extreme,OpenMP,4,2,0.097207407,1
extreme_020,Extreme,OpenMP,4,3,0.068775499,1
extreme_020,Extreme,OpenMP,4,4,0.066725164,1
extreme_020,Extreme,OpenMP,4,5,0.080503306,1
extreme_020,Extreme,OpenMP,8,1,0.066853002,1
extreme_020,Extreme,OpenMP,8,2,0.066158789,1
extreme_020,Extreme,OpenMP,8,3,0.065614044,1
extreme_020,Extreme,OpenMP,8,4,0.091202724,1
extreme_020,Extreme,OpenMP,8,5,0.114907878,1
extreme_020,Extreme,OpenMP,16,1,0.110743716,1
extreme_020,Extreme,OpenMP,16,2,0.115164068,1
extreme_020,Extreme,OpenMP,16,3,0.115319745,1
extreme_020,Extreme,OpenMP,16,4,0.115392002,1
extreme_020,Extreme,OpenMP,16,5,0.115504248,1
extreme_021,Extreme,Serial,1,1,5.787670643,1
extreme_021,Extreme,Serial,1,2,5.565601704,1
extreme_021,Extreme,Serial,1,3,5.490554380,1
extreme_021,Extreme,Serial,1,4,5.491061792,1
extreme_021,Extreme,Serial,1,5,5.489961519,1
extreme_021,Extreme,Serial-MRV,1,1,0.256590300,1
extreme_021,Extreme,Serial-MRV,1,2,0.256650610,1
extreme_021,Extreme,Serial-MRV,1,3,0.311095925,1
extreme_021,Extreme,Serial-MRV,1,4,0.256556131,1
extreme_021,Extreme,Serial-MRV,1,5,0.257008005,1
extreme_021,Extreme,DLX,1,1,0.000338435,1
extreme_021,Extreme,DLX,1,2,0.000294979,1
extreme_021,Extreme,DLX,1,3,0.000292983,1
extreme_021,Extreme,DLX,1,4,0.000295334,1
extreme_021,Extreme,DLX,1,5,0.000291688,1
extreme_021,Extreme,DLX-OMP,4,1,0.001634796,1
extreme_021,Extreme,DLX-OMP,4,2,0.001008140,1
extreme_021,Extreme,DLX-OMP,4,3,0.001100636,1
extreme_021,Extreme,DLX-OMP,4,4,0.001113010,1
extreme_021,Extreme,DLX-OMP,4,5,0.001083530,1
extreme_021,Extreme,DLX-OMP,8,1,0.001084448,1
extreme_021,Extreme,DLX-OMP,8,2,0.000960188,1
extreme_021,Extreme,DLX-OMP,8,3,0.000976586,1
extreme_021,Extreme,DLX-OMP,8,4,0.000976337,1
extreme_021,Extreme,DLX-OMP,8,5,0.000959951,1
extreme_021,Extreme,DLX-OMP,16,1,0.002236864,1
extreme_021,Extreme,DLX-OMP,16,2,0.001015802,1
extreme_021,Extreme,DLX-OMP,16,3,0.001174825,1
extreme_021,Extreme,DLX-OMP,16,4,0.001135934,1
extreme_021,Extreme,DLX-OMP,16,5,0.001199654,1
extreme_021,Extreme,OpenMP,4,1,0.233780910,1
extreme_021,Extreme,OpenMP,4,2,0.136857601,1
extreme_021,Extreme,OpenMP,4,3,0.143464276,1
extreme_021,Extreme,OpenMP,4,4,0.134815952,1
extreme_021,Extreme,OpenMP,4,5,0.166797897,1
extreme_021,Extreme,OpenMP,8,1,0.202935302,1
extreme_021,Extreme,OpenMP,8,2,0.136832355,1
extreme_021,Extreme,OpenMP,8,3,0.218328411,1
extreme_021,Extreme,OpenMP,8,4,0.231490989,1
extreme_021,Extreme,OpenMP,8,5,0.236224663,1
extreme_021,Extreme,OpenMP,16,1,0.192332392,1
extreme_021,Extreme,OpenMP,16,2,0.216465331,1
extreme_021,Extreme,OpenMP,16,3,0.232272822,1
extreme_021,Extreme,OpenMP,16,4,0.186806279,1
extreme_021,Extreme,OpenMP,16,5,0.159833045,1
extreme_022,Extreme,Serial,1,1,0.097849257,1
extreme_022,Extreme,Serial,1,2,0.074955898,1
extreme_022,Extreme,Serial,1,3,0.054808952,1
extreme_022,Extreme,Serial,1,4,0.055109743,1
extreme_022,Extreme,Serial,1,5,0.054715808,1
extreme_022,Extreme,Serial-MRV,1,1,0.308454564,1
extreme_022,Extreme,Serial-MRV,1,2,0.265022034,1
extreme_022,Extreme,Serial-MRV,1,3,0.215448084,1
extreme_022,Extreme,Serial-MRV,1,4,0.215873939,1
extreme_022,Extreme,Serial-MRV,1,5,0.215925037,1
extreme_022,Extreme,DLX,1,1,0.000216892,1
extreme_022,Extreme,DLX,1,2,0.000185472,1
extreme_022,Extreme,DLX,1,3,0.000183931,1
extreme_022,Extreme,DLX,1,4,0.000182200,1
extreme_022,Extreme,DLX,1,5,0.000186033,1
extreme_022,Extreme,DLX-OMP,4,1,0.000428165,1
extreme_022,Extreme,DLX-OMP,4,2,0.000697442,1
extreme_022,Extreme,DLX-OMP,4,3,0.000644219,1
extreme_022,Extreme,DLX-OMP,4,4,0.000566275,1
extreme_022,Extreme,DLX-OMP,4,5,0.000552320,1
extreme_022,Extreme,DLX-OMP,8,1,0.000934146,1
extreme_022,Extreme,DLX-OMP,8,2,0.000378591,1
extreme_022,Extreme,DLX-OMP,8,3,0.000303512,1
extreme_022,Extreme,DLX-OMP,8,4,0.000598093,1
extreme_022,Extreme,DLX-OMP,8,5,0.000559469,1
extreme_022,Extreme,DLX-OMP,16,1,0.001410993,1
extreme_022,Extreme,DLX-OMP,16,2,0.000664666,1
extreme_022,Extreme,DLX-OMP,16,3,0.000739243,1
extreme_022,Extreme,DLX-OMP,16,4,0.000391190,1
extreme_022,Extreme,DLX-OMP,16,5,0.000730225,1
extreme_022,Extreme,OpenMP,4,1,0.155920426,1
extreme_022,Extreme,OpenMP,4,2,0.217529188,1
extreme_022,Extreme,OpenMP,4,3,0.129012732,1
extreme_022,Extreme,OpenMP,4,4,0.088213765,1
extreme_022,Extreme,OpenMP,4,5,0.088133027,1
extreme_022,Extreme,OpenMP,8,1,0.088912196,1
extreme_022,Extreme,OpenMP,8,2,0.112997479,1
extreme_022,Extreme,OpenMP,8,3,0.069424264,1
extreme_022,Extreme,OpenMP,8,4,0.088755653,1
extreme_022,Extreme,OpenMP,8,5,0.104281645,1
extreme_022,Extreme,OpenMP,16,1,0.090036319,1
extreme_022,Extreme,OpenMP,16,2,0.155711790,1
extreme_022,Extreme,OpenMP,16,3,0.155913254,1
extreme_022,Extreme,OpenMP,16,4,0.155587917,1
extreme_022,Extreme,OpenMP,16,5,0.088692498,1
extreme_023,Extreme,Serial,1,1,0.010159797,1
extreme_023,Extreme,Serial,1,2,0.008974476,1
extreme_023,Extreme,Serial,1,3,0.008970718,1
extreme_023,Extreme,Serial,1,4,0.009332029,1
extreme_023,Extreme,Serial,1,5,0.008950492,1
extreme_023,Extreme,Serial-MRV,1,1,0.358465711,1
extreme_023,Extreme,Serial-MRV,1,2,0.309286534,1
extreme_023,Extreme,Serial-MRV,1,3,0.269224254,1
extreme_023,Extreme,Serial-MRV,1,4,0.216719088,1
extreme_023,Extreme,Serial-MRV,1,5,0.216412591,1
extreme_023,Extreme,DLX,1,1,0.000233655,1
extreme_023,Extreme,DLX,1,2,0.000183095,1
extreme_023,Extreme,DLX,1,3,0.000185175,1
extreme_023,Extreme,DLX,1,4,0.000179610,1
extreme_023,Extreme,DLX,1,5,0.000179535,1
extreme_023,Extreme,DLX-OMP,4,1,0.001044630,1
extreme_023,Extreme,DLX-OMP,4,2,0.000368000,1
extreme_023,Extreme,DLX-OMP,4,3,0.000694532,1
extreme_023,Extreme,DLX-OMP,4,4,0.000548006,1
extreme_023,Extreme,DLX-OMP,4,5,0.000695235,1
extreme_023,Extreme,DLX-OMP,8,1,0.000797090,1
extreme_023,Extreme,DLX-OMP,8,2,0.000750855,1
extreme_023,Extreme,DLX-OMP,8,3,0.000303246,1
extreme_023,Extreme,DLX-OMP,8,4,0.000592010,1
extreme_023,Extreme,DLX-OMP,8,5,0.000553705,1
extreme_023,Extreme,DLX-OMP,16,1,0.001517860,1
extreme_023,Extreme,DLX-OMP,16,2,0.000795714,1
extreme_023,Extreme,DLX-OMP,16,3,0.000765724,1
extreme_023,Extreme,DLX-OMP,16,4,0.000719537,1
extreme_023,Extreme,DLX-OMP,16,5,0.000592508,1
extreme_023,Extreme,OpenMP,4,1,0.181283887,1
extreme_023,Extreme,OpenMP,4,2,0.072866366,1
extreme_023,Extreme,OpenMP,4,3,0.071447757,1
extreme_023,Extreme,OpenMP,4,4,0.168972239,1
extreme_023,Extreme,OpenMP,4,5,0.178206467,1
extreme_023,Extreme,OpenMP,8,1,0.178630096,1
extreme_023,Extreme,OpenMP,8,2,0.160659555,1
extreme_023,Extreme,OpenMP,8,3,0.178376714,1
extreme_023,Extreme,OpenMP,8,4,0.173234825,1
extreme_023,Extreme,OpenMP,8,5,0.177937127,1
extreme_023,Extreme,OpenMP,16,1,0.103172232,1
extreme_023,Extreme,OpenMP,16,2,0.178914874,1
extreme_023,Extreme,OpenMP,16,3,0.170245180,1
extreme_023,Extreme,OpenMP,16,4,0.178457790,1
extreme_023,Extreme,OpenMP,16,5,0.178762121,1
extreme_024,Extreme,Serial,1,1,0.186610337,1
extreme_024,Extreme,Serial,1,2,0.129936654,1
extreme_024,Extreme,Serial,1,3,0.130885794,1
extreme_024,Extreme,Serial,1,4,0.130611190,1
extreme_024,Extreme,Serial,1,5,0.130566412,1
extreme_024,Extreme,Serial-MRV,1,1,0.237975542,1
extreme_024,Extreme,Serial-MRV,1,2,0.235945580,1
extreme_024,Extreme,Serial-MRV,1,3,0.235400155,1
extreme_024,Extreme,Serial-MRV,1,4,0.235877263,1
extreme_024,Extreme,Serial-MRV,1,5,0.237040813,1
extreme_024,Extreme,DLX,1,1,0.000208936,1
extreme_024,Extreme,DLX,1,2,0.000133182,1
extreme_024,Extreme,DLX,1,3,0.000131913,1
extreme_024,Extreme,DLX,1,4,0.000134373,1
extreme_024,Extreme,DLX,1,5,0.000130665,1
extreme_024,Extreme,DLX-OMP,4,1,0.000876202,1
extreme_024,Extreme,DLX-OMP,4,2,0.000314391,1
extreme_024,Extreme,DLX-OMP,4,3,0.000258100,1
extreme_024,Extreme,DLX-OMP,4,4,0.000584789,1
extreme_024,Extreme,DLX-OMP,4,5,0.000270169,1
extreme_024,Extreme,DLX-OMP,8,1,0.000717734,1
extreme_024,Extreme,DLX-OMP,8,2,0.000615748,1
extreme_024,Extreme,DLX-OMP,8,3,0.000594193,1
extreme_024,Extreme,DLX-OMP,8,4,0.000246097,1
extreme_024,Extreme,DLX-OMP,8,5,0.000613202,1
extreme_024,Extreme,DLX-OMP,16,1,0.001356495,1
extreme_024,Extreme,DLX-OMP,16,2,0.000480271,1
extreme_024,Extreme,DLX-OMP,16,3,0.000448949,1
extreme_024,Extreme,DLX-OMP,16,4,0.000661398,1
extreme_024,Extreme,DLX-OMP,16,5,0.000657356,1
extreme_024,Extreme,OpenMP,4,1,0.122771933,1
extreme_024,Extreme,OpenMP,4,2,0.114770932,1
extreme_024,Extreme,OpenMP,4,3,0.076333505,1
extreme_024,Extreme,OpenMP,4,4,0.075859828,1
extreme_024,Extreme,OpenMP,4,5,0.070062090,1
extreme_024,Extreme,OpenMP,8,1,0.121362709,1
extreme_024,Extreme,OpenMP,8,2,0.121249069,1
extreme_024,Extreme,OpenMP,8,3,0.069615409,1
extreme_024,Extreme,OpenMP,8,4,0.121467025,1
extreme_024,Extreme,OpenMP,8,5,0.121431035,1
extreme_024,Extreme,OpenMP,16,1,0.123406988,1
extreme_024,Extreme,OpenMP,16,2,0.108237545,1
extreme_024,Extreme,OpenMP,16,3,0.121551560,1
extreme_024,Extreme,OpenMP,16,4,0.121860594,1
extreme_024,Extreme,OpenMP,16,5,0.121588310,1
extreme_025,Extreme,Serial,1,1,0.194462430,1
extreme_025,Extreme,Serial,1,2,0.130949634,1
extreme_025,Extreme,Serial,1,3,0.110782292,1
extreme_025,Extreme,Serial,1,4,0.110743239,1
extreme_025,Extreme,Serial,1,5,0.110745319,1
extreme_025,Extreme,Serial-MRV,1,1,0.274535978,1
extreme_025,Extreme,Serial-MRV,1,2,0.232969800,1
extreme_025,Extreme,Serial-MRV,1,3,0.191979669,1
extreme_025,Extreme,Serial-MRV,1,4,0.192422807,1
extreme_025,Extreme,Serial-MRV,1,5,0.192497947,1
extreme_025,Extreme,DLX,1,1,0.000341329,1
extreme_025,Extreme,DLX,1,2,0.000277300,1
extreme_025,Extreme,DLX,1,3,0.000275773,1
extreme_025,Extreme,DLX,1,4,0.000277111,1
extreme_025,Extreme,DLX,1,5,0.000273606,1
extreme_025,Extreme,DLX-OMP,4,1,0.000928516,1
extreme_025,Extreme,DLX-OMP,4,2,0.000983492,1
extreme_025,Extreme,DLX-OMP,4,3,0.000420673,1
extreme_025,Extreme,DLX-OMP,4,4,0.000928146,1
extreme_025,Extreme,DLX-OMP,4,5,0.000386090,1
extreme_025,Extreme,DLX-OMP,8,1,0.000527669,1
extreme_025,Extreme,DLX-OMP,8,2,0.000822699,1
extreme_025,Extreme,DLX-OMP,8,3,0.001011626,1
extreme_025,Extreme,DLX-OMP,8,4,0.000812433,1
extreme_025,Extreme,DLX-OMP,8,5,0.000854762,1
extreme_025,Extreme,DLX-OMP,16,1,0.001763493,1
extreme_025,Extreme,DLX-OMP,16,2,0.001009945,1
extreme_025,Extreme,DLX-OMP,16,3,0.000807396,1
extreme_025,Extreme,DLX-OMP,16,4,0.000985570,1
extreme_025,Extreme,DLX-OMP,16,5,0.000979384,1
extreme_025,Extreme,OpenMP,4,1,0.120939436,1
extreme_025,Extreme,OpenMP,4,2,0.120643841,1
extreme_025,Extreme,OpenMP,4,3,0.089708506,1
extreme_025,Extreme,OpenMP,4,4,0.049475346,1
extreme_025,Extreme,OpenMP,4,5,0.113378451,1
extreme_025,Extreme,OpenMP,8,1,0.089999201,1
extreme_025,Extreme,OpenMP,8,2,0.090093274,1
extreme_025,Extreme,OpenMP,8,3,0.090364830,1
extreme_025,Extreme,OpenMP,8,4,0.089942829,1
extreme_025,Extreme,OpenMP,8,5,0.090305618,1
extreme_025,Extreme,OpenMP,16,1,0.090612250,1
extreme_025,Extreme,OpenMP,16,2,0.090882417,1
extreme_025,Extreme,OpenMP,16,3,0.090200581,1
extreme_025,Extreme,OpenMP,16,4,0.090770368,1
extreme_025,Extreme,OpenMP,16,5,0.090646359,1
extreme_026,Extreme,Serial,1,1,0.012591722,1
extreme_026,Extreme,Serial,1,2,0.012622928,1
extreme_026,Extreme,Serial,1,3,0.012617653,1
extreme_026,Extreme,Serial,1,4,0.012628611,1
extreme_026,Extreme,Serial,1,5,0.012621296,1
extreme_026,Extreme,Serial-MRV,1,1,0.562624503,1
extreme_026,Extreme,Serial-MRV,1,2,0.450069894,1
extreme_026,Extreme,Serial-MRV,1,3,0.348664489,1
extreme_026,Extreme,Serial-MRV,1,4,0.352431842,1
extreme_026,Extreme,Serial-MRV,1,5,0.353468114,1
extreme_026,Extreme,DLX,1,1,0.000354514,1
extreme_026,Extreme,DLX,1,2,0.000269229,1
extreme_026,Extreme,DLX,1,3,0.000250711,1
extreme_026,Extreme,DLX,1,4,0.000252056,1
extreme_026,Extreme,DLX,1,5,0.000249779,1
extreme_026,Extreme,DLX-OMP,4,1,0.000796959,1
extreme_026,Extreme,DLX-OMP,4,2,0.000462211,1
extreme_026,Extreme,DLX-OMP,4,3,0.000361196,1
extreme_026,Extreme,DLX-OMP,4,4,0.000971557,1
extreme_026,Extreme,DLX-OMP,4,5,0.000995431,1
extreme_026,Extreme,DLX-OMP,8,1,0.000987831,1
extreme_026,Extreme,DLX-OMP,8,2,0.000897743,1
extreme_026,Extreme,DLX-OMP,8,3,0.000760397,1
extreme_026,Extreme,DLX-OMP,8,4,0.000920783,1
extreme_026,Extreme,DLX-OMP,8,5,0.000772062,1
extreme_026,Extreme,DLX-OMP,16,1,0.002255992,1
extreme_026,Extreme,DLX-OMP,16,2,0.000947418,1
extreme_026,Extreme,DLX-OMP,16,3,0.000949232,1
extreme_026,Extreme,DLX-OMP,16,4,0.000938645,1
extreme_026,Extreme,DLX-OMP,16,5,0.000787575,1
extreme_026,Extreme,OpenMP,4,1,0.090884249,1
extreme_026,Extreme,OpenMP,4,2,0.141689529,1
extreme_026,Extreme,OpenMP,4,3,0.004710784,1
extreme_026,Extreme,OpenMP,4,4,0.004756557,1
extreme_026,Extreme,OpenMP,4,5,0.004720059,1
extreme_026,Extreme,OpenMP,8,1,0.003149483,1
extreme_026,Extreme,OpenMP,8,2,0.004978554,1
extreme_026,Extreme,OpenMP,8,3,0.003090596,1
extreme_026,Extreme,OpenMP,8,4,0.003188058,1
extreme_026,Extreme,OpenMP,8,5,0.003038785,1
extreme_026,Extreme,OpenMP,16,1,0.005217912,1
extreme_026,Extreme,OpenMP,16,2,0.005136899,1
extreme_026,Extreme,OpenMP,16,3,0.005111544,1
extreme_026,Extreme,OpenMP,16,4,0.005153468,1
extreme_026,Extreme,OpenMP,16,5,0.005048784,1
extreme_027,Extreme,Serial,1,1,0.192348079,1
extreme_027,Extreme,Serial,1,2,0.128933370,1
extreme_027,Extreme,Serial,1,3,0.127988959,1
extreme_027,Extreme,Serial,1,4,0.127579624,1
extreme_027,Extreme,Serial,1,5,0.127613511,1
extreme_027,Extreme,Serial-MRV,1,1,0.268703956,1
extreme_027,Extreme,Serial-MRV,1,2,0.191771366,1
extreme_027,Extreme,Serial-MRV,1,3,0.191304146,1
extreme_027,Extreme,Serial-MRV,1,4,0.193158234,1
extreme_027,Extreme,Serial-MRV,1,5,0.244426594,1
extreme_027,Extreme,DLX,1,1,0.000198731,1
extreme_027,Extreme,DLX,1,2,0.000162695,1
extreme_027,Extreme,DLX,1,3,0.000160258,1
extreme_027,Extreme,DLX,1,4,0.000175225,1
extreme_027,Extreme,DLX,1,5,0.000158848,1
extreme_027,Extreme,DLX-OMP,4,1,0.000411543,1
extreme_027,Extreme,DLX-OMP,4,2,0.000641690,1
extreme_027,Extreme,DLX-OMP,4,3,0.000539954,1
extreme_027,Extreme,DLX-OMP,4,4,0.000253185,1
extreme_027,Extreme,DLX-OMP,4,5,0.000302080,1
extreme_027,Extreme,DLX-OMP,8,1,0.000840268,1
extreme_027,Extreme,DLX-OMP,8,2,0.000522996,1
extreme_027,Extreme,DLX-OMP,8,3,0.000681948,1
extreme_027,Extreme,DLX-OMP,8,4,0.000547273,1
extreme_027,Extreme,DLX-OMP,8,5,0.000719364,1
extreme_027,Extreme,DLX-OMP,16,1,0.001912502,1
extreme_027,Extreme,DLX-OMP,16,2,0.000724271,1
extreme_027,Extreme,DLX-OMP,16,3,0.000679729,1
extreme_027,Extreme,DLX-OMP,16,4,0.000620283,1
extreme_027,Extreme,DLX-OMP,16,5,0.000559309,1
extreme_027,Extreme,OpenMP,4,1,0.071927393,1
extreme_027,Extreme,OpenMP,4,2,0.071926993,1
extreme_027,Extreme,OpenMP,4,3,0.072155918,1
extreme_027,Extreme,OpenMP,4,4,0.042334051,1
extreme_027,Extreme,OpenMP,4,5,0.041487798,1
extreme_027,Extreme,OpenMP,8,1,0.041126161,1
extreme_027,Extreme,OpenMP,8,2,0.041847392,1
extreme_027,Extreme,OpenMP,8,3,0.071943553,1
extreme_027,Extreme,OpenMP,8,4,0.047188049,1
extreme_027,Extreme,OpenMP,8,5,0.071692403,1
extreme_027,Extreme,OpenMP,16,1,0.071108433,1
extreme_027,Extreme,OpenMP,16,2,0.072116386,1
extreme_027,Extreme,OpenMP,16,3,0.072833493,1
extreme_027,Extreme,OpenMP,16,4,0.072313197,1
extreme_027,Extreme,OpenMP,16,5,0.072083949,1
extreme_028,Extreme,Serial,1,1,0.191410731,1
extreme_028,Extreme,Serial,1,2,0.121810113,1
extreme_028,Extreme,Serial,1,3,0.121667293,1
extreme_028,Extreme,Serial,1,4,0.122191956,1
extreme_028,Extreme,Serial,1,5,0.122658448,1
extreme_028,Extreme,Serial-MRV,1,1,0.325124306,1
extreme_028,Extreme,Serial-MRV,1,2,0.271215239,1
extreme_028,Extreme,Serial-MRV,1,3,0.270107275,1
extreme_028,Extreme,Serial-MRV,1,4,0.270400277,1
extreme_028,Extreme,Serial-MRV,1,5,0.270814290,1
extreme_028,Extreme,DLX,1,1,0.000422326,1
extreme_028,Extreme,DLX,1,2,0.000233482,1
extreme_028,Extreme,DLX,1,3,0.000230737,1
extreme_028,Extreme,DLX,1,4,0.000229957,1
extreme_028,Extreme,DLX,1,5,0.000233289,1
extreme_028,Extreme,DLX-OMP,4,1,0.001281040,1
extreme_028,Extreme,DLX-OMP,4,2,0.000368339,1
extreme_028,Extreme,DLX-OMP,4,3,0.000398265,1
extreme_028,Extreme,DLX-OMP,4,4,0.000814047,1
extreme_028,Extreme,DLX-OMP,4,5,0.000840853,1
extreme_028,Extreme,DLX-OMP,8,1,0.000820911,1
extreme_028,Extreme,DLX-OMP,8,2,0.000885001,1
extreme_028,Extreme,DLX-OMP,8,3,0.000729674,1
extreme_028,Extreme,DLX-OMP,8,4,0.000356165,1
extreme_028,Extreme,DLX-OMP,8,5,0.000398969,1
extreme_028,Extreme,DLX-OMP,16,1,0.002120376,1
extreme_028,Extreme,DLX-OMP,16,2,0.000754681,1
extreme_028,Extreme,DLX-OMP,16,3,0.000866065,1
extreme_028,Extreme,DLX-OMP,16,4,0.000889750,1
extreme_028,Extreme,DLX-OMP,16,5,0.000904638,1
extreme_028,Extreme,OpenMP,4,1,0.145376434,1
extreme_028,Extreme,OpenMP,4,2,0.101995925,1
extreme_028,Extreme,OpenMP,4,3,0.043960559,1
extreme_028,Extreme,OpenMP,4,4,0.044171627,1
extreme_028,Extreme,OpenMP,4,5,0.044520431,1
extreme_028,Extreme,OpenMP,8,1,0.077525355,1
extreme_028,Extreme,OpenMP,8,2,0.077367703,1
extreme_028,Extreme,OpenMP,8,3,0.053885091,1
extreme_028,Extreme,OpenMP,8,4,0.077344124,1
extreme_028,Extreme,OpenMP,8,5,0.051155873,1
extreme_028,Extreme,OpenMP,16,1,0.077701242,1
extreme_028,Extreme,OpenMP,16,2,0.077925831,1
extreme_028,Extreme,OpenMP,16,3,0.069736677,1
extreme_028,Extreme,OpenMP,16,4,0.077514530,1
extreme_028,Extreme,OpenMP,16,5,0.060460790,1
extreme_029,Extreme,Serial,1,1,0.534197110,1
extreme_029,Extreme,Serial,1,2,0.434665498,1
extreme_029,Extreme,Serial,1,3,0.349239302,1
extreme_029,Extreme,Serial,1,4,0.303165213,1
extreme_029,Extreme,Serial,1,5,0.302753333,1
extreme_029,Extreme,Serial-MRV,1,1,0.283036000,1
extreme_029,Extreme,Serial-MRV,1,2,0.283324126,1
extreme_029,Extreme,Serial-MRV,1,3,0.282837115,1
extreme_029,Extreme,Serial-MRV,1,4,0.282894142,1
extreme_029,Extreme,Serial-MRV,1,5,0.282965091,1
extreme_029,Extreme,DLX,1,1,0.000224988,1
extreme_029,Extreme,DLX,1,2,0.000190033,1
extreme_029,Extreme,DLX,1,3,0.000188482,1
extreme_029,Extreme,DLX,1,4,0.000191350,1
extreme_029,Extreme,DLX,1,5,0.000186649,1
extreme_029,Extreme,DLX-OMP,4,1,0.000448507,1
extreme_029,Extreme,DLX-OMP,4,2,0.000420217,1
extreme_029,Extreme,DLX-OMP,4,3,0.000342165,1
extreme_029,Extreme,DLX-OMP,4,4,0.000278798,1
extreme_029,Extreme,DLX-OMP,4,5,0.000608397,1
extreme_029,Extreme,DLX-OMP,8,1,0.000396919,1
extreme_029,Extreme,DLX-OMP,8,2,0.000760022,1
extreme_029,Extreme,DLX-OMP,8,3,0.000602371,1
extreme_029,Extreme,DLX-OMP,8,4,0.000624517,1
extreme_029,Extreme,DLX-OMP,8,5,0.000378715,1
extreme_029,Extreme,DLX-OMP,16,1,0.001478106,1
extreme_029,Extreme,DLX-OMP,16,2,0.000778794,1
extreme_029,Extreme,DLX-OMP,16,3,0.000762462,1
extreme_029,Extreme,DLX-OMP,16,4,0.000625766,1
extreme_029,Extreme,DLX-OMP,16,5,0.000589861,1
extreme_029,Extreme,OpenMP,4,1,0.079103299,1
extreme_029,Extreme,OpenMP,4,2,0.156313980,1
extreme_029,Extreme,OpenMP,4,3,0.136173611,1
extreme_029,Extreme,OpenMP,4,4,0.135911369,1
extreme_029,Extreme,OpenMP,4,5,0.131868166,1
extreme_029,Extreme,OpenMP,8,1,0.166711955,1
extreme_029,Extreme,OpenMP,8,2,0.191355095,1
extreme_029,Extreme,OpenMP,8,3,0.163696298,1
extreme_029,Extreme,OpenMP,8,4,0.189793573,1
extreme_029,Extreme,OpenMP,8,5,0.173563828,1
extreme_029,Extreme,OpenMP,16,1,0.191044894,1
extreme_029,Extreme,OpenMP,16,2,0.178477456,1
extreme_029,Extreme,OpenMP,16,3,0.190336980,1
extreme_029,Extreme,OpenMP,16,4,0.180519275,1
extreme_029,Extreme,OpenMP,16,5,0.190341780,1
extreme_030,Extreme,Serial,1,1,0.228071054,1
extreme_030,Extreme,Serial,1,2,0.153522693,1
extreme_030,Extreme,Serial,1,3,0.153473018,1
extreme_030,Extreme,Serial,1,4,0.153796446,1
extreme_030,Extreme,Serial,1,5,0.153429736,1
extreme_030,Extreme,Serial-MRV,1,1,0.248394565,1
extreme_030,Extreme,Serial-MRV,1,2,0.205100510,1
extreme_030,Extreme,Serial-MRV,1,3,0.206411009,1
extreme_030,Extreme,Serial-MRV,1,4,0.204742051,1
extreme_030,Extreme,Serial-MRV,1,5,0.204264886,1
extreme_030,Extreme,DLX,1,1,0.000222058,1
extreme_030,Extreme,DLX,1,2,0.000145349,1
extreme_030,Extreme,DLX,1,3,0.000150787,1
extreme_030,Extreme,DLX,1,4,0.000133904,1
extreme_030,Extreme,DLX,1,5,0.000134249,1
extreme_030,Extreme,DLX-OMP,4,1,0.000691650,1
extreme_030,Extreme,DLX-OMP,4,2,0.000256817,1
extreme_030,Extreme,DLX-OMP,4,3,0.000262826,1
extreme_030,Extreme,DLX-OMP,4,4,0.000558040,1
extreme_030,Extreme,DLX-OMP,4,5,0.000237672,1
extreme_030,Extreme,DLX-OMP,8,1,0.000538320,1
extreme_030,Extreme,DLX-OMP,8,2,0.000329118,1
extreme_030,Extreme,DLX-OMP,8,3,0.001118904,1
extreme_030,Extreme,DLX-OMP,8,4,0.000881046,1
extreme_030,Extreme,DLX-OMP,8,5,0.000472038,1
extreme_030,Extreme,DLX-OMP,16,1,0.001867220,1
extreme_030,Extreme,DLX-OMP,16,2,0.001135770,1
extreme_030,Extreme,DLX-OMP,16,3,0.000833051,1
extreme_030,Extreme,DLX-OMP,16,4,0.000657716,1
extreme_030,Extreme,DLX-OMP,16,5,0.000441279,1
extreme_030,Extreme,OpenMP,4,1,0.182243455,1
extreme_030,Extreme,OpenMP,4,2,0.195256993,1
extreme_030,Extreme,OpenMP,4,3,0.224796717,1
extreme_030,Extreme,OpenMP,4,4,0.196668451,1
extreme_030,Extreme,OpenMP,4,5,0.213543119,1
extreme_030,Extreme,OpenMP,8,1,0.128680654,1
extreme_030,Extreme,OpenMP,8,2,0.174110280,1
extreme_030,Extreme,OpenMP,8,3,0.208328030,1
extreme_030,Extreme,OpenMP,8,4,0.141092677,1
extreme_030,Extreme,OpenMP,8,5,0.130614422,1
extreme_030,Extreme,OpenMP,16,1,0.161580027,1
extreme_030,Extreme,OpenMP,16,2,0.202181903,1
extreme_030,Extreme,OpenMP,16,3,0.219745019,1
extreme_030,Extreme,OpenMP,16,4,0.225019393,1
extreme_030,Extreme,OpenMP,16,5,0.190739885,1
extreme_031,Extreme,Serial,1,1,0.118385722,1
extreme_031,Extreme,Serial,1,2,0.103603948,1
extreme_031,Extreme,Serial,1,3,0.067309553,1
extreme_031,Extreme,Serial,1,4,0.068134325,1
extreme_031,Extreme,Serial,1,5,0.067725958,1
extreme_031,Extreme,Serial-MRV,1,1,0.538097334,1
extreme_031,Extreme,Serial-MRV,1,2,0.398105845,1
extreme_031,Extreme,Serial-MRV,1,3,0.398711803,1
extreme_031,Extreme,Serial-MRV,1,4,0.398298159,1
extreme_031,Extreme,Serial-MRV,1,5,0.398233137,1
extreme_031,Extreme,DLX,1,1,0.000606004,1
extreme_031,Extreme,DLX,1,2,0.000550653,1
extreme_031,Extreme,DLX,1,3,0.000544914,1
extreme_031,Extreme,DLX,1,4,0.000548900,1
extreme_031,Extreme,DLX,1,5,0.000545056,1
extreme_031,Extreme,DLX-OMP,4,1,0.001237662,1
extreme_031,Extreme,DLX-OMP,4,2,0.000789932,1
extreme_031,Extreme,DLX-OMP,4,3,0.001491029,1
extreme_031,Extreme,DLX-OMP,4,4,0.001620442,1
extreme_031,Extreme,DLX-OMP,4,5,0.001724033,1
extreme_031,Extreme,DLX-OMP,8,1,0.001684042,1
extreme_031,Extreme,DLX-OMP,8,2,0.001670973,1
extreme_031,Extreme,DLX-OMP,8,3,0.001668625,1
extreme_031,Extreme,DLX-OMP,8,4,0.000815478,1
extreme_031,Extreme,DLX-OMP,8,5,0.001523100,1
extreme_031,Extreme,DLX-OMP,16,1,0.002314697,1
extreme_031,Extreme,DLX-OMP,16,2,0.001880319,1
extreme_031,Extreme,DLX-OMP,16,3,0.000823617,1
extreme_031,Extreme,DLX-OMP,16,4,0.001697869,1
extreme_031,Extreme,DLX-OMP,16,5,0.000826409,1
extreme_031,Extreme,OpenMP,4,1,0.005237427,1
extreme_031,Extreme,OpenMP,4,2,0.040242303,1
extreme_031,Extreme,OpenMP,4,3,0.082243595,1
extreme_031,Extreme,OpenMP,4,4,0.002953963,1
extreme_031,Extreme,OpenMP,4,5,0.002950243,1
extreme_031,Extreme,OpenMP,8,1,0.003111764,1
extreme_031,Extreme,OpenMP,8,2,0.005027762,1
extreme_031,Extreme,OpenMP,8,3,0.003207505,1
extreme_031,Extreme,OpenMP,8,4,0.005309913,1
extreme_031,Extreme,OpenMP,8,5,0.002423513,1
extreme_031,Extreme,OpenMP,16,1,0.003513916,1
extreme_031,Extreme,OpenMP,16,2,0.003344816,1
extreme_031,Extreme,OpenMP,16,3,0.005284861,1
extreme_031,Extreme,OpenMP,16,4,0.003289273,1
extreme_031,Extreme,OpenMP,16,5,0.005017925,1
extreme_032,Extreme,Serial,1,1,0.017151061,1
extreme_032,Extreme,Serial,1,2,0.016170693,1
extreme_032,Extreme,Serial,1,3,0.016309929,1
extreme_032,Extreme,Serial,1,4,0.016172880,1
extreme_032,Extreme,Serial,1,5,0.016708228,1
extreme_032,Extreme,Serial-MRV,1,1,0.200475683,1
extreme_032,Extreme,Serial-MRV,1,2,0.198759936,1
extreme_032,Extreme,Serial-MRV,1,3,0.200210147,1
extreme_032,Extreme,Serial-MRV,1,4,0.198678263,1
extreme_032,Extreme,Serial-MRV,1,5,0.200089894,1
extreme_032,Extreme,DLX,1,1,0.000186544,1
extreme_032,Extreme,DLX,1,2,0.000134986,1
extreme_032,Extreme,DLX,1,3,0.000143488,1
extreme_032,Extreme,DLX,1,4,0.000123899,1
extreme_032,Extreme,DLX,1,5,0.000123955,1
extreme_032,Extreme,DLX-OMP,4,1,0.000654605,1
extreme_032,Extreme,DLX-OMP,4,2,0.000274734,1
extreme_032,Extreme,DLX-OMP,4,3,0.000536249,1
extreme_032,Extreme,DLX-OMP,4,4,0.000511184,1
extreme_032,Extreme,DLX-OMP,4,5,0.000434225,1
extreme_032,Extreme,DLX-OMP,8,1,0.000509146,1
extreme_032,Extreme,DLX-OMP,8,2,0.000444144,1
extreme_032,Extreme,DLX-OMP,8,3,0.000567039,1
extreme_032,Extreme,DLX-OMP,8,4,0.000609280,1
extreme_032,Extreme,DLX-OMP,8,5,0.000412824,1
extreme_032,Extreme,DLX-OMP,16,1,0.001397354,1
extreme_032,Extreme,DLX-OMP,16,2,0.000287546,1
extreme_032,Extreme,DLX-OMP,16,3,0.000616544,1
extreme_032,Extreme,DLX-OMP,16,4,0.000433960,1
extreme_032,Extreme,DLX-OMP,16,5,0.000576071,1
extreme_032,Extreme,OpenMP,4,1,0.081892243,1
extreme_032,Extreme,OpenMP,4,2,0.081815936,1
extreme_032,Extreme,OpenMP,4,3,0.076462369,1
extreme_032,Extreme,OpenMP,4,4,0.047119767,1
extreme_032,Extreme,OpenMP,4,5,0.081202744,1
extreme_032,Extreme,OpenMP,8,1,0.081016206,1
extreme_032,Extreme,OpenMP,8,2,0.081484082,1
extreme_032,Extreme,OpenMP,8,3,0.079028266,1
extreme_032,Extreme,OpenMP,8,4,0.080915493,1
extreme_032,Extreme,OpenMP,8,5,0.081386577,1
extreme_032,Extreme,OpenMP,16,1,0.082222087,1
extreme_032,Extreme,OpenMP,16,2,0.081705905,1
extreme_032,Extreme,OpenMP,16,3,0.065881024,1
extreme_032,Extreme,OpenMP,16,4,0.081152697,1
extreme_032,Extreme,OpenMP,16,5,0.081441572,1
extreme_033,Extreme,Serial,1,1,0.317027399,1
extreme_033,Extreme,Serial,1,2,0.234046363,1
extreme_033,Extreme,Serial,1,3,0.234524896,1
extreme_033,Extreme,Serial,1,4,0.234181747,1
extreme_033,Extreme,Serial,1,5,0.172531592,1
extreme_033,Extreme,Serial-MRV,1,1,0.227276827,1
extreme_033,Extreme,Serial-MRV,1,2,0.228324930,1
extreme_033,Extreme,Serial-MRV,1,3,0.228301022,1
extreme_033,Extreme,Serial-MRV,1,4,0.227635179,1
extreme_033,Extreme,Serial-MRV,1,5,0.227582571,1
extreme_033,Extreme,DLX,1,1,0.000332777,1
extreme_033,Extreme,DLX,1,2,0.000319938,1
extreme_033,Extreme,DLX,1,3,0.000295931,1
extreme_033,Extreme,DLX,1,4,0.000295431,1
extreme_033,Extreme,DLX,1,5,0.000294750,1
extreme_033,Extreme,DLX-OMP,4,1,0.000636690,1
extreme_033,Extreme,DLX-OMP,4,2,0.000537649,1
extreme_033,Extreme,DLX-OMP,4,3,0.000492701,1
extreme_033,Extreme,DLX-OMP,4,4,0.000477679,1
extreme_033,Extreme,DLX-OMP,4,5,0.000900270,1
extreme_033,Extreme,DLX-OMP,8,1,0.000995813,1
extreme_033,Extreme,DLX-OMP,8,2,0.001066436,1
extreme_033,Extreme,DLX-OMP,8,3,0.001088330,1
extreme_033,Extreme,DLX-OMP,8,4,0.001046182,1
extreme_033,Extreme,DLX-OMP,8,5,0.001021207,1
extreme_033,Extreme,DLX-OMP,16,1,0.001680174,1
extreme_033,Extreme,DLX-OMP,16,2,0.001053301,1
extreme_033,Extreme,DLX-OMP,16,3,0.000914795,1
extreme_033,Extreme,DLX-OMP,16,4,0.000892498,1
extreme_033,Extreme,DLX-OMP,16,5,0.000510462,1
extreme_033,Extreme,OpenMP,4,1,0.154657608,1
extreme_033,Extreme,OpenMP,4,2,0.134730634,1
extreme_033,Extreme,OpenMP,4,3,0.160145335,1
extreme_033,Extreme,OpenMP,4,4,0.109811293,1
extreme_033,Extreme,OpenMP,4,5,0.124126729,1
extreme_033,Extreme,OpenMP,8,1,0.078773542,1
extreme_033,Extreme,OpenMP,8,2,0.078611689,1
extreme_033,Extreme,OpenMP,8,3,0.077906285,1
extreme_033,Extreme,OpenMP,8,4,0.078978148,1
extreme_033,Extreme,OpenMP,8,5,0.078201706,1
extreme_033,Extreme,OpenMP,16,1,0.080184664,1
extreme_033,Extreme,OpenMP,16,2,0.079150945,1
extreme_033,Extreme,OpenMP,16,3,0.078883165,1
extreme_033,Extreme,OpenMP,16,4,0.079259026,1
extreme_033,Extreme,OpenMP,16,5,0.079276596,1
extreme_034,Extreme,Serial,1,1,0.238521683,1
extreme_034,Extreme,Serial,1,2,0.139746080,1
extreme_034,Extreme,Serial,1,3,0.135896617,1
extreme_034,Extreme,Serial,1,4,0.135873680,1
extreme_034,Extreme,Serial,1,5,0.135854009,1
extreme_034,Extreme,Serial-MRV,1,1,0.241653952,1
extreme_034,Extreme,Serial-MRV,1,2,0.203107394,1
extreme_034,Extreme,Serial-MRV,1,3,0.169702403,1
extreme_034,Extreme,Serial-MRV,1,4,0.169254321,1
extreme_034,Extreme,Serial-MRV,1,5,0.169020838,1
extreme_034,Extreme,DLX,1,1,0.000231489,1
extreme_034,Extreme,DLX,1,2,0.000183773,1
extreme_034,Extreme,DLX,1,3,0.000157938,1
extreme_034,Extreme,DLX,1,4,0.000157430,1
extreme_034,Extreme,DLX,1,5,0.000155938,1
extreme_034,Extreme,DLX-OMP,4,1,0.000621304,1
extreme_034,Extreme,DLX-OMP,4,2,0.000321395,1
extreme_034,Extreme,DLX-OMP,4,3,0.000288094,1
extreme_034,Extreme,DLX-OMP,4,4,0.000339304,1
extreme_034,Extreme,DLX-OMP,4,5,0.000628924,1
extreme_034,Extreme,DLX-OMP,8,1,0.000589437,1
extreme_034,Extreme,DLX-OMP,8,2,0.000695834,1
extreme_034,Extreme,DLX-OMP,8,3,0.000288958,1
extreme_034,Extreme,DLX-OMP,8,4,0.000276481,1
extreme_034,Extreme,DLX-OMP,8,5,0.000746268,1
extreme_034,Extreme,DLX-OMP,16,1,0.001365503,1
extreme_034,Extreme,DLX-OMP,16,2,0.000972725,1
extreme_034,Extreme,DLX-OMP,16,3,0.000663477,1
extreme_034,Extreme,DLX-OMP,16,4,0.000692794,1
extreme_034,Extreme,DLX-OMP,16,5,0.000705463,1
extreme_034,Extreme,OpenMP,4,1,0.128404718,1
extreme_034,Extreme,OpenMP,4,2,0.090694295,1
extreme_034,Extreme,OpenMP,4,3,0.077942694,1
extreme_034,Extreme,OpenMP,4,4,0.107088082,1
extreme_034,Extreme,OpenMP,4,5,0.115101987,1
extreme_034,Extreme,OpenMP,8,1,0.075348341,1
extreme_034,Extreme,OpenMP,8,2,0.087543758,1
extreme_034,Extreme,OpenMP,8,3,0.099750066,1
extreme_034,Extreme,OpenMP,8,4,0.131756409,1
extreme_034,Extreme,OpenMP,8,5,0.131944699,1
extreme_034,Extreme,OpenMP,16,1,0.133812248,1
extreme_034,Extreme,OpenMP,16,2,0.132229318,1
extreme_034,Extreme,OpenMP,16,3,0.132003050,1
extreme_034,Extreme,OpenMP,16,4,0.131542326,1
extreme_034,Extreme,OpenMP,16,5,0.132590224,1
extreme_035,Extreme,Serial,1,1,0.240960747,1
extreme_035,Extreme,Serial,1,2,0.171287942,1
extreme_035,Extreme,Serial,1,3,0.171618949,1
extreme_035,Extreme,Serial,1,4,0.171221763,1
extreme_035,Extreme,Serial,1,5,0.130219308,1
extreme_035,Extreme,Serial-MRV,1,1,0.233410192,1
extreme_035,Extreme,Serial-MRV,1,2,0.230859179,1
extreme_035,Extreme,Serial-MRV,1,3,0.234470518,1
extreme_035,Extreme,Serial-MRV,1,4,0.231128156,1
extreme_035,Extreme,Serial-MRV,1,5,0.230845184,1
extreme_035,Extreme,DLX,1,1,0.000148190,1
extreme_035,Extreme,DLX,1,2,0.000135298,1
extreme_035,Extreme,DLX,1,3,0.000144602,1
extreme_035,Extreme,DLX,1,4,0.000124643,1
extreme_035,Extreme,DLX,1,5,0.000123292,1
extreme_035,Extreme,DLX-OMP,4,1,0.001384003,1
extreme_035,Extreme,DLX-OMP,4,2,0.000298792,1
extreme_035,Extreme,DLX-OMP,4,3,0.000466248,1
extreme_035,Extreme,DLX-OMP,4,4,0.000276589,1
extreme_035,Extreme,DLX-OMP,4,5,0.000420424,1
extreme_035,Extreme,DLX-OMP,8,1,0.000560807,1
extreme_035,Extreme,DLX-OMP,8,2,0.000460843,1
extreme_035,Extreme,DLX-OMP,8,3,0.000579221,1
extreme_035,Extreme,DLX-OMP,8,4,0.000410855,1
extreme_035,Extreme,DLX-OMP,8,5,0.000287313,1
extreme_035,Extreme,DLX-OMP,16,1,0.001420397,1
extreme_035,Extreme,DLX-OMP,16,2,0.000623387,1
extreme_035,Extreme,DLX-OMP,16,3,0.000429418,1
extreme_035,Extreme,DLX-OMP,16,4,0.000632538,1
extreme_035,Extreme,DLX-OMP,16,5,0.000431532,1
extreme_035,Extreme,OpenMP,4,1,0.074370714,1
extreme_035,Extreme,OpenMP,4,2,0.075144543,1
extreme_035,Extreme,OpenMP,4,3,0.082217370,1
extreme_035,Extreme,OpenMP,4,4,0.004684941,1
extreme_035,Extreme,OpenMP,4,5,0.043779996,1
extreme_035,Extreme,OpenMP,8,1,0.005800917,1
extreme_035,Extreme,OpenMP,8,2,0.009586682,1
extreme_035,Extreme,OpenMP,8,3,0.009546596,1
extreme_035,Extreme,OpenMP,8,4,0.009544793,1
extreme_035,Extreme,OpenMP,8,5,0.005745221,1
extreme_035,Extreme,OpenMP,16,1,0.009901729,1
extreme_035,Extreme,OpenMP,16,2,0.009664326,1
extreme_035,Extreme,OpenMP,16,3,0.009681733,1
extreme_035,Extreme,OpenMP,16,4,0.010172602,1
extreme_035,Extreme,OpenMP,16,5,0.009788915,1
extreme_036,Extreme,Serial,1,1,0.043229775,1
extreme_036,Extreme,Serial,1,2,0.042242077,1
extreme_036,Extreme,Serial,1,3,0.042599314,1
extreme_036,Extreme,Serial,1,4,0.042151281,1
extreme_036,Extreme,Serial,1,5,0.042153810,1
extreme_036,Extreme,Serial-MRV,1,1,0.232779169,1
extreme_036,Extreme,Serial-MRV,1,2,0.232449894,1
extreme_036,Extreme,Serial-MRV,1,3,0.233625613,1
extreme_036,Extreme,Serial-MRV,1,4,0.234620289,1
extreme_036,Extreme,Serial-MRV,1,5,0.232117446,1
extreme_036,Extreme,DLX,1,1,0.000171756,1
extreme_036,Extreme,DLX,1,2,0.000163635,1
extreme_036,Extreme,DLX,1,3,0.000166227,1
extreme_036,Extreme,DLX,1,4,0.000147426,1
extreme_036,Extreme,DLX,1,5,0.000147131,1
extreme_036,Extreme,DLX-OMP,4,1,0.000650751,1
extreme_036,Extreme,DLX-OMP,4,2,0.000335244,1
extreme_036,Extreme,DLX-OMP,4,3,0.000517497,1
extreme_036,Extreme,DLX-OMP,4,4,0.000484326,1
extreme_036,Extreme,DLX-OMP,4,5,0.000492820,1
extreme_036,Extreme,DLX-OMP,8,1,0.000788953,1
extreme_036,Extreme,DLX-OMP,8,2,0.000335826,1
extreme_036,Extreme,DLX-OMP,8,3,0.000655819,1
extreme_036,Extreme,DLX-OMP,8,4,0.000484540,1
extreme_036,Extreme,DLX-OMP,8,5,0.000653775,1
extreme_036,Extreme,DLX-OMP,16,1,0.001859749,1
extreme_036,Extreme,DLX-OMP,16,2,0.000661108,1
extreme_036,Extreme,DLX-OMP,16,3,0.000351509,1
extreme_036,Extreme,DLX-OMP,16,4,0.000644768,1
extreme_036,Extreme,DLX-OMP,16,5,0.000521872,1
extreme_036,Extreme,OpenMP,4,1,0.093750077,1
extreme_036,Extreme,OpenMP,4,2,0.102122083,1
extreme_036,Extreme,OpenMP,4,3,0.039079755,1
extreme_036,Extreme,OpenMP,4,4,0.019006167,1
extreme_036,Extreme,OpenMP,4,5,0.010723677,1
extreme_036,Extreme,OpenMP,8,1,0.019001332,1
extreme_036,Extreme,OpenMP,8,2,0.018972954,1
extreme_036,Extreme,OpenMP,8,3,0.010951124,1
extreme_036,Extreme,OpenMP,8,4,0.018970359,1
extreme_036,Extreme,OpenMP,8,5,0.019115714,1
extreme_036,Extreme,OpenMP,16,1,0.019176249,1
extreme_036,Extreme,OpenMP,16,2,0.019144148,1
extreme_036,Extreme,OpenMP,16,3,0.011098754,1
extreme_036,Extreme,OpenMP,16,4,0.011236668,1
extreme_036,Extreme,OpenMP,16,5,0.009540199,1
extreme_037,Extreme,Serial,1,1,0.048838469,1
extreme_037,Extreme,Serial,1,2,0.048280078,1
extreme_037,Extreme,Serial,1,3,0.047817799,1
extreme_037,Extreme,Serial,1,4,0.049021787,1
extreme_037,Extreme,Serial,1,5,0.048049521,1
extreme_037,Extreme,Serial-MRV,1,1,0.315086264,1
extreme_037,Extreme,Serial-MRV,1,2,0.313162776,1
extreme_037,Extreme,Serial-MRV,1,3,0.310675161,1
extreme_037,Extreme,Serial-MRV,1,4,0.310366151,1
extreme_037,Extreme,Serial-MRV,1,5,0.310178533,1
extreme_037,Extreme,DLX,1,1,0.000564230,1
extreme_037,Extreme,DLX,1,2,0.000260701,1
extreme_037,Extreme,DLX,1,3,0.000178439,1
extreme_037,Extreme,DLX,1,4,0.000178141,1
extreme_037,Extreme,DLX,1,5,0.000177420,1
extreme_037,Extreme,DLX-OMP,4,1,0.000749842,1
extreme_037,Extreme,DLX-OMP,4,2,0.000616880,1
extreme_037,Extreme,DLX-OMP,4,3,0.000386243,1
extreme_037,Extreme,DLX-OMP,4,4,0.000285403,1
extreme_037,Extreme,DLX-OMP,4,5,0.000311844,1
extreme_037,Extreme,DLX-OMP,8,1,0.000629567,1
extreme_037,Extreme,DLX-OMP,8,2,0.000582039,1
extreme_037,Extreme,DLX-OMP,8,3,0.000317656,1
extreme_037,Extreme,DLX-OMP,8,4,0.000297951,1
extreme_037,Extreme,DLX-OMP,8,5,0.000585361,1
extreme_037,Extreme,DLX-OMP,16,1,0.002054856,1
extreme_037,Extreme,DLX-OMP,16,2,0.000781342,1
extreme_037,Extreme,DLX-OMP,16,3,0.000743548,1
extreme_037,Extreme,DLX-OMP,16,4,0.000563490,1
extreme_037,Extreme,DLX-OMP,16,5,0.000756587,1
extreme_037,Extreme,OpenMP,4,1,0.072937324,1
extreme_037,Extreme,OpenMP,4,2,0.059316751,1
extreme_037,Extreme,OpenMP,4,3,0.042237418,1
extreme_037,Extreme,OpenMP,4,4,0.042134263,1
extreme_037,Extreme,OpenMP,4,5,0.041884638,1
extreme_037,Extreme,OpenMP,8,1,0.041850034,1
extreme_037,Extreme,OpenMP,8,2,0.041680229,1
extreme_037,Extreme,OpenMP,8,3,0.058134803,1
extreme_037,Extreme,OpenMP,8,4,0.072930282,1
extreme_037,Extreme,OpenMP,8,5,0.064622280,1
extreme_037,Extreme,OpenMP,16,1,0.073334094,1
extreme_037,Extreme,OpenMP,16,2,0.073358716,1
extreme_037,Extreme,OpenMP,16,3,0.073362016,1
extreme_037,Extreme,OpenMP,16,4,0.073524998,1
extreme_037,Extreme,OpenMP,16,5,0.073262892,1
extreme_038,Extreme,Serial,1,1,0.139970432,1
extreme_038,Extreme,Serial,1,2,0.109464201,1
extreme_038,Extreme,Serial,1,3,0.079497874,1
extreme_038,Extreme,Serial,1,4,0.079754307,1
extreme_038,Extreme,Serial,1,5,0.079777038,1
extreme_038,Extreme,Serial-MRV,1,1,0.312704140,1
extreme_038,Extreme,Serial-MRV,1,2,0.270749061,1
extreme_038,Extreme,Serial-MRV,1,3,0.220218759,1
extreme_038,Extreme,Serial-MRV,1,4,0.219227661,1
extreme_038,Extreme,Serial-MRV,1,5,0.219257637,1
extreme_038,Extreme,DLX,1,1,0.000193725,1
extreme_038,Extreme,DLX,1,2,0.000184643,1
extreme_038,Extreme,DLX,1,3,0.000178704,1
extreme_038,Extreme,DLX,1,4,0.000166851,1
extreme_038,Extreme,DLX,1,5,0.000166997,1
extreme_038,Extreme,DLX-OMP,4,1,0.000440807,1
extreme_038,Extreme,DLX-OMP,4,2,0.000432308,1
extreme_038,Extreme,DLX-OMP,4,3,0.000566576,1
extreme_038,Extreme,DLX-OMP,4,4,0.000588148,1
extreme_038,Extreme,DLX-OMP,4,5,0.000257920,1
extreme_038,Extreme,DLX-OMP,8,1,0.000607585,1
extreme_038,Extreme,DLX-OMP,8,2,0.000710700,1
extreme_038,Extreme,DLX-OMP,8,3,0.000339585,1
extreme_038,Extreme,DLX-OMP,8,4,0.000287680,1
extreme_038,Extreme,DLX-OMP,8,5,0.000679501,1
extreme_038,Extreme,DLX-OMP,16,1,0.001845579,1
extreme_038,Extreme,DLX-OMP,16,2,0.000628437,1
extreme_038,Extreme,DLX-OMP,16,3,0.000553397,1
extreme_038,Extreme,DLX-OMP,16,4,0.000729307,1
extreme_038,Extreme,DLX-OMP,16,5,0.000542052,1
extreme_038,Extreme,OpenMP,4,1,0.124237978,1
extreme_038,Extreme,OpenMP,4,2,0.110466040,1
extreme_038,Extreme,OpenMP,4,3,0.036040172,1
extreme_038,Extreme,OpenMP,4,4,0.063747737,1
extreme_038,Extreme,OpenMP,4,5,0.062548361,1
extreme_038,Extreme,OpenMP,8,1,0.062778259,1
extreme_038,Extreme,OpenMP,8,2,0.063065627,1
extreme_038,Extreme,OpenMP,8,3,0.062560005,1
extreme_038,Extreme,OpenMP,8,4,0.044811519,1
extreme_038,Extreme,OpenMP,8,5,0.062724112,1
extreme_038,Extreme,OpenMP,16,1,0.038580693,1
extreme_038,Extreme,OpenMP,16,2,0.047152398,1
extreme_038,Extreme,OpenMP,16,3,0.063656717,1
extreme_038,Extreme,OpenMP,16,4,0.062742863,1
extreme_038,Extreme,OpenMP,16,5,0.063348773,1
extreme_039,Extreme,Serial,1,1,0.053178871,1
extreme_039,Extreme,Serial,1,2,0.052227954,1
extreme_039,Extreme,Serial,1,3,0.047681283,1
extreme_039,Extreme,Serial,1,4,0.044764455,1
extreme_039,Extreme,Serial,1,5,0.044749321,1
extreme_039,Extreme,Serial-MRV,1,1,0.245606320,1
extreme_039,Extreme,Serial-MRV,1,2,0.245083440,1
extreme_039,Extreme,Serial-MRV,1,3,0.187801967,1
extreme_039,Extreme,Serial-MRV,1,4,0.171111922,1
extreme_039,Extreme,Serial-MRV,1,5,0.171550549,1
extreme_039,Extreme,DLX,1,1,0.000171408,1
extreme_039,Extreme,DLX,1,2,0.000122474,1
extreme_039,Extreme,DLX,1,3,0.000121600,1
extreme_039,Extreme,DLX,1,4,0.000121641,1
extreme_039,Extreme,DLX,1,5,0.000121752,1
extreme_039,Extreme,DLX-OMP,4,1,0.000797068,1
extreme_039,Extreme,DLX-OMP,4,2,0.000584755,1
extreme_039,Extreme,DLX-OMP,4,3,0.000580403,1
extreme_039,Extreme,DLX-OMP,4,4,0.000422600,1
extreme_039,Extreme,DLX-OMP,4,5,0.000483374,1
extreme_039,Extreme,DLX-OMP,8,1,0.000551039,1
extreme_039,Extreme,DLX-OMP,8,2,0.000415776,1
extreme_039,Extreme,DLX-OMP,8,3,0.000449036,1
extreme_039,Extreme,DLX-OMP,8,4,0.000670057,1
extreme_039,Extreme,DLX-OMP,8,5,0.000474506,1
extreme_039,Extreme,DLX-OMP,16,1,0.001665003,1
extreme_039,Extreme,DLX-OMP,16,2,0.000595264,1
extreme_039,Extreme,DLX-OMP,16,3,0.000428599,1
extreme_039,Extreme,DLX-OMP,16,4,0.000456904,1
extreme_039,Extreme,DLX-OMP,16,5,0.000469843,1
extreme_039,Extreme,OpenMP,4,1,0.004073218,1
extreme_039,Extreme,OpenMP,4,2,0.003872128,1
extreme_039,Extreme,OpenMP,4,3,0.007972626,1
extreme_039,Extreme,OpenMP,4,4,0.007959351,1
extreme_039,Extreme,OpenMP,4,5,0.007954105,1
extreme_039,Extreme,OpenMP,8,1,0.005363589,1
extreme_039,Extreme,OpenMP,8,2,0.005359085,1
extreme_039,Extreme,OpenMP,8,3,0.005445896,1
extreme_039,Extreme,OpenMP,8,4,0.005464808,1
extreme_039,Extreme,OpenMP,8,5,0.005430031,1
extreme_039,Extreme,OpenMP,16,1,0.005822947,1
extreme_039,Extreme,OpenMP,16,2,0.005516247,1
extreme_039,Extreme,OpenMP,16,3,0.005517658,1
extreme_039,Extreme,OpenMP,16,4,0.005490550,1
extreme_039,Extreme,OpenMP,16,5,0.005550927,1
extreme_040,Extreme,Serial,1,1,1.433100014,1
extreme_040,Extreme,Serial,1,2,1.155228783,1
extreme_040,Extreme,Serial,1,3,1.157944349,1
extreme_040,Extreme,Serial,1,4,1.152705507,1
extreme_040,Extreme,Serial,1,5,1.152539525,1
extreme_040,Extreme,Serial-MRV,1,1,0.451029948,1
extreme_040,Extreme,Serial-MRV,1,2,0.448734206,1
extreme_040,Extreme,Serial-MRV,1,3,0.448750436,1
extreme_040,Extreme,Serial-MRV,1,4,0.449774774,1
extreme_040,Extreme,Serial-MRV,1,5,0.448849100,1
extreme_040,Extreme,DLX,1,1,0.000221995,1
extreme_040,Extreme,DLX,1,2,0.000215750,1
extreme_040,Extreme,DLX,1,3,0.000217715,1
extreme_040,Extreme,DLX,1,4,0.000214090,1
extreme_040,Extreme,DLX,1,5,0.000212887,1
extreme_040,Extreme,DLX-OMP,4,1,0.000485116,1
extreme_040,Extreme,DLX-OMP,4,2,0.000441236,1
extreme_040,Extreme,DLX-OMP,4,3,0.000334803,1
extreme_040,Extreme,DLX-OMP,4,4,0.000673427,1
extreme_040,Extreme,DLX-OMP,4,5,0.000657342,1
extreme_040,Extreme,DLX-OMP,8,1,0.000979388,1
extreme_040,Extreme,DLX-OMP,8,2,0.000798319,1
extreme_040,Extreme,DLX-OMP,8,3,0.000849652,1
extreme_040,Extreme,DLX-OMP,8,4,0.000667489,1
extreme_040,Extreme,DLX-OMP,8,5,0.000668900,1
extreme_040,Extreme,DLX-OMP,16,1,0.002190618,1
extreme_040,Extreme,DLX-OMP,16,2,0.000867892,1
extreme_040,Extreme,DLX-OMP,16,3,0.000403131,1
extreme_040,Extreme,DLX-OMP,16,4,0.000683764,1
extreme_040,Extreme,DLX-OMP,16,5,0.000850482,1
extreme_040,Extreme,OpenMP,4,1,0.292127861,1
extreme_040,Extreme,OpenMP,4,2,0.330608661,1
extreme_040,Extreme,OpenMP,4,3,0.258556868,1
extreme_040,Extreme,OpenMP,4,4,0.289821622,1
extreme_040,Extreme,OpenMP,4,5,0.140434590,1
extreme_040,Extreme,OpenMP,8,1,0.199248824,1
extreme_040,Extreme,OpenMP,8,2,0.163083011,1
extreme_040,Extreme,OpenMP,8,3,0.199585966,1
extreme_040,Extreme,OpenMP,8,4,0.226231819,1
extreme_040,Extreme,OpenMP,8,5,0.237887087,1
extreme_040,Extreme,OpenMP,16,1,0.245748780,1
extreme_040,Extreme,OpenMP,16,2,0.256285962,1
extreme_040,Extreme,OpenMP,16,3,0.241184908,1
extreme_040,Extreme,OpenMP,16,4,0.190826669,1
extreme_040,Extreme,OpenMP,16,5,0.228520442,1
extreme_041,Extreme,Serial,1,1,0.157974107,1
extreme_041,Extreme,Serial,1,2,0.107522466,1
extreme_041,Extreme,Serial,1,3,0.089672103,1
extreme_041,Extreme,Serial,1,4,0.090202863,1
extreme_041,Extreme,Serial,1,5,0.090416330,1
extreme_041,Extreme,Serial-MRV,1,1,0.388417690,1
extreme_041,Extreme,Serial-MRV,1,2,0.279004471,1
extreme_041,Extreme,Serial-MRV,1,3,0.278643345,1
extreme_041,Extreme,Serial-MRV,1,4,0.279473068,1
extreme_041,Extreme,Serial-MRV,1,5,0.278037080,1
extreme_041,Extreme,DLX,1,1,0.000181195,1
extreme_041,Extreme,DLX,1,2,0.000135378,1
extreme_041,Extreme,DLX,1,3,0.000134942,1
extreme_041,Extreme,DLX,1,4,0.000133648,1
extreme_041,Extreme,DLX,1,5,0.000132978,1
extreme_041,Extreme,DLX-OMP,4,1,0.000832584,1
extreme_041,Extreme,DLX-OMP,4,2,0.000605545,1
extreme_041,Extreme,DLX-OMP,4,3,0.000657539,1
extreme_041,Extreme,DLX-OMP,4,4,0.000668518,1
extreme_041,Extreme,DLX-OMP,4,5,0.000548797,1
extreme_041,Extreme,DLX-OMP,8,1,0.000600770,1
extreme_041,Extreme,DLX-OMP,8,2,0.000984092,1
extreme_041,Extreme,DLX-OMP,8,3,0.000783744,1
extreme_041,Extreme,DLX-OMP,8,4,0.000563917,1
extreme_041,Extreme,DLX-OMP,8,5,0.000673543,1
extreme_041,Extreme,DLX-OMP,16,1,0.001693541,1
extreme_041,Extreme,DLX-OMP,16,2,0.000761785,1
extreme_041,Extreme,DLX-OMP,16,3,0.000760073,1
extreme_041,Extreme,DLX-OMP,16,4,0.000556886,1
extreme_041,Extreme,DLX-OMP,16,5,0.000752161,1
extreme_041,Extreme,OpenMP,4,1,0.107597791,1
extreme_041,Extreme,OpenMP,4,2,0.113688827,1
extreme_041,Extreme,OpenMP,4,3,0.016031057,1
extreme_041,Extreme,OpenMP,4,4,0.035852883,1
extreme_041,Extreme,OpenMP,4,5,0.015939361,1
extreme_041,Extreme,OpenMP,8,1,0.016618324,1
extreme_041,Extreme,OpenMP,8,2,0.035905624,1
extreme_041,Extreme,OpenMP,8,3,0.020784327,1
extreme_041,Extreme,OpenMP,8,4,0.016935987,1
extreme_041,Extreme,OpenMP,8,5,0.036347740,1
extreme_041,Extreme,OpenMP,16,1,0.037146115,1
extreme_041,Extreme,OpenMP,16,2,0.036088101,1
extreme_041,Extreme,OpenMP,16,3,0.036568232,1
extreme_041,Extreme,OpenMP,16,4,0.036500784,1
extreme_041,Extreme,OpenMP,16,5,0.036217523,1
extreme_042,Extreme,Serial,1,1,0.065225046,1
extreme_042,Extreme,Serial,1,2,0.064729308,1
extreme_042,Extreme,Serial,1,3,0.055712986,1
extreme_042,Extreme,Serial,1,4,0.036929221,1
extreme_042,Extreme,Serial,1,5,0.036892273,1
extreme_042,Extreme,Serial-MRV,1,1,0.388478861,1
extreme_042,Extreme,Serial-MRV,1,2,0.359756805,1
extreme_042,Extreme,Serial-MRV,1,3,0.271923359,1
extreme_042,Extreme,Serial-MRV,1,4,0.272346143,1
extreme_042,Extreme,Serial-MRV,1,5,0.271990005,1
extreme_042,Extreme,DLX,1,1,0.000426543,1
extreme_042,Extreme,DLX,1,2,0.000367142,1
extreme_042,Extreme,DLX,1,3,0.000367510,1
extreme_042,Extreme,DLX,1,4,0.000363620,1
extreme_042,Extreme,DLX,1,5,0.000362042,1
extreme_042,Extreme,DLX-OMP,4,1,0.001317146,1
extreme_042,Extreme,DLX-OMP,4,2,0.001073932,1
extreme_042,Extreme,DLX-OMP,4,3,0.000559275,1
extreme_042,Extreme,DLX-OMP,4,4,0.001144770,1
extreme_042,Extreme,DLX-OMP,4,5,0.001067344,1
extreme_042,Extreme,DLX-OMP,8,1,0.001339452,1
extreme_042,Extreme,DLX-OMP,8,2,0.001195118,1
extreme_042,Extreme,DLX-OMP,8,3,0.000574292,1
extreme_042,Extreme,DLX-OMP,8,4,0.001241475,1
extreme_042,Extreme,DLX-OMP,8,5,0.001053575,1
extreme_042,Extreme,DLX-OMP,16,1,0.001304419,1
extreme_042,Extreme,DLX-OMP,16,2,0.001091530,1
extreme_042,Extreme,DLX-OMP,16,3,0.001230109,1
extreme_042,Extreme,DLX-OMP,16,4,0.001066169,1
extreme_042,Extreme,DLX-OMP,16,5,0.001067422,1
extreme_042,Extreme,OpenMP,4,1,0.030351384,1
extreme_042,Extreme,OpenMP,4,2,0.078009920,1
extreme_042,Extreme,OpenMP,4,3,0.074709594,1
extreme_042,Extreme,OpenMP,4,4,0.035403293,1
extreme_042,Extreme,OpenMP,4,5,0.052064445,1
extreme_042,Extreme,OpenMP,8,1,0.030717622,1
extreme_042,Extreme,OpenMP,8,2,0.030324716,1
extreme_042,Extreme,OpenMP,8,3,0.030483083,1
extreme_042,Extreme,OpenMP,8,4,0.017576785,1
extreme_042,Extreme,OpenMP,8,5,0.017267657,1
extreme_042,Extreme,OpenMP,16,1,0.030921206,1
extreme_042,Extreme,OpenMP,16,2,0.030759966,1
extreme_042,Extreme,OpenMP,16,3,0.030402316,1
extreme_042,Extreme,OpenMP,16,4,0.030445264,1
extreme_042,Extreme,OpenMP,16,5,0.030383074,1
extreme_043,Extreme,Serial,1,1,0.533163430,1
extreme_043,Extreme,Serial,1,2,0.530915851,1
extreme_043,Extreme,Serial,1,3,0.531901184,1
extreme_043,Extreme,Serial,1,4,0.532822693,1
extreme_043,Extreme,Serial,1,5,0.535335440,1
extreme_043,Extreme,Serial-MRV,1,1,0.211953947,1
extreme_043,Extreme,Serial-MRV,1,2,0.211603965,1
extreme_043,Extreme,Serial-MRV,1,3,0.211810991,1
extreme_043,Extreme,Serial-MRV,1,4,0.214053577,1
extreme_043,Extreme,Serial-MRV,1,5,0.220440744,1
extreme_043,Extreme,DLX,1,1,0.000167031,1
extreme_043,Extreme,DLX,1,2,0.000146186,1
extreme_043,Extreme,DLX,1,3,0.000151089,1
extreme_043,Extreme,DLX,1,4,0.000132048,1
extreme_043,Extreme,DLX,1,5,0.000132182,1
extreme_043,Extreme,DLX-OMP,4,1,0.000397539,1
extreme_043,Extreme,DLX-OMP,4,2,0.000535552,1
extreme_043,Extreme,DLX-OMP,4,3,0.000321108,1
extreme_043,Extreme,DLX-OMP,4,4,0.000299657,1
extreme_043,Extreme,DLX-OMP,4,5,0.000448510,1
extreme_043,Extreme,DLX-OMP,8,1,0.000728962,1
extreme_043,Extreme,DLX-OMP,8,2,0.000250036,1
extreme_043,Extreme,DLX-OMP,8,3,0.000464443,1
extreme_043,Extreme,DLX-OMP,8,4,0.000443093,1
extreme_043,Extreme,DLX-OMP,8,5,0.000605695,1
extreme_043,Extreme,DLX-OMP,16,1,0.000960262,1
extreme_043,Extreme,DLX-OMP,16,2,0.000613952,1
extreme_043,Extreme,DLX-OMP,16,3,0.000616008,1
extreme_043,Extreme,DLX-OMP,16,4,0.000639015,1
extreme_043,Extreme,DLX-OMP,16,5,0.000444265,1
extreme_043,Extreme,OpenMP,4,1,0.127106596,1
extreme_043,Extreme,OpenMP,4,2,0.087645564,1
extreme_043,Extreme,OpenMP,4,3,0.072266533,1
extreme_043,Extreme,OpenMP,4,4,0.072599493,1
extreme_043,Extreme,OpenMP,4,5,0.072575255,1
extreme_043,Extreme,OpenMP,8,1,0.052772960,1
extreme_043,Extreme,OpenMP,8,2,0.071625315,1
extreme_043,Extreme,OpenMP,8,3,0.052584880,1
extreme_043,Extreme,OpenMP,8,4,0.125183771,1
extreme_043,Extreme,OpenMP,8,5,0.125181401,1
extreme_043,Extreme,OpenMP,16,1,0.126221411,1
extreme_043,Extreme,OpenMP,16,2,0.125855159,1
extreme_043,Extreme,OpenMP,16,3,0.126168053,1
extreme_043,Extreme,OpenMP,16,4,0.125876309,1
extreme_043,Extreme,OpenMP,16,5,0.126148631,1
extreme_044,Extreme,Serial,1,1,0.143175692,1
extreme_044,Extreme,Serial,1,2,0.093562177,1
extreme_044,Extreme,Serial,1,3,0.081243306,1
extreme_044,Extreme,Serial,1,4,0.080843380,1
extreme_044,Extreme,Serial,1,5,0.081207974,1
extreme_044,Extreme,Serial-MRV,1,1,0.360689608,1
extreme_044,Extreme,Serial-MRV,1,2,0.302062881,1
extreme_044,Extreme,Serial-MRV,1,3,0.252434628,1
extreme_044,Extreme,Serial-MRV,1,4,0.252383627,1
extreme_044,Extreme,Serial-MRV,1,5,0.252446623,1
extreme_044,Extreme,DLX,1,1,0.000331733,1
extreme_044,Extreme,DLX,1,2,0.000150066,1
extreme_044,Extreme,DLX,1,3,0.000149160,1
extreme_044,Extreme,DLX,1,4,0.000148676,1
extreme_044,Extreme,DLX,1,5,0.000147655,1
extreme_044,Extreme,DLX-OMP,4,1,0.001044170,1
extreme_044,Extreme,DLX-OMP,4,2,0.000316678,1
extreme_044,Extreme,DLX-OMP,4,3,0.000609404,1
extreme_044,Extreme,DLX-OMP,4,4,0.000234795,1
extreme_044,Extreme,DLX-OMP,4,5,0.000493418,1
extreme_044,Extreme,DLX-OMP,8,1,0.000606517,1
extreme_044,Extreme,DLX-OMP,8,2,0.000638051,1
extreme_044,Extreme,DLX-OMP,8,3,0.000300172,1
extreme_044,Extreme,DLX-OMP,8,4,0.000484649,1
extreme_044,Extreme,DLX-OMP,8,5,0.000642480,1
extreme_044,Extreme,DLX-OMP,16,1,0.001943125,1
extreme_044,Extreme,DLX-OMP,16,2,0.000820426,1
extreme_044,Extreme,DLX-OMP,16,3,0.000600640,1
extreme_044,Extreme,DLX-OMP,16,4,0.000645518,1
extreme_044,Extreme,DLX-OMP,16,5,0.000599171,1
extreme_044,Extreme,OpenMP,4,1,0.010451317,1
extreme_044,Extreme,OpenMP,4,2,0.043250326,1
extreme_044,Extreme,OpenMP,4,3,0.009509824,1
extreme_044,Extreme,OpenMP,4,4,0.023984007,1
extreme_044,Extreme,OpenMP,4,5,0.023691236,1
extreme_044,Extreme,OpenMP,8,1,0.009816518,1
extreme_044,Extreme,OpenMP,8,2,0.009647563,1
extreme_044,Extreme,OpenMP,8,3,0.007653616,1
extreme_044,Extreme,OpenMP,8,4,0.009455835,1
extreme_044,Extreme,OpenMP,8,5,0.009452778,1
extreme_044,Extreme,OpenMP,16,1,0.010640969,1
extreme_044,Extreme,OpenMP,16,2,0.009607743,1
extreme_044,Extreme,OpenMP,16,3,0.005905553,1
extreme_044,Extreme,OpenMP,16,4,0.009624569,1
extreme_044,Extreme,OpenMP,16,5,0.009678715,1
extreme_045,Extreme,Serial,1,1,0.378099718,1
extreme_045,Extreme,Serial,1,2,0.297128210,1
extreme_045,Extreme,Serial,1,3,0.289188513,1
extreme_045,Extreme,Serial,1,4,0.209111824,1
extreme_045,Extreme,Serial,1,5,0.209227969,1
extreme_045,Extreme,Serial-MRV,1,1,0.265503177,1
extreme_045,Extreme,Serial-MRV,1,2,0.266851632,1
extreme_045,Extreme,Serial-MRV,1,3,0.263778614,1
extreme_045,Extreme,Serial-MRV,1,4,0.267095848,1
extreme_045,Extreme,Serial-MRV,1,5,0.267217032,1
extreme_045,Extreme,DLX,1,1,0.000426624,1
extreme_045,Extreme,DLX,1,2,0.000374839,1
extreme_045,Extreme,DLX,1,3,0.000373775,1
extreme_045,Extreme,DLX,1,4,0.000375514,1
extreme_045,Extreme,DLX,1,5,0.000372810,1
extreme_045,Extreme,DLX-OMP,4,1,0.001305834,1
extreme_045,Extreme,DLX-OMP,4,2,0.000640287,1
extreme_045,Extreme,DLX-OMP,4,3,0.001149608,1
extreme_045,Extreme,DLX-OMP,4,4,0.000565998,1
extreme_045,Extreme,DLX-OMP,4,5,0.001192768,1
extreme_045,Extreme,DLX-OMP,8,1,0.001315257,1
extreme_045,Extreme,DLX-OMP,8,2,0.000616186,1
extreme_045,Extreme,DLX-OMP,8,3,0.000545829,1
extreme_045,Extreme,DLX-OMP,8,4,0.001081640,1
extreme_045,Extreme,DLX-OMP,8,5,0.001070590,1
extreme_045,Extreme,DLX-OMP,16,1,0.001490379,1
extreme_045,Extreme,DLX-OMP,16,2,0.001262253,1
extreme_045,Extreme,DLX-OMP,16,3,0.001240738,1
extreme_045,Extreme,DLX-OMP,16,4,0.001076067,1
extreme_045,Extreme,DLX-OMP,16,5,0.001082500,1
extreme_045,Extreme,OpenMP,4,1,0.130707783,1
extreme_045,Extreme,OpenMP,4,2,0.120847882,1
extreme_045,Extreme,OpenMP,4,3,0.056467744,1
extreme_045,Extreme,OpenMP,4,4,0.030846897,1
extreme_045,Extreme,OpenMP,4,5,0.074662776,1
extreme_045,Extreme,OpenMP,8,1,0.041188213,1
extreme_045,Extreme,OpenMP,8,2,0.024439961,1
extreme_045,Extreme,OpenMP,8,3,0.040663666,1
extreme_045,Extreme,OpenMP,8,4,0.040759621,1
extreme_045,Extreme,OpenMP,8,5,0.029884488,1
extreme_045,Extreme,OpenMP,16,1,0.041987656,1
extreme_045,Extreme,OpenMP,16,2,0.024550880,1
extreme_045,Extreme,OpenMP,16,3,0.040719263,1
extreme_045,Extreme,OpenMP,16,4,0.019999129,1
extreme_045,Extreme,OpenMP,16,5,0.041009704,1
extreme_046,Extreme,Serial,1,1,0.047106257,1
extreme_046,Extreme,Serial,1,2,0.046138716,1
extreme_046,Extreme,Serial,1,3,0.045550411,1
extreme_046,Extreme,Serial,1,4,0.045602101,1
extreme_046,Extreme,Serial,1,5,0.045938766,1
extreme_046,Extreme,Serial-MRV,1,1,0.211674953,1
extreme_046,Extreme,Serial-MRV,1,2,0.211038819,1
extreme_046,Extreme,Serial-MRV,1,3,0.211760127,1
extreme_046,Extreme,Serial-MRV,1,4,0.209024145,1
extreme_046,Extreme,Serial-MRV,1,5,0.207914904,1
extreme_046,Extreme,DLX,1,1,0.000125830,1
extreme_046,Extreme,DLX,1,2,0.000122516,1
extreme_046,Extreme,DLX,1,3,0.000120447,1
extreme_046,Extreme,DLX,1,4,0.000123559,1
extreme_046,Extreme,DLX,1,5,0.000120206,1
extreme_046,Extreme,DLX-OMP,4,1,0.000357673,1
extreme_046,Extreme,DLX-OMP,4,2,0.000540329,1
extreme_046,Extreme,DLX-OMP,4,3,0.000343029,1
extreme_046,Extreme,DLX-OMP,4,4,0.000407952,1
extreme_046,Extreme,DLX-OMP,4,5,0.000398036,1
extreme_046,Extreme,DLX-OMP,8,1,0.000513295,1
extreme_046,Extreme,DLX-OMP,8,2,0.000473291,1
extreme_046,Extreme,DLX-OMP,8,3,0.000400784,1
extreme_046,Extreme,DLX-OMP,8,4,0.000430557,1
extreme_046,Extreme,DLX-OMP,8,5,0.000598423,1
extreme_046,Extreme,DLX-OMP,16,1,0.000788152,1
extreme_046,Extreme,DLX-OMP,16,2,0.000613618,1
extreme_046,Extreme,DLX-OMP,16,3,0.000412808,1
extreme_046,Extreme,DLX-OMP,16,4,0.000444849,1
extreme_046,Extreme,DLX-OMP,16,5,0.000599992,1
extreme_046,Extreme,OpenMP,4,1,0.140387345,1
extreme_046,Extreme,OpenMP,4,2,0.130405668,1
extreme_046,Extreme,OpenMP,4,3,0.149092049,1
extreme_046,Extreme,OpenMP,4,4,0.121867115,1
extreme_046,Extreme,OpenMP,4,5,0.088727930,1
extreme_046,Extreme,OpenMP,8,1,0.063753315,1
extreme_046,Extreme,OpenMP,8,2,0.140305760,1
extreme_046,Extreme,OpenMP,8,3,0.140105224,1
extreme_046,Extreme,OpenMP,8,4,0.140549563,1
extreme_046,Extreme,OpenMP,8,5,0.094730613,1
extreme_046,Extreme,OpenMP,16,1,0.083321170,1
extreme_046,Extreme,OpenMP,16,2,0.134135849,1
extreme_046,Extreme,OpenMP,16,3,0.140813980,1
extreme_046,Extreme,OpenMP,16,4,0.140965013,1
extreme_046,Extreme,OpenMP,16,5,0.140816247,1
extreme_047,Extreme,Serial,1,1,0.198413171,1
extreme_047,Extreme,Serial,1,2,0.122313567,1
extreme_047,Extreme,Serial,1,3,0.121781678,1
extreme_047,Extreme,Serial,1,4,0.121801871,1
extreme_047,Extreme,Serial,1,5,0.121797216,1
extreme_047,Extreme,Serial-MRV,1,1,0.350903873,1
extreme_047,Extreme,Serial-MRV,1,2,0.259133800,1
extreme_047,Extreme,Serial-MRV,1,3,0.258937214,1
extreme_047,Extreme,Serial-MRV,1,4,0.259518458,1
extreme_047,Extreme,Serial-MRV,1,5,0.258656356,1
extreme_047,Extreme,DLX,1,1,0.000309811,1
extreme_047,Extreme,DLX,1,2,0.000145145,1
extreme_047,Extreme,DLX,1,3,0.000145513,1
extreme_047,Extreme,DLX,1,4,0.000143906,1
extreme_047,Extreme,DLX,1,5,0.000144268,1
extreme_047,Extreme,DLX-OMP,4,1,0.000969330,1
extreme_047,Extreme,DLX-OMP,4,2,0.000362086,1
extreme_047,Extreme,DLX-OMP,4,3,0.000335324,1
extreme_047,Extreme,DLX-OMP,4,4,0.000603550,1
extreme_047,Extreme,DLX-OMP,4,5,0.000623034,1
extreme_047,Extreme,DLX-OMP,8,1,0.000516081,1
extreme_047,Extreme,DLX-OMP,8,2,0.000809577,1
extreme_047,Extreme,DLX-OMP,8,3,0.000728243,1
extreme_047,Extreme,DLX-OMP,8,4,0.000607982,1
extreme_047,Extreme,DLX-OMP,8,5,0.000758475,1
extreme_047,Extreme,DLX-OMP,16,1,0.001287478,1
extreme_047,Extreme,DLX-OMP,16,2,0.000839088,1
extreme_047,Extreme,DLX-OMP,16,3,0.000489341,1
extreme_047,Extreme,DLX-OMP,16,4,0.000638757,1
extreme_047,Extreme,DLX-OMP,16,5,0.000685801,1
extreme_047,Extreme,OpenMP,4,1,0.161601017,1
extreme_047,Extreme,OpenMP,4,2,0.079374438,1
extreme_047,Extreme,OpenMP,4,3,0.134964826,1
extreme_047,Extreme,OpenMP,4,4,0.122790498,1
extreme_047,Extreme,OpenMP,4,5,0.059005433,1
extreme_047,Extreme,OpenMP,8,1,0.079974393,1
extreme_047,Extreme,OpenMP,8,2,0.079057443,1
extreme_047,Extreme,OpenMP,8,3,0.080132293,1
extreme_047,Extreme,OpenMP,8,4,0.079795845,1
extreme_047,Extreme,OpenMP,8,5,0.079122358,1
extreme_047,Extreme,OpenMP,16,1,0.049695431,1
extreme_047,Extreme,OpenMP,16,2,0.079489952,1
extreme_047,Extreme,OpenMP,16,3,0.079584399,1
extreme_047,Extreme,OpenMP,16,4,0.062942917,1
extreme_047,Extreme,OpenMP,16,5,0.079709112,1
extreme_048,Extreme,Serial,1,1,0.141188093,1
extreme_048,Extreme,Serial,1,2,0.088266314,1
extreme_048,Extreme,Serial,1,3,0.081233320,1
extreme_048,Extreme,Serial,1,4,0.080282596,1
extreme_048,Extreme,Serial,1,5,0.080507711,1
extreme_048,Extreme,Serial-MRV,1,1,0.277174542,1
extreme_048,Extreme,Serial-MRV,1,2,0.247376348,1
extreme_048,Extreme,Serial-MRV,1,3,0.194364828,1
extreme_048,Extreme,Serial-MRV,1,4,0.194575028,1
extreme_048,Extreme,Serial-MRV,1,5,0.194820932,1
extreme_048,Extreme,DLX,1,1,0.000281391,1
extreme_048,Extreme,DLX,1,2,0.000231031,1
extreme_048,Extreme,DLX,1,3,0.000231899,1
extreme_048,Extreme,DLX,1,4,0.000227106,1
extreme_048,Extreme,DLX,1,5,0.000226660,1
extreme_048,Extreme,DLX-OMP,4,1,0.000814899,1
extreme_048,Extreme,DLX-OMP,4,2,0.000377554,1
extreme_048,Extreme,DLX-OMP,4,3,0.000810911,1
extreme_048,Extreme,DLX-OMP,4,4,0.000370855,1
extreme_048,Extreme,DLX-OMP,4,5,0.000808885,1
extreme_048,Extreme,DLX-OMP,8,1,0.000950966,1
extreme_048,Extreme,DLX-OMP,8,2,0.000859989,1
extreme_048,Extreme,DLX-OMP,8,3,0.000855690,1
extreme_048,Extreme,DLX-OMP,8,4,0.000714286,1
extreme_048,Extreme,DLX-OMP,8,5,0.000933095,1
extreme_048,Extreme,DLX-OMP,16,1,0.002010050,1
extreme_048,Extreme,DLX-OMP,16,2,0.000881026,1
extreme_048,Extreme,DLX-OMP,16,3,0.000885535,1
extreme_048,Extreme,DLX-OMP,16,4,0.000690889,1
extreme_048,Extreme,DLX-OMP,16,5,0.000710536,1
extreme_048,Extreme,OpenMP,4,1,0.022873854,1
extreme_048,Extreme,OpenMP,4,2,0.093254636,1
extreme_048,Extreme,OpenMP,4,3,0.003300211,1
extreme_048,Extreme,OpenMP,4,4,0.090120823,1
extreme_048,Extreme,OpenMP,4,5,0.006032689,1
extreme_048,Extreme,OpenMP,8,1,0.008536521,1
extreme_048,Extreme,OpenMP,8,2,0.004141464,1
extreme_048,Extreme,OpenMP,8,3,0.006863455,1
extreme_048,Extreme,OpenMP,8,4,0.007005318,1
extreme_048,Extreme,OpenMP,8,5,0.015485247,1
extreme_048,Extreme,OpenMP,16,1,0.007397720,1
extreme_048,Extreme,OpenMP,16,2,0.004365813,1
extreme_048,Extreme,OpenMP,16,3,0.004023201,1
extreme_048,Extreme,OpenMP,16,4,0.007235190,1
extreme_048,Extreme,OpenMP,16,5,0.007178348,1
extreme_049,Extreme,Serial,1,1,0.235922127,1
extreme_049,Extreme,Serial,1,2,0.171356012,1
extreme_049,Extreme,Serial,1,3,0.170989478,1
extreme_049,Extreme,Serial,1,4,0.170989496,1
extreme_049,Extreme,Serial,1,5,0.153561505,1
extreme_049,Extreme,Serial-MRV,1,1,0.203022411,1
extreme_049,Extreme,Serial-MRV,1,2,0.216505080,1
extreme_049,Extreme,Serial-MRV,1,3,0.225775256,1
extreme_049,Extreme,Serial-MRV,1,4,0.202431440,1
extreme_049,Extreme,Serial-MRV,1,5,0.202946802,1
extreme_049,Extreme,DLX,1,1,0.000315267,1
extreme_049,Extreme,DLX,1,2,0.000295056,1
extreme_049,Extreme,DLX,1,3,0.000273699,1
extreme_049,Extreme,DLX,1,4,0.000273456,1
extreme_049,Extreme,DLX,1,5,0.000275454,1
extreme_049,Extreme,DLX-OMP,4,1,0.000614727,1
extreme_049,Extreme,DLX-OMP,4,2,0.000467498,1
extreme_049,Extreme,DLX-OMP,4,3,0.000448701,1
extreme_049,Extreme,DLX-OMP,4,4,0.000453174,1
extreme_049,Extreme,DLX-OMP,4,5,0.000860010,1
extreme_049,Extreme,DLX-OMP,8,1,0.001128250,1
extreme_049,Extreme,DLX-OMP,8,2,0.000842393,1
extreme_049,Extreme,DLX-OMP,8,3,0.001007818,1
extreme_049,Extreme,DLX-OMP,8,4,0.000799212,1
extreme_049,Extreme,DLX-OMP,8,5,0.000984199,1
extreme_049,Extreme,DLX-OMP,16,1,0.002214191,1
extreme_049,Extreme,DLX-OMP,16,2,0.001013046,1
extreme_049,Extreme,DLX-OMP,16,3,0.001010600,1
extreme_049,Extreme,DLX-OMP,16,4,0.000899288,1
extreme_049,Extreme,DLX-OMP,16,5,0.000477507,1
extreme_049,Extreme,OpenMP,4,1,0.019237337,1
extreme_049,Extreme,OpenMP,4,2,0.019310005,1
extreme_049,Extreme,OpenMP,4,3,0.019412459,1
extreme_049,Extreme,OpenMP,4,4,0.028455953,1
extreme_049,Extreme,OpenMP,4,5,0.023915211,1
extreme_049,Extreme,OpenMP,8,1,0.019355253,1
extreme_049,Extreme,OpenMP,8,2,0.019243183,1
extreme_049,Extreme,OpenMP,8,3,0.019252174,1
extreme_049,Extreme,OpenMP,8,4,0.008821171,1
extreme_049,Extreme,OpenMP,8,5,0.019675003,1
extreme_049,Extreme,OpenMP,16,1,0.019855592,1
extreme_049,Extreme,OpenMP,16,2,0.019421860,1
extreme_049,Extreme,OpenMP,16,3,0.019317767,1
extreme_049,Extreme,OpenMP,16,4,0.019353126,1
extreme_049,Extreme,OpenMP,16,5,0.019407651,1
extreme_050,Extreme,Serial,1,1,0.309698350,1
extreme_050,Extreme,Serial,1,2,0.227043736,1
extreme_050,Extreme,Serial,1,3,0.227908157,1
extreme_050,Extreme,Serial,1,4,0.228785216,1
extreme_050,Extreme,Serial,1,5,0.227566177,1
extreme_050,Extreme,Serial-MRV,1,1,0.196694062,1
extreme_050,Extreme,Serial-MRV,1,2,0.196259580,1
extreme_050,Extreme,Serial-MRV,1,3,0.196837247,1
extreme_050,Extreme,Serial-MRV,1,4,0.196283991,1
extreme_050,Extreme,Serial-MRV,1,5,0.198151086,1
extreme_050,Extreme,DLX,1,1,0.000190370,1
extreme_050,Extreme,DLX,1,2,0.000141455,1
extreme_050,Extreme,DLX,1,3,0.000145421,1
extreme_050,Extreme,DLX,1,4,0.000126267,1
extreme_050,Extreme,DLX,1,5,0.000126799,1
extreme_050,Extreme,DLX-OMP,4,1,0.000628435,1
extreme_050,Extreme,DLX-OMP,4,2,0.000332595,1
extreme_050,Extreme,DLX-OMP,4,3,0.000237824,1
extreme_050,Extreme,DLX-OMP,4,4,0.000237871,1
extreme_050,Extreme,DLX-OMP,4,5,0.000571266,1
extreme_050,Extreme,DLX-OMP,8,1,0.000662912,1
extreme_050,Extreme,DLX-OMP,8,2,0.000662178,1
extreme_050,Extreme,DLX-OMP,8,3,0.000613456,1
extreme_050,Extreme,DLX-OMP,8,4,0.000415030,1
extreme_050,Extreme,DLX-OMP,8,5,0.000459214,1
extreme_050,Extreme,DLX-OMP,16,1,0.001915380,1
extreme_050,Extreme,DLX-OMP,16,2,0.000438957,1
extreme_050,Extreme,DLX-OMP,16,3,0.000465749,1
extreme_050,Extreme,DLX-OMP,16,4,0.000286691,1
extreme_050,Extreme,DLX-OMP,16,5,0.000467429,1
extreme_050,Extreme,OpenMP,4,1,0.097564648,1
extreme_050,Extreme,OpenMP,4,2,0.107722806,1
extreme_050,Extreme,OpenMP,4,3,0.043622612,1
extreme_050,Extreme,OpenMP,4,4,0.025540450,1
extreme_050,Extreme,OpenMP,4,5,0.077642022,1
extreme_050,Extreme,OpenMP,8,1,0.043811327,1
extreme_050,Extreme,OpenMP,8,2,0.044176438,1
extreme_050,Extreme,OpenMP,8,3,0.043933064,1
extreme_050,Extreme,OpenMP,8,4,0.043975109,1
extreme_050,Extreme,OpenMP,8,5,0.044235376,1
extreme_050,Extreme,OpenMP,16,1,0.044200289,1
extreme_050,Extreme,OpenMP,16,2,0.043900696,1
extreme_050,Extreme,OpenMP,16,3,0.044361251,1
extreme_050,Extreme,OpenMP,16,4,0.043969026,1
extreme_050,Extreme,OpenMP,16,5,0.044076726,1
extreme_051,Extreme,Serial,1,1,0.085391300,1
extreme_051,Extreme,Serial,1,2,0.067715665,1
extreme_051,Extreme,Serial,1,3,0.048457077,1
extreme_051,Extreme,Serial,1,4,0.048410080,1
extreme_051,Extreme,Serial,1,5,0.048733323,1
extreme_051,Extreme,Serial-MRV,1,1,0.230018763,1
extreme_051,Extreme,Serial-MRV,1,2,0.230132058,1
extreme_051,Extreme,Serial-MRV,1,3,0.174307476,1
extreme_051,Extreme,Serial-MRV,1,4,0.160681038,1
extreme_051,Extreme,Serial-MRV,1,5,0.161077196,1
extreme_051,Extreme,DLX,1,1,0.000200427,1
extreme_051,Extreme,DLX,1,2,0.000205319,1
extreme_051,Extreme,DLX,1,3,0.000173436,1
extreme_051,Extreme,DLX,1,4,0.000172425,1
extreme_051,Extreme,DLX,1,5,0.000171560,1
extreme_051,Extreme,DLX-OMP,4,1,0.000433932,1
extreme_051,Extreme,DLX-OMP,4,2,0.000411984,1
extreme_051,Extreme,DLX-OMP,4,3,0.000279093,1
extreme_051,Extreme,DLX-OMP,4,4,0.000313745,1
extreme_051,Extreme,DLX-OMP,4,5,0.000566418,1
extreme_051,Extreme,DLX-OMP,8,1,0.000813850,1
extreme_051,Extreme,DLX-OMP,8,2,0.000720916,1
extreme_051,Extreme,DLX-OMP,8,3,0.000767115,1
extreme_051,Extreme,DLX-OMP,8,4,0.000384442,1
extreme_051,Extreme,DLX-OMP,8,5,0.000535507,1
extreme_051,Extreme,DLX-OMP,16,1,0.002015941,1
extreme_051,Extreme,DLX-OMP,16,2,0.000350567,1
extreme_051,Extreme,DLX-OMP,16,3,0.000742714,1
extreme_051,Extreme,DLX-OMP,16,4,0.000560751,1
extreme_051,Extreme,DLX-OMP,16,5,0.000581599,1
extreme_051,Extreme,OpenMP,4,1,0.069786536,1
extreme_051,Extreme,OpenMP,4,2,0.019388018,1
extreme_051,Extreme,OpenMP,4,3,0.049909241,1
extreme_051,Extreme,OpenMP,4,4,0.057008868,1
extreme_051,Extreme,OpenMP,4,5,0.039655018,1
extreme_051,Extreme,OpenMP,8,1,0.011698944,1
extreme_051,Extreme,OpenMP,8,2,0.011338540,1
extreme_051,Extreme,OpenMP,8,3,0.009115156,1
extreme_051,Extreme,OpenMP,8,4,0.019509303,1
extreme_051,Extreme,OpenMP,8,5,0.019618949,1
extreme_051,Extreme,OpenMP,16,1,0.019919053,1
extreme_051,Extreme,OpenMP,16,2,0.019707716,1
extreme_051,Extreme,OpenMP,16,3,0.019773908,1
extreme_051,Extreme,OpenMP,16,4,0.012636019,1
extreme_051,Extreme,OpenMP,16,5,0.019702639,1
extreme_052,Extreme,Serial,1,1,0.120890545,1
extreme_052,Extreme,Serial,1,2,0.119756483,1
extreme_052,Extreme,Serial,1,3,0.118842478,1
extreme_052,Extreme,Serial,1,4,0.119134457,1
extreme_052,Extreme,Serial,1,5,0.119037038,1
extreme_052,Extreme,Serial-MRV,1,1,0.171364870,1
extreme_052,Extreme,Serial-MRV,1,2,0.171369368,1
extreme_052,Extreme,Serial-MRV,1,3,0.171856408,1
extreme_052,Extreme,Serial-MRV,1,4,0.171641703,1
extreme_052,Extreme,Serial-MRV,1,5,0.171518112,1
extreme_052,Extreme,DLX,1,1,0.000141551,1
extreme_052,Extreme,DLX,1,2,0.000129408,1
extreme_052,Extreme,DLX,1,3,0.000140406,1
extreme_052,Extreme,DLX,1,4,0.000118933,1
extreme_052,Extreme,DLX,1,5,0.000119019,1
extreme_052,Extreme,DLX-OMP,4,1,0.000358573,1
extreme_052,Extreme,DLX-OMP,4,2,0.000326315,1
extreme_052,Extreme,DLX-OMP,4,3,0.000470053,1
extreme_052,Extreme,DLX-OMP,4,4,0.000313015,1
extreme_052,Extreme,DLX-OMP,4,5,0.000220284,1
extreme_052,Extreme,DLX-OMP,8,1,0.000693877,1
extreme_052,Extreme,DLX-OMP,8,2,0.000235990,1
extreme_052,Extreme,DLX-OMP,8,3,0.000425973,1
extreme_052,Extreme,DLX-OMP,8,4,0.000302638,1
extreme_052,Extreme,DLX-OMP,8,5,0.000552912,1
extreme_052,Extreme,DLX-OMP,16,1,0.001612184,1
extreme_052,Extreme,DLX-OMP,16,2,0.000571731,1
extreme_052,Extreme,DLX-OMP,16,3,0.000582938,1
extreme_052,Extreme,DLX-OMP,16,4,0.000755297,1
extreme_052,Extreme,DLX-OMP,16,5,0.000417048,1
extreme_052,Extreme,OpenMP,4,1,0.026553509,1
extreme_052,Extreme,OpenMP,4,2,0.022359405,1
extreme_052,Extreme,OpenMP,4,3,0.022402851,1
extreme_052,Extreme,OpenMP,4,4,0.022469675,1
extreme_052,Extreme,OpenMP,4,5,0.022506749,1
extreme_052,Extreme,OpenMP,8,1,0.023064807,1
extreme_052,Extreme,OpenMP,8,2,0.022656571,1
extreme_052,Extreme,OpenMP,8,3,0.022707281,1
extreme_052,Extreme,OpenMP,8,4,0.022664739,1
extreme_052,Extreme,OpenMP,8,5,0.022653921,1
extreme_052,Extreme,OpenMP,16,1,0.023255739,1
extreme_052,Extreme,OpenMP,16,2,0.022833813,1
extreme_052,Extreme,OpenMP,16,3,0.022775694,1
extreme_052,Extreme,OpenMP,16,4,0.022799165,1
extreme_052,Extreme,OpenMP,16,5,0.022763493,1
extreme_053,Extreme,Serial,1,1,0.697673748,1
extreme_053,Extreme,Serial,1,2,0.607240745,1
extreme_053,Extreme,Serial,1,3,0.607003561,1
extreme_053,Extreme,Serial,1,4,0.606491698,1
extreme_053,Extreme,Serial,1,5,0.607009359,1
extreme_053,Extreme,Serial-MRV,1,1,0.237779320,1
extreme_053,Extreme,Serial-MRV,1,2,0.236990593,1
extreme_053,Extreme,Serial-MRV,1,3,0.234636117,1
extreme_053,Extreme,Serial-MRV,1,4,0.234345302,1
extreme_053,Extreme,Serial-MRV,1,5,0.235435597,1
extreme_053,Extreme,DLX,1,1,0.000172741,1
extreme_053,Extreme,DLX,1,2,0.000163358,1
extreme_053,Extreme,DLX,1,3,0.000165059,1
extreme_053,Extreme,DLX,1,4,0.000148074,1
extreme_053,Extreme,DLX,1,5,0.000147714,1
extreme_053,Extreme,DLX-OMP,4,1,0.000416461,1
extreme_053,Extreme,DLX-OMP,4,2,0.000369848,1
extreme_053,Extreme,DLX-OMP,4,3,0.000268448,1
extreme_053,Extreme,DLX-OMP,4,4,0.000489120,1
extreme_053,Extreme,DLX-OMP,4,5,0.000531410,1
extreme_053,Extreme,DLX-OMP,8,1,0.000777440,1
extreme_053,Extreme,DLX-OMP,8,2,0.000505517,1
extreme_053,Extreme,DLX-OMP,8,3,0.000346996,1
extreme_053,Extreme,DLX-OMP,8,4,0.000662003,1
extreme_053,Extreme,DLX-OMP,8,5,0.000637802,1
extreme_053,Extreme,DLX-OMP,16,1,0.001460485,1
extreme_053,Extreme,DLX-OMP,16,2,0.000518535,1
extreme_053,Extreme,DLX-OMP,16,3,0.000697454,1
extreme_053,Extreme,DLX-OMP,16,4,0.000526867,1
extreme_053,Extreme,DLX-OMP,16,5,0.000544318,1
extreme_053,Extreme,OpenMP,4,1,0.270003054,1
extreme_053,Extreme,OpenMP,4,2,0.239052668,1
extreme_053,Extreme,OpenMP,4,3,0.182508917,1
extreme_053,Extreme,OpenMP,4,4,0.162560274,1
extreme_053,Extreme,OpenMP,4,5,0.153992586,1
extreme_053,Extreme,OpenMP,8,1,0.242282986,1
extreme_053,Extreme,OpenMP,8,2,0.245512684,1
extreme_053,Extreme,OpenMP,8,3,0.247500880,1
extreme_053,Extreme,OpenMP,8,4,0.154196383,1
extreme_053,Extreme,OpenMP,8,5,0.204308735,1
extreme_053,Extreme,OpenMP,16,1,0.256117684,1
extreme_053,Extreme,OpenMP,16,2,0.252877814,1
extreme_053,Extreme,OpenMP,16,3,0.252576763,1
extreme_053,Extreme,OpenMP,16,4,0.251890755,1
extreme_053,Extreme,OpenMP,16,5,0.250638811,1
extreme_054,Extreme,Serial,1,1,0.278752271,1
extreme_054,Extreme,Serial,1,2,0.182383346,1
extreme_054,Extreme,Serial,1,3,0.182717365,1
extreme_054,Extreme,Serial,1,4,0.182374618,1
extreme_054,Extreme,Serial,1,5,0.168397548,1
extreme_054,Extreme,Serial-MRV,1,1,0.194095048,1
extreme_054,Extreme,Serial-MRV,1,2,0.194057050,1
extreme_054,Extreme,Serial-MRV,1,3,0.196145545,1
extreme_054,Extreme,Serial-MRV,1,4,0.193985571,1
extreme_054,Extreme,Serial-MRV,1,5,0.193587129,1
extreme_054,Extreme,DLX,1,1,0.000388675,1
extreme_054,Extreme,DLX,1,2,0.000302790,1
extreme_054,Extreme,DLX,1,3,0.000306966,1
extreme_054,Extreme,DLX,1,4,0.000300823,1
extreme_054,Extreme,DLX,1,5,0.000299163,1
extreme_054,Extreme,DLX-OMP,4,1,0.001239277,1
extreme_054,Extreme,DLX-OMP,4,2,0.000510218,1
extreme_054,Extreme,DLX-OMP,4,3,0.000431708,1
extreme_054,Extreme,DLX-OMP,4,4,0.001046768,1
extreme_054,Extreme,DLX-OMP,4,5,0.001041464,1
extreme_054,Extreme,DLX-OMP,8,1,0.001474268,1
extreme_054,Extreme,DLX-OMP,8,2,0.001052755,1
extreme_054,Extreme,DLX-OMP,8,3,0.000892722,1
extreme_054,Extreme,DLX-OMP,8,4,0.000891527,1
extreme_054,Extreme,DLX-OMP,8,5,0.000892633,1
extreme_054,Extreme,DLX-OMP,16,1,0.001822027,1
extreme_054,Extreme,DLX-OMP,16,2,0.000912481,1
extreme_054,Extreme,DLX-OMP,16,3,0.001048703,1
extreme_054,Extreme,DLX-OMP,16,4,0.000930868,1
extreme_054,Extreme,DLX-OMP,16,5,0.001072872,1
extreme_054,Extreme,OpenMP,4,1,0.005728235,1
extreme_054,Extreme,OpenMP,4,2,0.056425812,1
extreme_054,Extreme,OpenMP,4,3,0.063551116,1
extreme_054,Extreme,OpenMP,4,4,0.054881043,1
extreme_054,Extreme,OpenMP,4,5,0.071280586,1
extreme_054,Extreme,OpenMP,8,1,0.003595767,1
extreme_054,Extreme,OpenMP,8,2,0.005666637,1
extreme_054,Extreme,OpenMP,8,3,0.003502036,1
extreme_054,Extreme,OpenMP,8,4,0.005688928,1
extreme_054,Extreme,OpenMP,8,5,0.005790954,1
extreme_054,Extreme,OpenMP,16,1,0.006645908,1
extreme_054,Extreme,OpenMP,16,2,0.005951228,1
extreme_054,Extreme,OpenMP,16,3,0.005898321,1
extreme_054,Extreme,OpenMP,16,4,0.006002846,1
extreme_054,Extreme,OpenMP,16,5,0.003623247,1
extreme_055,Extreme,Serial,1,1,0.414565659,1
extreme_055,Extreme,Serial,1,2,0.414517979,1
extreme_055,Extreme,Serial,1,3,0.413797802,1
extreme_055,Extreme,Serial,1,4,0.417513252,1
extreme_055,Extreme,Serial,1,5,0.415834751,1
extreme_055,Extreme,Serial-MRV,1,1,0.345831433,1
extreme_055,Extreme,Serial-MRV,1,2,0.299165890,1
extreme_055,Extreme,Serial-MRV,1,3,0.291930432,1
extreme_055,Extreme,Serial-MRV,1,4,0.291889009,1
extreme_055,Extreme,Serial-MRV,1,5,0.292803248,1
extreme_055,Extreme,DLX,1,1,0.000222349,1
extreme_055,Extreme,DLX,1,2,0.000163902,1
extreme_055,Extreme,DLX,1,3,0.000166254,1
extreme_055,Extreme,DLX,1,4,0.000151134,1
extreme_055,Extreme,DLX,1,5,0.000151453,1
extreme_055,Extreme,DLX-OMP,4,1,0.000984770,1
extreme_055,Extreme,DLX-OMP,4,2,0.000778093,1
extreme_055,Extreme,DLX-OMP,4,3,0.000259620,1
extreme_055,Extreme,DLX-OMP,4,4,0.000591524,1
extreme_055,Extreme,DLX-OMP,4,5,0.000479530,1
extreme_055,Extreme,DLX-OMP,8,1,0.000710186,1
extreme_055,Extreme,DLX-OMP,8,2,0.000513727,1
extreme_055,Extreme,DLX-OMP,8,3,0.000317827,1
extreme_055,Extreme,DLX-OMP,8,4,0.000267082,1
extreme_055,Extreme,DLX-OMP,8,5,0.000689009,1
extreme_055,Extreme,DLX-OMP,16,1,0.000781927,1
extreme_055,Extreme,DLX-OMP,16,2,0.000691372,1
extreme_055,Extreme,DLX-OMP,16,3,0.000498706,1
extreme_055,Extreme,DLX-OMP,16,4,0.000691315,1
extreme_055,Extreme,DLX-OMP,16,5,0.000317280,1
extreme_055,Extreme,OpenMP,4,1,0.012123427,1
extreme_055,Extreme,OpenMP,4,2,0.011593601,1
extreme_055,Extreme,OpenMP,4,3,0.024511915,1
extreme_055,Extreme,OpenMP,4,4,0.011414578,1
extreme_055,Extreme,OpenMP,4,5,0.025255559,1
extreme_055,Extreme,OpenMP,8,1,0.021990859,1
extreme_055,Extreme,OpenMP,8,2,0.021226436,1
extreme_055,Extreme,OpenMP,8,3,0.021667820,1
extreme_055,Extreme,OpenMP,8,4,0.021419450,1
extreme_055,Extreme,OpenMP,8,5,0.021613836,1
extreme_055,Extreme,OpenMP,16,1,0.022667882,1
extreme_055,Extreme,OpenMP,16,2,0.021525726,1
extreme_055,Extreme,OpenMP,16,3,0.021500583,1
extreme_055,Extreme,OpenMP,16,4,0.021501589,1
extreme_055,Extreme,OpenMP,16,5,0.012561653,1
extreme_056,Extreme,Serial,1,1,0.301275643,1
extreme_056,Extreme,Serial,1,2,0.228210468,1
extreme_056,Extreme,Serial,1,3,0.228734513,1
extreme_056,Extreme,Serial,1,4,0.228676510,1
extreme_056,Extreme,Serial,1,5,0.228648855,1
extreme_056,Extreme,Serial-MRV,1,1,0.227503290,1
extreme_056,Extreme,Serial-MRV,1,2,0.226891204,1
extreme_056,Extreme,Serial-MRV,1,3,0.224669918,1
extreme_056,Extreme,Serial-MRV,1,4,0.224088921,1
extreme_056,Extreme,Serial-MRV,1,5,0.224102725,1
extreme_056,Extreme,DLX,1,1,0.000177503,1
extreme_056,Extreme,DLX,1,2,0.000163075,1
extreme_056,Extreme,DLX,1,3,0.000170330,1
extreme_056,Extreme,DLX,1,4,0.000149655,1
extreme_056,Extreme,DLX,1,5,0.000150035,1
extreme_056,Extreme,DLX-OMP,4,1,0.000385895,1
extreme_056,Extreme,DLX-OMP,4,2,0.000357265,1
extreme_056,Extreme,DLX-OMP,4,3,0.000600440,1
extreme_056,Extreme,DLX-OMP,4,4,0.000308944,1
extreme_056,Extreme,DLX-OMP,4,5,0.000327595,1
extreme_056,Extreme,DLX-OMP,8,1,0.000613082,1
extreme_056,Extreme,DLX-OMP,8,2,0.000676267,1
extreme_056,Extreme,DLX-OMP,8,3,0.000328641,1
extreme_056,Extreme,DLX-OMP,8,4,0.000679394,1
extreme_056,Extreme,DLX-OMP,8,5,0.000329024,1
extreme_056,Extreme,DLX-OMP,16,1,0.001457150,1
extreme_056,Extreme,DLX-OMP,16,2,0.000709446,1
extreme_056,Extreme,DLX-OMP,16,3,0.000642029,1
extreme_056,Extreme,DLX-OMP,16,4,0.000642881,1
extreme_056,Extreme,DLX-OMP,16,5,0.000546728,1
extreme_056,Extreme,OpenMP,4,1,0.059820970,1
extreme_056,Extreme,OpenMP,4,2,0.035903230,1
extreme_056,Extreme,OpenMP,4,3,0.059777211,1
extreme_056,Extreme,OpenMP,4,4,0.045390202,1
extreme_056,Extreme,OpenMP,4,5,0.061236338,1
extreme_056,Extreme,OpenMP,8,1,0.047998258,1
extreme_056,Extreme,OpenMP,8,2,0.056345741,1
extreme_056,Extreme,OpenMP,8,3,0.059137332,1
extreme_056,Extreme,OpenMP,8,4,0.034908596,1
extreme_056,Extreme,OpenMP,8,5,0.059290226,1
extreme_056,Extreme,OpenMP,16,1,0.060754946,1
extreme_056,Extreme,OpenMP,16,2,0.059598499,1
extreme_056,Extreme,OpenMP,16,3,0.045914610,1
extreme_056,Extreme,OpenMP,16,4,0.059837568,1
extreme_056,Extreme,OpenMP,16,5,0.059727614,1
extreme_057,Extreme,Serial,1,1,0.011993372,1
extreme_057,Extreme,Serial,1,2,0.011865501,1
extreme_057,Extreme,Serial,1,3,0.011865915,1
extreme_057,Extreme,Serial,1,4,0.011875122,1
extreme_057,Extreme,Serial,1,5,0.011889879,1
extreme_057,Extreme,Serial-MRV,1,1,0.311631703,1
extreme_057,Extreme,Serial-MRV,1,2,0.281412993,1
extreme_057,Extreme,Serial-MRV,1,3,0.271840251,1
extreme_057,Extreme,Serial-MRV,1,4,0.195410036,1
extreme_057,Extreme,Serial-MRV,1,5,0.195903405,1
extreme_057,Extreme,DLX,1,1,0.000168361,1
extreme_057,Extreme,DLX,1,2,0.000118377,1
extreme_057,Extreme,DLX,1,3,0.000118290,1
extreme_057,Extreme,DLX,1,4,0.000116075,1
extreme_057,Extreme,DLX,1,5,0.000116626,1
extreme_057,Extreme,DLX-OMP,4,1,0.000860548,1
extreme_057,Extreme,DLX-OMP,4,2,0.000320982,1
extreme_057,Extreme,DLX-OMP,4,3,0.000280735,1
extreme_057,Extreme,DLX-OMP,4,4,0.000306024,1
extreme_057,Extreme,DLX-OMP,4,5,0.000514000,1
extreme_057,Extreme,DLX-OMP,8,1,0.000618322,1
extreme_057,Extreme,DLX-OMP,8,2,0.000559747,1
extreme_057,Extreme,DLX-OMP,8,3,0.000601266,1
extreme_057,Extreme,DLX-OMP,8,4,0.000581956,1
extreme_057,Extreme,DLX-OMP,8,5,0.000403922,1
extreme_057,Extreme,DLX-OMP,16,1,0.001268901,1
extreme_057,Extreme,DLX-OMP,16,2,0.000273425,1
extreme_057,Extreme,DLX-OMP,16,3,0.000276132,1
extreme_057,Extreme,DLX-OMP,16,4,0.000587317,1
extreme_057,Extreme,DLX-OMP,16,5,0.000565544,1
extreme_057,Extreme,OpenMP,4,1,0.019103503,1
extreme_057,Extreme,OpenMP,4,2,0.018489942,1
extreme_057,Extreme,OpenMP,4,3,0.018832169,1
extreme_057,Extreme,OpenMP,4,4,0.018509012,1
extreme_057,Extreme,OpenMP,4,5,0.018509106,1
extreme_057,Extreme,OpenMP,8,1,0.018566676,1
extreme_057,Extreme,OpenMP,8,2,0.018619488,1
extreme_057,Extreme,OpenMP,8,3,0.008651805,1
extreme_057,Extreme,OpenMP,8,4,0.018410907,1
extreme_057,Extreme,OpenMP,8,5,0.018810630,1
extreme_057,Extreme,OpenMP,16,1,0.018956931,1
extreme_057,Extreme,OpenMP,16,2,0.009090284,1
extreme_057,Extreme,OpenMP,16,3,0.018685307,1
extreme_057,Extreme,OpenMP,16,4,0.018558864,1
extreme_057,Extreme,OpenMP,16,5,0.018655164,1
extreme_058,Extreme,Serial,1,1,0.412710331,1
extreme_058,Extreme,Serial,1,2,0.410255464,1
extreme_058,Extreme,Serial,1,3,0.412174780,1
extreme_058,Extreme,Serial,1,4,0.412715441,1
extreme_058,Extreme,Serial,1,5,0.413173405,1
extreme_058,Extreme,Serial-MRV,1,1,0.258529630,1
extreme_058,Extreme,Serial-MRV,1,2,0.256508708,1
extreme_058,Extreme,Serial-MRV,1,3,0.256451520,1
extreme_058,Extreme,Serial-MRV,1,4,0.256563410,1
extreme_058,Extreme,Serial-MRV,1,5,0.256615203,1
extreme_058,Extreme,DLX,1,1,0.000242938,1
extreme_058,Extreme,DLX,1,2,0.000204069,1
extreme_058,Extreme,DLX,1,3,0.000200210,1
extreme_058,Extreme,DLX,1,4,0.000198832,1
extreme_058,Extreme,DLX,1,5,0.000197499,1
extreme_058,Extreme,DLX-OMP,4,1,0.000778506,1
extreme_058,Extreme,DLX-OMP,4,2,0.000340188,1
extreme_058,Extreme,DLX-OMP,4,3,0.000362944,1
extreme_058,Extreme,DLX-OMP,4,4,0.000730551,1
extreme_058,Extreme,DLX-OMP,4,5,0.000378720,1
extreme_058,Extreme,DLX-OMP,8,1,0.000920357,1
extreme_058,Extreme,DLX-OMP,8,2,0.000819255,1
extreme_058,Extreme,DLX-OMP,8,3,0.000616640,1
extreme_058,Extreme,DLX-OMP,8,4,0.000634472,1
extreme_058,Extreme,DLX-OMP,8,5,0.000638982,1
extreme_058,Extreme,DLX-OMP,16,1,0.001111163,1
extreme_058,Extreme,DLX-OMP,16,2,0.000729895,1
extreme_058,Extreme,DLX-OMP,16,3,0.000795608,1
extreme_058,Extreme,DLX-OMP,16,4,0.000800307,1
extreme_058,Extreme,DLX-OMP,16,5,0.000856641,1
extreme_058,Extreme,OpenMP,4,1,0.138471387,1
extreme_058,Extreme,OpenMP,4,2,0.107511866,1
extreme_058,Extreme,OpenMP,4,3,0.120247010,1
extreme_058,Extreme,OpenMP,4,4,0.061973878,1
extreme_058,Extreme,OpenMP,4,5,0.096724493,1
extreme_058,Extreme,OpenMP,8,1,0.138246732,1
extreme_058,Extreme,OpenMP,8,2,0.138680257,1
extreme_058,Extreme,OpenMP,8,3,0.134687365,1
extreme_058,Extreme,OpenMP,8,4,0.138276991,1
extreme_058,Extreme,OpenMP,8,5,0.125781824,1
extreme_058,Extreme,OpenMP,16,1,0.139889999,1
extreme_058,Extreme,OpenMP,16,2,0.139167542,1
extreme_058,Extreme,OpenMP,16,3,0.138642757,1
extreme_058,Extreme,OpenMP,16,4,0.138710495,1
extreme_058,Extreme,OpenMP,16,5,0.138670535,1
extreme_059,Extreme,Serial,1,1,0.137771155,1
extreme_059,Extreme,Serial,1,2,0.087333505,1
extreme_059,Extreme,Serial,1,3,0.077935434,1
extreme_059,Extreme,Serial,1,4,0.077534431,1
extreme_059,Extreme,Serial,1,5,0.077918116,1
extreme_059,Extreme,Serial-MRV,1,1,0.287639856,1
extreme_059,Extreme,Serial-MRV,1,2,0.212066243,1
extreme_059,Extreme,Serial-MRV,1,3,0.201526159,1
extreme_059,Extreme,Serial-MRV,1,4,0.201791028,1
extreme_059,Extreme,Serial-MRV,1,5,0.202603861,1
extreme_059,Extreme,DLX,1,1,0.000389029,1
extreme_059,Extreme,DLX,1,2,0.000302911,1
extreme_059,Extreme,DLX,1,3,0.000298495,1
extreme_059,Extreme,DLX,1,4,0.000296308,1
extreme_059,Extreme,DLX,1,5,0.000298651,1
extreme_059,Extreme,DLX-OMP,4,1,0.000924214,1
extreme_059,Extreme,DLX-OMP,4,2,0.001055611,1
extreme_059,Extreme,DLX-OMP,4,3,0.000917789,1
extreme_059,Extreme,DLX-OMP,4,4,0.001019537,1
extreme_059,Extreme,DLX-OMP,4,5,0.000929507,1
extreme_059,Extreme,DLX-OMP,8,1,0.001224745,1
extreme_059,Extreme,DLX-OMP,8,2,0.001056491,1
extreme_059,Extreme,DLX-OMP,8,3,0.000901098,1
extreme_059,Extreme,DLX-OMP,8,4,0.001061772,1
extreme_059,Extreme,DLX-OMP,8,5,0.000892572,1
extreme_059,Extreme,DLX-OMP,16,1,0.001201575,1
extreme_059,Extreme,DLX-OMP,16,2,0.001078862,1
extreme_059,Extreme,DLX-OMP,16,3,0.000927483,1
extreme_059,Extreme,DLX-OMP,16,4,0.000923606,1
extreme_059,Extreme,DLX-OMP,16,5,0.001109035,1
extreme_059,Extreme,OpenMP,4,1,0.010937928,1
extreme_059,Extreme,OpenMP,4,2,0.009918007,1
extreme_059,Extreme,OpenMP,4,3,0.009894471,1
extreme_059,Extreme,OpenMP,4,4,0.009864143,1
extreme_059,Extreme,OpenMP,4,5,0.010534623,1
extreme_059,Extreme,OpenMP,8,1,0.007365827,1
extreme_059,Extreme,OpenMP,8,2,0.014824845,1
extreme_059,Extreme,OpenMP,8,3,0.015126116,1
extreme_059,Extreme,OpenMP,8,4,0.014865328,1
extreme_059,Extreme,OpenMP,8,5,0.014919011,1
extreme_059,Extreme,OpenMP,16,1,0.015331096,1
extreme_059,Extreme,OpenMP,16,2,0.014984750,1
extreme_059,Extreme,OpenMP,16,3,0.007462565,1
extreme_059,Extreme,OpenMP,16,4,0.015112627,1
extreme_059,Extreme,OpenMP,16,5,0.015016413,1
extreme_060,Extreme,Serial,1,1,0.176597190,1
extreme_060,Extreme,Serial,1,2,0.115526288,1
extreme_060,Extreme,Serial,1,3,0.115387170,1
extreme_060,Extreme,Serial,1,4,0.115377496,1
extreme_060,Extreme,Serial,1,5,0.115040351,1
extreme_060,Extreme,Serial-MRV,1,1,0.614456858,1
extreme_060,Extreme,Serial-MRV,1,2,0.558376177,1
extreme_060,Extreme,Serial-MRV,1,3,0.557661467,1
extreme_060,Extreme,Serial-MRV,1,4,0.559484510,1
extreme_060,Extreme,Serial-MRV,1,5,0.558188470,1
extreme_060,Extreme,DLX,1,1,0.000665541,1
extreme_060,Extreme,DLX,1,2,0.000610339,1
extreme_060,Extreme,DLX,1,3,0.000606143,1
extreme_060,Extreme,DLX,1,4,0.000607737,1
extreme_060,Extreme,DLX,1,5,0.000605176,1
extreme_060,Extreme,DLX-OMP,4,1,0.001021504,1
extreme_060,Extreme,DLX-OMP,4,2,0.000858434,1
extreme_060,Extreme,DLX-OMP,4,3,0.000871070,1
extreme_060,Extreme,DLX-OMP,4,4,0.000857545,1
extreme_060,Extreme,DLX-OMP,4,5,0.001661528,1
extreme_060,Extreme,DLX-OMP,8,1,0.001952212,1
extreme_060,Extreme,DLX-OMP,8,2,0.001857144,1
extreme_060,Extreme,DLX-OMP,8,3,0.000873039,1
extreme_060,Extreme,DLX-OMP,8,4,0.001661827,1
extreme_060,Extreme,DLX-OMP,8,5,0.001676162,1
extreme_060,Extreme,DLX-OMP,16,1,0.002491793,1
extreme_060,Extreme,DLX-OMP,16,2,0.000917281,1
extreme_060,Extreme,DLX-OMP,16,3,0.000942260,1
extreme_060,Extreme,DLX-OMP,16,4,0.001889004,1
extreme_060,Extreme,DLX-OMP,16,5,0.001838843,1
extreme_060,Extreme,OpenMP,4,1,0.092182674,1
extreme_060,Extreme,OpenMP,4,2,0.147071096,1
extreme_060,Extreme,OpenMP,4,3,0.033238704,1
extreme_060,Extreme,OpenMP,4,4,0.032969940,1
extreme_060,Extreme,OpenMP,4,5,0.142860188,1
extreme_060,Extreme,OpenMP,8,1,0.058495770,1
extreme_060,Extreme,OpenMP,8,2,0.057984479,1
extreme_060,Extreme,OpenMP,8,3,0.012418249,1
extreme_060,Extreme,OpenMP,8,4,0.007228516,1
extreme_060,Extreme,OpenMP,8,5,0.052405266,1
extreme_060,Extreme,OpenMP,16,1,0.008192529,1
extreme_060,Extreme,OpenMP,16,2,0.012502280,1
extreme_060,Extreme,OpenMP,16,3,0.007541204,1
extreme_060,Extreme,OpenMP,16,4,0.012466346,1
extreme_060,Extreme,OpenMP,16,5,0.012413612,1
extreme_061,Extreme,Serial,1,1,0.372244379,1
extreme_061,Extreme,Serial,1,2,0.289661792,1
extreme_061,Extreme,Serial,1,3,0.261255477,1
extreme_061,Extreme,Serial,1,4,0.203038805,1
extreme_061,Extreme,Serial,1,5,0.203001085,1
extreme_061,Extreme,Serial-MRV,1,1,0.193049129,1
extreme_061,Extreme,Serial-MRV,1,2,0.193128906,1
extreme_061,Extreme,Serial-MRV,1,3,0.192706024,1
extreme_061,Extreme,Serial-MRV,1,4,0.193048889,1
extreme_061,Extreme,Serial-MRV,1,5,0.192718223,1
extreme_061,Extreme,DLX,1,1,0.000269431,1
extreme_061,Extreme,DLX,1,2,0.000202242,1
extreme_061,Extreme,DLX,1,3,0.000209454,1
extreme_061,Extreme,DLX,1,4,0.000198465,1
extreme_061,Extreme,DLX,1,5,0.000199069,1
extreme_061,Extreme,DLX-OMP,4,1,0.000897274,1
extreme_061,Extreme,DLX-OMP,4,2,0.000351813,1
extreme_061,Extreme,DLX-OMP,4,3,0.000344801,1
extreme_061,Extreme,DLX-OMP,4,4,0.000377197,1
extreme_061,Extreme,DLX-OMP,4,5,0.000311349,1
extreme_061,Extreme,DLX-OMP,8,1,0.000879820,1
extreme_061,Extreme,DLX-OMP,8,2,0.000358290,1
extreme_061,Extreme,DLX-OMP,8,3,0.000783188,1
extreme_061,Extreme,DLX-OMP,8,4,0.000789453,1
extreme_061,Extreme,DLX-OMP,8,5,0.000321196,1
extreme_061,Extreme,DLX-OMP,16,1,0.001592046,1
extreme_061,Extreme,DLX-OMP,16,2,0.000652549,1
extreme_061,Extreme,DLX-OMP,16,3,0.000775247,1
extreme_061,Extreme,DLX-OMP,16,4,0.000619730,1
extreme_061,Extreme,DLX-OMP,16,5,0.000808989,1
extreme_061,Extreme,OpenMP,4,1,0.054929680,1
extreme_061,Extreme,OpenMP,4,2,0.080197948,1
extreme_061,Extreme,OpenMP,4,3,0.045281667,1
extreme_061,Extreme,OpenMP,4,4,0.090185736,1
extreme_061,Extreme,OpenMP,4,5,0.136197967,1
extreme_061,Extreme,OpenMP,8,1,0.080148111,1
extreme_061,Extreme,OpenMP,8,2,0.080249359,1
extreme_061,Extreme,OpenMP,8,3,0.074716455,1
extreme_061,Extreme,OpenMP,8,4,0.045753661,1
extreme_061,Extreme,OpenMP,8,5,0.046445666,1
extreme_061,Extreme,OpenMP,16,1,0.080694551,1
extreme_061,Extreme,OpenMP,16,2,0.053719614,1
extreme_061,Extreme,OpenMP,16,3,0.052480468,1
extreme_061,Extreme,OpenMP,16,4,0.080313038,1
extreme_061,Extreme,OpenMP,16,5,0.062467736,1
extreme_062,Extreme,Serial,1,1,0.178679657,1
extreme_062,Extreme,Serial,1,2,0.147299719,1
extreme_062,Extreme,Serial,1,3,0.146926325,1
extreme_062,Extreme,Serial,1,4,0.146996713,1
extreme_062,Extreme,Serial,1,5,0.114820148,1
extreme_062,Extreme,Serial-MRV,1,1,0.224076040,1
extreme_062,Extreme,Serial-MRV,1,2,0.223482086,1
extreme_062,Extreme,Serial-MRV,1,3,0.222001363,1
extreme_062,Extreme,Serial-MRV,1,4,0.221181436,1
extreme_062,Extreme,Serial-MRV,1,5,0.220677850,1
extreme_062,Extreme,DLX,1,1,0.000251469,1
extreme_062,Extreme,DLX,1,2,0.000246543,1
extreme_062,Extreme,DLX,1,3,0.000252714,1
extreme_062,Extreme,DLX,1,4,0.000244213,1
extreme_062,Extreme,DLX,1,5,0.000243450,1
extreme_062,Extreme,DLX-OMP,4,1,0.000545926,1
extreme_062,Extreme,DLX-OMP,4,2,0.000809790,1
extreme_062,Extreme,DLX-OMP,4,3,0.000766893,1
extreme_062,Extreme,DLX-OMP,4,4,0.000733934,1
extreme_062,Extreme,DLX-OMP,4,5,0.000737443,1
extreme_062,Extreme,DLX-OMP,8,1,0.001053427,1
extreme_062,Extreme,DLX-OMP,8,2,0.000926715,1
extreme_062,Extreme,DLX-OMP,8,3,0.000413234,1
extreme_062,Extreme,DLX-OMP,8,4,0.000762765,1
extreme_062,Extreme,DLX-OMP,8,5,0.000757018,1
extreme_062,Extreme,DLX-OMP,16,1,0.002126767,1
extreme_062,Extreme,DLX-OMP,16,2,0.000942295,1
extreme_062,Extreme,DLX-OMP,16,3,0.000970417,1
extreme_062,Extreme,DLX-OMP,16,4,0.000944400,1
extreme_062,Extreme,DLX-OMP,16,5,0.000500673,1
extreme_062,Extreme,OpenMP,4,1,0.090498439,1
extreme_062,Extreme,OpenMP,4,2,0.091172158,1
extreme_062,Extreme,OpenMP,4,3,0.063417638,1
extreme_062,Extreme,OpenMP,4,4,0.089755800,1
extreme_062,Extreme,OpenMP,4,5,0.051590875,1
extreme_062,Extreme,OpenMP,8,1,0.052561260,1
extreme_062,Extreme,OpenMP,8,2,0.090399142,1
extreme_062,Extreme,OpenMP,8,3,0.051810583,1
extreme_062,Extreme,OpenMP,8,4,0.090754711,1
extreme_062,Extreme,OpenMP,8,5,0.063505698,1
extreme_062,Extreme,OpenMP,16,1,0.091521542,1
extreme_062,Extreme,OpenMP,16,2,0.086740276,1
extreme_062,Extreme,OpenMP,16,3,0.071380323,1
extreme_062,Extreme,OpenMP,16,4,0.091687810,1
extreme_062,Extreme,OpenMP,16,5,0.091192212,1
extreme_063,Extreme,Serial,1,1,0.094353508,1
extreme_063,Extreme,Serial,1,2,0.083634493,1
extreme_063,Extreme,Serial,1,3,0.052802515,1
extreme_063,Extreme,Serial,1,4,0.052768924,1
extreme_063,Extreme,Serial,1,5,0.053136919,1
extreme_063,Extreme,Serial-MRV,1,1,0.321278572,1
extreme_063,Extreme,Serial-MRV,1,2,0.278312150,1
extreme_063,Extreme,Serial-MRV,1,3,0.227859266,1
extreme_063,Extreme,Serial-MRV,1,4,0.228318302,1
extreme_063,Extreme,Serial-MRV,1,5,0.228294856,1
extreme_063,Extreme,DLX,1,1,0.000219701,1
extreme_063,Extreme,DLX,1,2,0.000182778,1
extreme_063,Extreme,DLX,1,3,0.000176217,1
extreme_063,Extreme,DLX,1,4,0.000175606,1
extreme_063,Extreme,DLX,1,5,0.000174899,1
extreme_063,Extreme,DLX-OMP,4,1,0.000780913,1
extreme_063,Extreme,DLX-OMP,4,2,0.000322785,1
extreme_063,Extreme,DLX-OMP,4,3,0.000660708,1
extreme_063,Extreme,DLX-OMP,4,4,0.000531993,1
extreme_063,Extreme,DLX-OMP,4,5,0.000695378,1
extreme_063,Extreme,DLX-OMP,8,1,0.000851709,1
extreme_063,Extreme,DLX-OMP,8,2,0.000582355,1
extreme_063,Extreme,DLX-OMP,8,3,0.000549787,1
extreme_063,Extreme,DLX-OMP,8,4,0.000295966,1
extreme_063,Extreme,DLX-OMP,8,5,0.000579888,1
extreme_063,Extreme,DLX-OMP,16,1,0.001859591,1
extreme_063,Extreme,DLX-OMP,16,2,0.000792771,1
extreme_063,Extreme,DLX-OMP,16,3,0.000705455,1
extreme_063,Extreme,DLX-OMP,16,4,0.000713091,1
extreme_063,Extreme,DLX-OMP,16,5,0.000745765,1
extreme_063,Extreme,OpenMP,4,1,0.013102043,1
extreme_063,Extreme,OpenMP,4,2,0.085644230,1
extreme_063,Extreme,OpenMP,4,3,0.074760552,1
extreme_063,Extreme,OpenMP,4,4,0.049243154,1
extreme_063,Extreme,OpenMP,4,5,0.054594042,1
extreme_063,Extreme,OpenMP,8,1,0.013321349,1
extreme_063,Extreme,OpenMP,8,2,0.007653981,1
extreme_063,Extreme,OpenMP,8,3,0.007425827,1
extreme_063,Extreme,OpenMP,8,4,0.007573340,1
extreme_063,Extreme,OpenMP,8,5,0.012881382,1
extreme_063,Extreme,OpenMP,16,1,0.013214880,1
extreme_063,Extreme,OpenMP,16,2,0.007869899,1
extreme_063,Extreme,OpenMP,16,3,0.007894314,1
extreme_063,Extreme,OpenMP,16,4,0.013010659,1
extreme_063,Extreme,OpenMP,16,5,0.007759615,1
extreme_064,Extreme,Serial,1,1,0.024476798,1
extreme_064,Extreme,Serial,1,2,0.023680153,1
extreme_064,Extreme,Serial,1,3,0.023220997,1
extreme_064,Extreme,Serial,1,4,0.023370802,1
extreme_064,Extreme,Serial,1,5,0.023315615,1
extreme_064,Extreme,Serial-MRV,1,1,0.317437855,1
extreme_064,Extreme,Serial-MRV,1,2,0.314555928,1
extreme_064,Extreme,Serial-MRV,1,3,0.315185792,1
extreme_064,Extreme,Serial-MRV,1,4,0.315142808,1
extreme_064,Extreme,Serial-MRV,1,5,0.315126875,1
extreme_064,Extreme,DLX,1,1,0.000154312,1
extreme_064,Extreme,DLX,1,2,0.000150213,1
extreme_064,Extreme,DLX,1,3,0.000148210,1
extreme_064,Extreme,DLX,1,4,0.000155237,1
extreme_064,Extreme,DLX,1,5,0.000147963,1
extreme_064,Extreme,DLX-OMP,4,1,0.000399017,1
extreme_064,Extreme,DLX-OMP,4,2,0.000404491,1
extreme_064,Extreme,DLX-OMP,4,3,0.000360175,1
extreme_064,Extreme,DLX-OMP,4,4,0.000252430,1
extreme_064,Extreme,DLX-OMP,4,5,0.000252624,1
extreme_064,Extreme,DLX-OMP,8,1,0.000589223,1
extreme_064,Extreme,DLX-OMP,8,2,0.000267039,1
extreme_064,Extreme,DLX-OMP,8,3,0.000319630,1
extreme_064,Extreme,DLX-OMP,8,4,0.000315359,1
extreme_064,Extreme,DLX-OMP,8,5,0.000667786,1
extreme_064,Extreme,DLX-OMP,16,1,0.001876397,1
extreme_064,Extreme,DLX-OMP,16,2,0.000313964,1
extreme_064,Extreme,DLX-OMP,16,3,0.000684498,1
extreme_064,Extreme,DLX-OMP,16,4,0.000489769,1
extreme_064,Extreme,DLX-OMP,16,5,0.001247319,1
extreme_064,Extreme,OpenMP,4,1,0.157126146,1
extreme_064,Extreme,OpenMP,4,2,0.156645418,1
extreme_064,Extreme,OpenMP,4,3,0.095063347,1
extreme_064,Extreme,OpenMP,4,4,0.107394079,1
extreme_064,Extreme,OpenMP,4,5,0.088865583,1
extreme_064,Extreme,OpenMP,8,1,0.113053205,1
extreme_064,Extreme,OpenMP,8,2,0.125367098,1
extreme_064,Extreme,OpenMP,8,3,0.156374495,1
extreme_064,Extreme,OpenMP,8,4,0.122005067,1
extreme_064,Extreme,OpenMP,8,5,0.155915910,1
extreme_064,Extreme,OpenMP,16,1,0.149013087,1
extreme_064,Extreme,OpenMP,16,2,0.153263267,1
extreme_064,Extreme,OpenMP,16,3,0.141794708,1
extreme_064,Extreme,OpenMP,16,4,0.107417806,1
extreme_064,Extreme,OpenMP,16,5,0.173553603,1
extreme_065,Extreme,Serial,1,1,0.325846844,1
extreme_065,Extreme,Serial,1,2,0.240788317,1
extreme_065,Extreme,Serial,1,3,0.240337452,1
extreme_065,Extreme,Serial,1,4,0.213557902,1
extreme_065,Extreme,Serial,1,5,0.168491465,1
extreme_065,Extreme,Serial-MRV,1,1,0.239463402,1
extreme_065,Extreme,Serial-MRV,1,2,0.237777009,1
extreme_065,Extreme,Serial-MRV,1,3,0.235313185,1
extreme_065,Extreme,Serial-MRV,1,4,0.235516602,1
extreme_065,Extreme,Serial-MRV,1,5,0.236546356,1
extreme_065,Extreme,DLX,1,1,0.000210307,1
extreme_065,Extreme,DLX,1,2,0.000168894,1
extreme_065,Extreme,DLX,1,3,0.000175378,1
extreme_065,Extreme,DLX,1,4,0.000167154,1
extreme_065,Extreme,DLX,1,5,0.000165544,1
extreme_065,Extreme,DLX-OMP,4,1,0.000517414,1
extreme_065,Extreme,DLX-OMP,4,2,0.000389093,1
extreme_065,Extreme,DLX-OMP,4,3,0.000300970,1
extreme_065,Extreme,DLX-OMP,4,4,0.000281343,1
extreme_065,Extreme,DLX-OMP,4,5,0.000657273,1
extreme_065,Extreme,DLX-OMP,8,1,0.000788871,1
extreme_065,Extreme,DLX-OMP,8,2,0.000518486,1
extreme_065,Extreme,DLX-OMP,8,3,0.000715625,1
extreme_065,Extreme,DLX-OMP,8,4,0.000735491,1
extreme_065,Extreme,DLX-OMP,8,5,0.000714961,1
extreme_065,Extreme,DLX-OMP,16,1,0.002097248,1
extreme_065,Extreme,DLX-OMP,16,2,0.000542361,1
extreme_065,Extreme,DLX-OMP,16,3,0.000678909,1
extreme_065,Extreme,DLX-OMP,16,4,0.000734430,1
extreme_065,Extreme,DLX-OMP,16,5,0.000556207,1
extreme_065,Extreme,OpenMP,4,1,0.004441820,1
extreme_065,Extreme,OpenMP,4,2,0.068716814,1
extreme_065,Extreme,OpenMP,4,3,0.039855542,1
extreme_065,Extreme,OpenMP,4,4,0.003985475,1
extreme_065,Extreme,OpenMP,4,5,0.082012413,1
extreme_065,Extreme,OpenMP,8,1,0.007911785,1
extreme_065,Extreme,OpenMP,8,2,0.003822688,1
extreme_065,Extreme,OpenMP,8,3,0.007843884,1
extreme_065,Extreme,OpenMP,8,4,0.007994360,1
extreme_065,Extreme,OpenMP,8,5,0.004854168,1
extreme_065,Extreme,OpenMP,16,1,0.005007481,1
extreme_065,Extreme,OpenMP,16,2,0.008066070,1
extreme_065,Extreme,OpenMP,16,3,0.008044105,1
extreme_065,Extreme,OpenMP,16,4,0.008100664,1
extreme_065,Extreme,OpenMP,16,5,0.004817347,1
extreme_066,Extreme,Serial,1,1,0.065840603,1
extreme_066,Extreme,Serial,1,2,0.063484410,1
extreme_066,Extreme,Serial,1,3,0.063932588,1
extreme_066,Extreme,Serial,1,4,0.063496974,1
extreme_066,Extreme,Serial,1,5,0.063983651,1
extreme_066,Extreme,Serial-MRV,1,1,0.205811163,1
extreme_066,Extreme,Serial-MRV,1,2,0.209160462,1
extreme_066,Extreme,Serial-MRV,1,3,0.211386218,1
extreme_066,Extreme,Serial-MRV,1,4,0.209431343,1
extreme_066,Extreme,Serial-MRV,1,5,0.260473113,1
extreme_066,Extreme,DLX,1,1,0.000339140,1
extreme_066,Extreme,DLX,1,2,0.000327161,1
extreme_066,Extreme,DLX,1,3,0.000326262,1
extreme_066,Extreme,DLX,1,4,0.000328837,1
extreme_066,Extreme,DLX,1,5,0.000324535,1
extreme_066,Extreme,DLX-OMP,4,1,0.000612408,1
extreme_066,Extreme,DLX-OMP,4,2,0.000531745,1
extreme_066,Extreme,DLX-OMP,4,3,0.000503987,1
extreme_066,Extreme,DLX-OMP,4,4,0.000509814,1
extreme_066,Extreme,DLX-OMP,4,5,0.001289273,1
extreme_066,Extreme,DLX-OMP,8,1,0.001085857,1
extreme_066,Extreme,DLX-OMP,8,2,0.001128628,1
extreme_066,Extreme,DLX-OMP,8,3,0.000983437,1
extreme_066,Extreme,DLX-OMP,8,4,0.001145863,1
extreme_066,Extreme,DLX-OMP,8,5,0.001106211,1
extreme_066,Extreme,DLX-OMP,16,1,0.001389577,1
extreme_066,Extreme,DLX-OMP,16,2,0.000988484,1
extreme_066,Extreme,DLX-OMP,16,3,0.000580046,1
extreme_066,Extreme,DLX-OMP,16,4,0.001128844,1
extreme_066,Extreme,DLX-OMP,16,5,0.000579638,1
extreme_066,Extreme,OpenMP,4,1,0.166373113,1
extreme_066,Extreme,OpenMP,4,2,0.203724805,1
extreme_066,Extreme,OpenMP,4,3,0.117486032,1
extreme_066,Extreme,OpenMP,4,4,0.136030598,1
extreme_066,Extreme,OpenMP,4,5,0.119497601,1
extreme_066,Extreme,OpenMP,8,1,0.205848224,1
extreme_066,Extreme,OpenMP,8,2,0.188801062,1
extreme_066,Extreme,OpenMP,8,3,0.118161237,1
extreme_066,Extreme,OpenMP,8,4,0.208223972,1
extreme_066,Extreme,OpenMP,8,5,0.182283945,1
extreme_066,Extreme,OpenMP,16,1,0.206136602,1
extreme_066,Extreme,OpenMP,16,2,0.176299410,1
extreme_066,Extreme,OpenMP,16,3,0.206999649,1
extreme_066,Extreme,OpenMP,16,4,0.172736313,1
extreme_066,Extreme,OpenMP,16,5,0.206299872,1
extreme_067,Extreme,Serial,1,1,0.265381264,1
extreme_067,Extreme,Serial,1,2,0.211786955,1
extreme_067,Extreme,Serial,1,3,0.212442880,1
extreme_067,Extreme,Serial,1,4,0.157136340,1
extreme_067,Extreme,Serial,1,5,0.148367695,1
extreme_067,Extreme,Serial-MRV,1,1,0.245098604,1
extreme_067,Extreme,Serial-MRV,1,2,0.245604225,1
extreme_067,Extreme,Serial-MRV,1,3,0.245825741,1
extreme_067,Extreme,Serial-MRV,1,4,0.246186429,1
extreme_067,Extreme,Serial-MRV,1,5,0.243768017,1
extreme_067,Extreme,DLX,1,1,0.000245696,1
extreme_067,Extreme,DLX,1,2,0.000208968,1
extreme_067,Extreme,DLX,1,3,0.000201798,1
extreme_067,Extreme,DLX,1,4,0.000200869,1
extreme_067,Extreme,DLX,1,5,0.000199526,1
extreme_067,Extreme,DLX-OMP,4,1,0.000661951,1
extreme_067,Extreme,DLX-OMP,4,2,0.000862504,1
extreme_067,Extreme,DLX-OMP,4,3,0.000368830,1
extreme_067,Extreme,DLX-OMP,4,4,0.000308790,1
extreme_067,Extreme,DLX-OMP,4,5,0.000420218,1
extreme_067,Extreme,DLX-OMP,8,1,0.000751906,1
extreme_067,Extreme,DLX-OMP,8,2,0.000793576,1
extreme_067,Extreme,DLX-OMP,8,3,0.000811674,1
extreme_067,Extreme,DLX-OMP,8,4,0.000797325,1
extreme_067,Extreme,DLX-OMP,8,5,0.000794521,1
extreme_067,Extreme,DLX-OMP,16,1,0.001393202,1
extreme_067,Extreme,DLX-OMP,16,2,0.000421120,1
extreme_067,Extreme,DLX-OMP,16,3,0.000820877,1
extreme_067,Extreme,DLX-OMP,16,4,0.000625361,1
extreme_067,Extreme,DLX-OMP,16,5,0.000807714,1
extreme_067,Extreme,OpenMP,4,1,0.175093373,1
extreme_067,Extreme,OpenMP,4,2,0.197903863,1
extreme_067,Extreme,OpenMP,4,3,0.174323599,1
extreme_067,Extreme,OpenMP,4,4,0.198142434,1
extreme_067,Extreme,OpenMP,4,5,0.167582197,1
extreme_067,Extreme,OpenMP,8,1,0.199709639,1
extreme_067,Extreme,OpenMP,8,2,0.178967643,1
extreme_067,Extreme,OpenMP,8,3,0.198494608,1
extreme_067,Extreme,OpenMP,8,4,0.177627625,1
extreme_067,Extreme,OpenMP,8,5,0.198371566,1
extreme_067,Extreme,OpenMP,16,1,0.178807397,1
extreme_067,Extreme,OpenMP,16,2,0.198872537,1
extreme_067,Extreme,OpenMP,16,3,0.169622151,1
extreme_067,Extreme,OpenMP,16,4,0.199648392,1
extreme_067,Extreme,OpenMP,16,5,0.178667389,1
extreme_068,Extreme,Serial,1,1,0.146936815,1
extreme_068,Extreme,Serial,1,2,0.116815403,1
extreme_068,Extreme,Serial,1,3,0.084545731,1
extreme_068,Extreme,Serial,1,4,0.084062530,1
extreme_068,Extreme,Serial,1,5,0.083778715,1
extreme_068,Extreme,Serial-MRV,1,1,0.284315259,1
extreme_068,Extreme,Serial-MRV,1,2,0.264185117,1
extreme_068,Extreme,Serial-MRV,1,3,0.199350470,1
extreme_068,Extreme,Serial-MRV,1,4,0.198856793,1
extreme_068,Extreme,Serial-MRV,1,5,0.199504816,1
extreme_068,Extreme,DLX,1,1,0.000299083,1
extreme_068,Extreme,DLX,1,2,0.000260535,1
extreme_068,Extreme,DLX,1,3,0.000253757,1
extreme_068,Extreme,DLX,1,4,0.000252610,1
extreme_068,Extreme,DLX,1,5,0.000254704,1
extreme_068,Extreme,DLX-OMP,4,1,0.001159491,1
extreme_068,Extreme,DLX-OMP,4,2,0.000808879,1
extreme_068,Extreme,DLX-OMP,4,3,0.000595103,1
extreme_068,Extreme,DLX-OMP,4,4,0.000879912,1
extreme_068,Extreme,DLX-OMP,4,5,0.000744652,1
extreme_068,Extreme,DLX-OMP,8,1,0.001002762,1
extreme_068,Extreme,DLX-OMP,8,2,0.000780243,1
extreme_068,Extreme,DLX-OMP,8,3,0.000804456,1
extreme_068,Extreme,DLX-OMP,8,4,0.000786945,1
extreme_068,Extreme,DLX-OMP,8,5,0.000766124,1
extreme_068,Extreme,DLX-OMP,16,1,0.001582745,1
extreme_068,Extreme,DLX-OMP,16,2,0.000979516,1
extreme_068,Extreme,DLX-OMP,16,3,0.000765058,1
extreme_068,Extreme,DLX-OMP,16,4,0.000941999,1
extreme_068,Extreme,DLX-OMP,16,5,0.000954694,1
extreme_068,Extreme,OpenMP,4,1,0.180962668,1
extreme_068,Extreme,OpenMP,4,2,0.079184416,1
extreme_068,Extreme,OpenMP,4,3,0.089183734,1
extreme_068,Extreme,OpenMP,4,4,0.137076091,1
extreme_068,Extreme,OpenMP,4,5,0.101095025,1
extreme_068,Extreme,OpenMP,8,1,0.093435726,1
extreme_068,Extreme,OpenMP,8,2,0.101842858,1
extreme_068,Extreme,OpenMP,8,3,0.062797260,1
extreme_068,Extreme,OpenMP,8,4,0.079476001,1
extreme_068,Extreme,OpenMP,8,5,0.057872648,1
extreme_068,Extreme,OpenMP,16,1,0.101850974,1
extreme_068,Extreme,OpenMP,16,2,0.101908681,1
extreme_068,Extreme,OpenMP,16,3,0.102151567,1
extreme_068,Extreme,OpenMP,16,4,0.102308005,1
extreme_068,Extreme,OpenMP,16,5,0.074169407,1
extreme_069,Extreme,Serial,1,1,0.058654218,1
extreme_069,Extreme,Serial,1,2,0.058866576,1
extreme_069,Extreme,Serial,1,3,0.058491164,1
extreme_069,Extreme,Serial,1,4,0.058847251,1
extreme_069,Extreme,Serial,1,5,0.058489296,1
extreme_069,Extreme,Serial-MRV,1,1,0.274085340,1
extreme_069,Extreme,Serial-MRV,1,2,0.245446425,1
extreme_069,Extreme,Serial-MRV,1,3,0.192203405,1
extreme_069,Extreme,Serial-MRV,1,4,0.191688123,1
extreme_069,Extreme,Serial-MRV,1,5,0.192381504,1
extreme_069,Extreme,DLX,1,1,0.000134852,1
extreme_069,Extreme,DLX,1,2,0.000126284,1
extreme_069,Extreme,DLX,1,3,0.000124259,1
extreme_069,Extreme,DLX,1,4,0.000124419,1
extreme_069,Extreme,DLX,1,5,0.000124535,1
extreme_069,Extreme,DLX-OMP,4,1,0.000322705,1
extreme_069,Extreme,DLX-OMP,4,2,0.000303527,1
extreme_069,Extreme,DLX-OMP,4,3,0.000286964,1
extreme_069,Extreme,DLX-OMP,4,4,0.000213310,1
extreme_069,Extreme,DLX-OMP,4,5,0.000241843,1
extreme_069,Extreme,DLX-OMP,8,1,0.000534311,1
extreme_069,Extreme,DLX-OMP,8,2,0.000487141,1
extreme_069,Extreme,DLX-OMP,8,3,0.000296802,1
extreme_069,Extreme,DLX-OMP,8,4,0.000410846,1
extreme_069,Extreme,DLX-OMP,8,5,0.000448468,1
extreme_069,Extreme,DLX-OMP,16,1,0.001229791,1
extreme_069,Extreme,DLX-OMP,16,2,0.000612035,1
extreme_069,Extreme,DLX-OMP,16,3,0.000427108,1
extreme_069,Extreme,DLX-OMP,16,4,0.000620905,1
extreme_069,Extreme,DLX-OMP,16,5,0.000574622,1
extreme_069,Extreme,OpenMP,4,1,0.156138891,1
extreme_069,Extreme,OpenMP,4,2,0.119531948,1
extreme_069,Extreme,OpenMP,4,3,0.109195460,1
extreme_069,Extreme,OpenMP,4,4,0.099984160,1
extreme_069,Extreme,OpenMP,4,5,0.143468006,1
extreme_069,Extreme,OpenMP,8,1,0.109681239,1
extreme_069,Extreme,OpenMP,8,2,0.089949518,1
extreme_069,Extreme,OpenMP,8,3,0.156227336,1
extreme_069,Extreme,OpenMP,8,4,0.091260664,1
extreme_069,Extreme,OpenMP,8,5,0.134458636,1
extreme_069,Extreme,OpenMP,16,1,0.158025426,1
extreme_069,Extreme,OpenMP,16,2,0.156753810,1
extreme_069,Extreme,OpenMP,16,3,0.157114309,1
extreme_069,Extreme,OpenMP,16,4,0.142661553,1
extreme_069,Extreme,OpenMP,16,5,0.156640868,1
extreme_070,Extreme,Serial,1,1,0.336291815,1
extreme_070,Extreme,Serial,1,2,0.327687440,1
extreme_070,Extreme,Serial,1,3,0.314569855,1
extreme_070,Extreme,Serial,1,4,0.231719017,1
extreme_070,Extreme,Serial,1,5,0.229338176,1
extreme_070,Extreme,Serial-MRV,1,1,0.263683770,1
extreme_070,Extreme,Serial-MRV,1,2,0.263198293,1
extreme_070,Extreme,Serial-MRV,1,3,0.263108435,1
extreme_070,Extreme,Serial-MRV,1,4,0.263210566,1
extreme_070,Extreme,Serial-MRV,1,5,0.263313668,1
extreme_070,Extreme,DLX,1,1,0.000313711,1
extreme_070,Extreme,DLX,1,2,0.000261539,1
extreme_070,Extreme,DLX,1,3,0.000238993,1
extreme_070,Extreme,DLX,1,4,0.000270738,1
extreme_070,Extreme,DLX,1,5,0.000262644,1
extreme_070,Extreme,DLX-OMP,4,1,0.001139122,1
extreme_070,Extreme,DLX-OMP,4,2,0.000433750,1
extreme_070,Extreme,DLX-OMP,4,3,0.000445197,1
extreme_070,Extreme,DLX-OMP,4,4,0.000364169,1
extreme_070,Extreme,DLX-OMP,4,5,0.000463274,1
extreme_070,Extreme,DLX-OMP,8,1,0.000957921,1
extreme_070,Extreme,DLX-OMP,8,2,0.000381016,1
extreme_070,Extreme,DLX-OMP,8,3,0.000893489,1
extreme_070,Extreme,DLX-OMP,8,4,0.000737153,1
extreme_070,Extreme,DLX-OMP,8,5,0.000894552,1
extreme_070,Extreme,DLX-OMP,16,1,0.001663764,1
extreme_070,Extreme,DLX-OMP,16,2,0.000722209,1
extreme_070,Extreme,DLX-OMP,16,3,0.001503985,1
extreme_070,Extreme,DLX-OMP,16,4,0.001610472,1
extreme_070,Extreme,DLX-OMP,16,5,0.000847841,1
extreme_070,Extreme,OpenMP,4,1,0.101289784,1
extreme_070,Extreme,OpenMP,4,2,0.098677822,1
extreme_070,Extreme,OpenMP,4,3,0.074575803,1
extreme_070,Extreme,OpenMP,4,4,0.092674688,1
extreme_070,Extreme,OpenMP,4,5,0.094478262,1
extreme_070,Extreme,OpenMP,8,1,0.163928640,1
extreme_070,Extreme,OpenMP,8,2,0.163367486,1
extreme_070,Extreme,OpenMP,8,3,0.153859664,1
extreme_070,Extreme,OpenMP,8,4,0.093338915,1
extreme_070,Extreme,OpenMP,8,5,0.093839332,1
extreme_070,Extreme,OpenMP,16,1,0.114656133,1
extreme_070,Extreme,OpenMP,16,2,0.164133509,1
extreme_070,Extreme,OpenMP,16,3,0.155943027,1
extreme_070,Extreme,OpenMP,16,4,0.093951081,1
extreme_070,Extreme,OpenMP,16,5,0.156368519,1
extreme_071,Extreme,Serial,1,1,0.169607090,1
extreme_071,Extreme,Serial,1,2,0.126065809,1
extreme_071,Extreme,Serial,1,3,0.096640663,1
extreme_071,Extreme,Serial,1,4,0.096559998,1
extreme_071,Extreme,Serial,1,5,0.096752931,1
extreme_071,Extreme,Serial-MRV,1,1,0.706379753,1
extreme_071,Extreme,Serial-MRV,1,2,0.563611923,1
extreme_071,Extreme,Serial-MRV,1,3,0.564153421,1
extreme_071,Extreme,Serial-MRV,1,4,0.564031395,1
extreme_071,Extreme,Serial-MRV,1,5,0.563863855,1
extreme_071,Extreme,DLX,1,1,0.000128289,1
extreme_071,Extreme,DLX,1,2,0.000120061,1
extreme_071,Extreme,DLX,1,3,0.000119794,1
extreme_071,Extreme,DLX,1,4,0.000119538,1
extreme_071,Extreme,DLX,1,5,0.000119607,1
extreme_071,Extreme,DLX-OMP,4,1,0.000942065,1
extreme_071,Extreme,DLX-OMP,4,2,0.000309141,1
extreme_071,Extreme,DLX-OMP,4,3,0.000653848,1
extreme_071,Extreme,DLX-OMP,4,4,0.000494718,1
extreme_071,Extreme,DLX-OMP,4,5,0.000472328,1
extreme_071,Extreme,DLX-OMP,8,1,0.000674615,1
extreme_071,Extreme,DLX-OMP,8,2,0.000577361,1
extreme_071,Extreme,DLX-OMP,8,3,0.000586615,1
extreme_071,Extreme,DLX-OMP,8,4,0.000424495,1
extreme_071,Extreme,DLX-OMP,8,5,0.000454675,1
extreme_071,Extreme,DLX-OMP,16,1,0.001413252,1
extreme_071,Extreme,DLX-OMP,16,2,0.000637203,1
extreme_071,Extreme,DLX-OMP,16,3,0.000460897,1
extreme_071,Extreme,DLX-OMP,16,4,0.000580388,1
extreme_071,Extreme,DLX-OMP,16,5,0.000317978,1
extreme_071,Extreme,OpenMP,4,1,0.224861143,1
extreme_071,Extreme,OpenMP,4,2,0.227344196,1
extreme_071,Extreme,OpenMP,4,3,0.168367848,1
extreme_071,Extreme,OpenMP,4,4,0.193462029,1
extreme_071,Extreme,OpenMP,4,5,0.224555851,1
extreme_071,Extreme,OpenMP,8,1,0.144697806,1
extreme_071,Extreme,OpenMP,8,2,0.298749034,1
extreme_071,Extreme,OpenMP,8,3,0.307129715,1
extreme_071,Extreme,OpenMP,8,4,0.254045701,1
extreme_071,Extreme,OpenMP,8,5,0.196591568,1
extreme_071,Extreme,OpenMP,16,1,0.249617830,1
extreme_071,Extreme,OpenMP,16,2,0.275379622,1
extreme_071,Extreme,OpenMP,16,3,0.252389910,1
extreme_071,Extreme,OpenMP,16,4,0.290257841,1
extreme_071,Extreme,OpenMP,16,5,0.299779632,1
extreme_072,Extreme,Serial,1,1,0.056017818,1
extreme_072,Extreme,Serial,1,2,0.056263621,1
extreme_072,Extreme,Serial,1,3,0.055929186,1
extreme_072,Extreme,Serial,1,4,0.044660203,1
extreme_072,Extreme,Serial,1,5,0.031869223,1
extreme_072,Extreme,Serial-MRV,1,1,0.375352149,1
extreme_072,Extreme,Serial-MRV,1,2,0.361773422,1
extreme_072,Extreme,Serial-MRV,1,3,0.261701610,1
extreme_072,Extreme,Serial-MRV,1,4,0.261590211,1
extreme_072,Extreme,Serial-MRV,1,5,0.260926396,1
extreme_072,Extreme,DLX,1,1,0.000185511,1
extreme_072,Extreme,DLX,1,2,0.000127745,1
extreme_072,Extreme,DLX,1,3,0.000140525,1
extreme_072,Extreme,DLX,1,4,0.000117154,1
extreme_072,Extreme,DLX,1,5,0.000117752,1
extreme_072,Extreme,DLX-OMP,4,1,0.000493563,1
extreme_072,Extreme,DLX-OMP,4,2,0.000323870,1
extreme_072,Extreme,DLX-OMP,4,3,0.000532230,1
extreme_072,Extreme,DLX-OMP,4,4,0.000412379,1
extreme_072,Extreme,DLX-OMP,4,5,0.000301317,1
extreme_072,Extreme,DLX-OMP,8,1,0.000394039,1
extreme_072,Extreme,DLX-OMP,8,2,0.000572895,1
extreme_072,Extreme,DLX-OMP,8,3,0.000394727,1
extreme_072,Extreme,DLX-OMP,8,4,0.000278975,1
extreme_072,Extreme,DLX-OMP,8,5,0.000554200,1
extreme_072,Extreme,DLX-OMP,16,1,0.000662376,1
extreme_072,Extreme,DLX-OMP,16,2,0.000534769,1
extreme_072,Extreme,DLX-OMP,16,3,0.000592286,1
extreme_072,Extreme,DLX-OMP,16,4,0.000441895,1
extreme_072,Extreme,DLX-OMP,16,5,0.000414143,1
extreme_072,Extreme,OpenMP,4,1,0.183727840,1
extreme_072,Extreme,OpenMP,4,2,0.189335702,1
extreme_072,Extreme,OpenMP,4,3,0.163532928,1
extreme_072,Extreme,OpenMP,4,4,0.166817356,1
extreme_072,Extreme,OpenMP,4,5,0.108803905,1
extreme_072,Extreme,OpenMP,8,1,0.188795633,1
extreme_072,Extreme,OpenMP,8,2,0.181881487,1
extreme_072,Extreme,OpenMP,8,3,0.189597745,1
extreme_072,Extreme,OpenMP,8,4,0.183714621,1
extreme_072,Extreme,OpenMP,8,5,0.189221657,1
extreme_072,Extreme,OpenMP,16,1,0.186976544,1
extreme_072,Extreme,OpenMP,16,2,0.189271732,1
extreme_072,Extreme,OpenMP,16,3,0.184453330,1
extreme_072,Extreme,OpenMP,16,4,0.205941359,1
extreme_072,Extreme,OpenMP,16,5,0.177544310,1
extreme_073,Extreme,Serial,1,1,0.021081539,1
extreme_073,Extreme,Serial,1,2,0.021189237,1
extreme_073,Extreme,Serial,1,3,0.021211914,1
extreme_073,Extreme,Serial,1,4,0.021186728,1
extreme_073,Extreme,Serial,1,5,0.021097835,1
extreme_073,Extreme,Serial-MRV,1,1,0.511187306,1
extreme_073,Extreme,Serial-MRV,1,2,0.424789144,1
extreme_073,Extreme,Serial-MRV,1,3,0.319952647,1
extreme_073,Extreme,Serial-MRV,1,4,0.317974901,1
extreme_073,Extreme,Serial-MRV,1,5,0.318131668,1
extreme_073,Extreme,DLX,1,1,0.000231749,1
extreme_073,Extreme,DLX,1,2,0.000158385,1
extreme_073,Extreme,DLX,1,3,0.000161705,1
extreme_073,Extreme,DLX,1,4,0.000146188,1
extreme_073,Extreme,DLX,1,5,0.000145608,1
extreme_073,Extreme,DLX-OMP,4,1,0.000962148,1
extreme_073,Extreme,DLX-OMP,4,2,0.000336223,1
extreme_073,Extreme,DLX-OMP,4,3,0.000354654,1
extreme_073,Extreme,DLX-OMP,4,4,0.000656659,1
extreme_073,Extreme,DLX-OMP,4,5,0.000620657,1
extreme_073,Extreme,DLX-OMP,8,1,0.000751047,1
extreme_073,Extreme,DLX-OMP,8,2,0.000628017,1
extreme_073,Extreme,DLX-OMP,8,3,0.000305554,1
extreme_073,Extreme,DLX-OMP,8,4,0.000494290,1
extreme_073,Extreme,DLX-OMP,8,5,0.000670733,1
extreme_073,Extreme,DLX-OMP,16,1,0.000717336,1
extreme_073,Extreme,DLX-OMP,16,2,0.000671933,1
extreme_073,Extreme,DLX-OMP,16,3,0.000643292,1
extreme_073,Extreme,DLX-OMP,16,4,0.000517131,1
extreme_073,Extreme,DLX-OMP,16,5,0.000676560,1
extreme_073,Extreme,OpenMP,4,1,0.195953582,1
extreme_073,Extreme,OpenMP,4,2,0.121390601,1
extreme_073,Extreme,OpenMP,4,3,0.155488246,1
extreme_073,Extreme,OpenMP,4,4,0.160705390,1
extreme_073,Extreme,OpenMP,4,5,0.111739756,1
extreme_073,Extreme,OpenMP,8,1,0.185077464,1
extreme_073,Extreme,OpenMP,8,2,0.178847697,1
extreme_073,Extreme,OpenMP,8,3,0.185261780,1
extreme_073,Extreme,OpenMP,8,4,0.183577400,1
extreme_073,Extreme,OpenMP,8,5,0.187050929,1
extreme_073,Extreme,OpenMP,16,1,0.185648732,1
extreme_073,Extreme,OpenMP,16,2,0.147010824,1
extreme_073,Extreme,OpenMP,16,3,0.185990470,1
extreme_073,Extreme,OpenMP,16,4,0.156389600,1
extreme_073,Extreme,OpenMP,16,5,0.163493875,1
extreme_074,Extreme,Serial,1,1,0.298232447,1
extreme_074,Extreme,Serial,1,2,0.203057411,1
extreme_074,Extreme,Serial,1,3,0.202669525,1
extreme_074,Extreme,Serial,1,4,0.203069447,1
extreme_074,Extreme,Serial,1,5,0.164282776,1
extreme_074,Extreme,Serial-MRV,1,1,0.212238292,1
extreme_074,Extreme,Serial-MRV,1,2,0.212048133,1
extreme_074,Extreme,Serial-MRV,1,3,0.214222634,1
extreme_074,Extreme,Serial-MRV,1,4,0.213664654,1
extreme_074,Extreme,Serial-MRV,1,5,0.212316795,1
extreme_074,Extreme,DLX,1,1,0.000193394,1
extreme_074,Extreme,DLX,1,2,0.000140797,1
extreme_074,Extreme,DLX,1,3,0.000145223,1
extreme_074,Extreme,DLX,1,4,0.000129061,1
extreme_074,Extreme,DLX,1,5,0.000133075,1
extreme_074,Extreme,DLX-OMP,4,1,0.000671475,1
extreme_074,Extreme,DLX-OMP,4,2,0.000288845,1
extreme_074,Extreme,DLX-OMP,4,3,0.000309369,1
extreme_074,Extreme,DLX-OMP,4,4,0.000967544,1
extreme_074,Extreme,DLX-OMP,4,5,0.000232785,1
extreme_074,Extreme,DLX-OMP,8,1,0.000363223,1
extreme_074,Extreme,DLX-OMP,8,2,0.000593124,1
extreme_074,Extreme,DLX-OMP,8,3,0.000456377,1
extreme_074,Extreme,DLX-OMP,8,4,0.000434354,1
extreme_074,Extreme,DLX-OMP,8,5,0.000243445,1
extreme_074,Extreme,DLX-OMP,16,1,0.001913787,1
extreme_074,Extreme,DLX-OMP,16,2,0.000574507,1
extreme_074,Extreme,DLX-OMP,16,3,0.000607252,1
extreme_074,Extreme,DLX-OMP,16,4,0.000473874,1
extreme_074,Extreme,DLX-OMP,16,5,0.000442793,1
extreme_074,Extreme,OpenMP,4,1,0.068634530,1
extreme_074,Extreme,OpenMP,4,2,0.068684595,1
extreme_074,Extreme,OpenMP,4,3,0.065971169,1
extreme_074,Extreme,OpenMP,4,4,0.067103582,1
extreme_074,Extreme,OpenMP,4,5,0.038508254,1
extreme_074,Extreme,OpenMP,8,1,0.039460038,1
extreme_074,Extreme,OpenMP,8,2,0.066931396,1
extreme_074,Extreme,OpenMP,8,3,0.040477924,1
extreme_074,Extreme,OpenMP,8,4,0.044844718,1
extreme_074,Extreme,OpenMP,8,5,0.044824047,1
extreme_074,Extreme,OpenMP,16,1,0.068208918,1
extreme_074,Extreme,OpenMP,16,2,0.045302570,1
extreme_074,Extreme,OpenMP,16,3,0.068029315,1
extreme_074,Extreme,OpenMP,16,4,0.067710507,1
extreme_074,Extreme,OpenMP,16,5,0.069166373,1
extreme_075,Extreme,Serial,1,1,0.267211251,1
extreme_075,Extreme,Serial,1,2,0.177018173,1
extreme_075,Extreme,Serial,1,3,0.175598436,1
extreme_075,Extreme,Serial,1,4,0.175156911,1
extreme_075,Extreme,Serial,1,5,0.217411351,1
extreme_075,Extreme,Serial-MRV,1,1,0.377471697,1
extreme_075,Extreme,Serial-MRV,1,2,0.321526250,1
extreme_075,Extreme,Serial-MRV,1,3,0.261309145,1
extreme_075,Extreme,Serial-MRV,1,4,0.261172912,1
extreme_075,Extreme,Serial-MRV,1,5,0.261221401,1
extreme_075,Extreme,DLX,1,1,0.000207812,1
extreme_075,Extreme,DLX,1,2,0.000157142,1
extreme_075,Extreme,DLX,1,3,0.000164010,1
extreme_075,Extreme,DLX,1,4,0.000144764,1
extreme_075,Extreme,DLX,1,5,0.000143968,1
extreme_075,Extreme,DLX-OMP,4,1,0.000699291,1
extreme_075,Extreme,DLX-OMP,4,2,0.000324939,1
extreme_075,Extreme,DLX-OMP,4,3,0.000601567,1
extreme_075,Extreme,DLX-OMP,4,4,0.000326920,1
extreme_075,Extreme,DLX-OMP,4,5,0.000247163,1
extreme_075,Extreme,DLX-OMP,8,1,0.000582090,1
extreme_075,Extreme,DLX-OMP,8,2,0.000663835,1
extreme_075,Extreme,DLX-OMP,8,3,0.000498352,1
extreme_075,Extreme,DLX-OMP,8,4,0.000649063,1
extreme_075,Extreme,DLX-OMP,8,5,0.000475159,1
extreme_075,Extreme,DLX-OMP,16,1,0.001341652,1
extreme_075,Extreme,DLX-OMP,16,2,0.000638426,1
extreme_075,Extreme,DLX-OMP,16,3,0.000535495,1
extreme_075,Extreme,DLX-OMP,16,4,0.000591105,1
extreme_075,Extreme,DLX-OMP,16,5,0.000506595,1
extreme_075,Extreme,OpenMP,4,1,0.075993651,1
extreme_075,Extreme,OpenMP,4,2,0.119400729,1
extreme_075,Extreme,OpenMP,4,3,0.102453292,1
extreme_075,Extreme,OpenMP,4,4,0.108255844,1
extreme_075,Extreme,OpenMP,4,5,0.098037172,1
extreme_075,Extreme,OpenMP,8,1,0.075476393,1
extreme_075,Extreme,OpenMP,8,2,0.075604552,1
extreme_075,Extreme,OpenMP,8,3,0.075603019,1
extreme_075,Extreme,OpenMP,8,4,0.043116656,1
extreme_075,Extreme,OpenMP,8,5,0.068074718,1
extreme_075,Extreme,OpenMP,16,1,0.076195218,1
extreme_075,Extreme,OpenMP,16,2,0.076052288,1
extreme_075,Extreme,OpenMP,16,3,0.076024160,1
extreme_075,Extreme,OpenMP,16,4,0.076389415,1
extreme_075,Extreme,OpenMP,16,5,0.043650782,1
extreme_076,Extreme,Serial,1,1,0.252090992,1
extreme_076,Extreme,Serial,1,2,0.191970626,1
extreme_076,Extreme,Serial,1,3,0.189927889,1
extreme_076,Extreme,Serial,1,4,0.190729902,1
extreme_076,Extreme,Serial,1,5,0.158781484,1
extreme_076,Extreme,Serial-MRV,1,1,0.368998203,1
extreme_076,Extreme,Serial-MRV,1,2,0.367390619,1
extreme_076,Extreme,Serial-MRV,1,3,0.367848655,1
extreme_076,Extreme,Serial-MRV,1,4,0.368105384,1
extreme_076,Extreme,Serial-MRV,1,5,0.365788097,1
extreme_076,Extreme,DLX,1,1,0.000186213,1
extreme_076,Extreme,DLX,1,2,0.000133957,1
extreme_076,Extreme,DLX,1,3,0.000140683,1
extreme_076,Extreme,DLX,1,4,0.000123218,1
extreme_076,Extreme,DLX,1,5,0.000122713,1
extreme_076,Extreme,DLX-OMP,4,1,0.000949044,1
extreme_076,Extreme,DLX-OMP,4,2,0.000307978,1
extreme_076,Extreme,DLX-OMP,4,3,0.000532811,1
extreme_076,Extreme,DLX-OMP,4,4,0.000226637,1
extreme_076,Extreme,DLX-OMP,4,5,0.000264634,1
extreme_076,Extreme,DLX-OMP,8,1,0.000684769,1
extreme_076,Extreme,DLX-OMP,8,2,0.000293425,1
extreme_076,Extreme,DLX-OMP,8,3,0.000580538,1
extreme_076,Extreme,DLX-OMP,8,4,0.000274943,1
extreme_076,Extreme,DLX-OMP,8,5,0.000302624,1
extreme_076,Extreme,DLX-OMP,16,1,0.001397414,1
extreme_076,Extreme,DLX-OMP,16,2,0.000613924,1
extreme_076,Extreme,DLX-OMP,16,3,0.000625883,1
extreme_076,Extreme,DLX-OMP,16,4,0.000428771,1
extreme_076,Extreme,DLX-OMP,16,5,0.000424467,1
extreme_076,Extreme,OpenMP,4,1,0.096317818,1
extreme_076,Extreme,OpenMP,4,2,0.209863006,1
extreme_076,Extreme,OpenMP,4,3,0.164713855,1
extreme_076,Extreme,OpenMP,4,4,0.189858264,1
extreme_076,Extreme,OpenMP,4,5,0.078657058,1
extreme_076,Extreme,OpenMP,8,1,0.118638504,1
extreme_076,Extreme,OpenMP,8,2,0.067524843,1
extreme_076,Extreme,OpenMP,8,3,0.136924725,1
extreme_076,Extreme,OpenMP,8,4,0.079558529,1
extreme_076,Extreme,OpenMP,8,5,0.068852380,1
extreme_076,Extreme,OpenMP,16,1,0.074641486,1
extreme_076,Extreme,OpenMP,16,2,0.118863860,1
extreme_076,Extreme,OpenMP,16,3,0.091640478,1
extreme_076,Extreme,OpenMP,16,4,0.118623282,1
extreme_076,Extreme,OpenMP,16,5,0.097231999,1
extreme_077,Extreme,Serial,1,1,0.203685504,1
extreme_077,Extreme,Serial,1,2,0.154582908,1
extreme_077,Extreme,Serial,1,3,0.148154982,1
extreme_077,Extreme,Serial,1,4,0.148113193,1
extreme_077,Extreme,Serial,1,5,0.148113170,1
extreme_077,Extreme,Serial-MRV,1,1,0.286478276,1
extreme_077,Extreme,Serial-MRV,1,2,0.250832095,1
extreme_077,Extreme,Serial-MRV,1,3,0.248112004,1
extreme_077,Extreme,Serial-MRV,1,4,0.247442787,1
extreme_077,Extreme,Serial-MRV,1,5,0.247445248,1
extreme_077,Extreme,DLX,1,1,0.000134859,1
extreme_077,Extreme,DLX,1,2,0.000128768,1
extreme_077,Extreme,DLX,1,3,0.000130868,1
extreme_077,Extreme,DLX,1,4,0.000127346,1
extreme_077,Extreme,DLX,1,5,0.000126613,1
extreme_077,Extreme,DLX-OMP,4,1,0.000372389,1
extreme_077,Extreme,DLX-OMP,4,2,0.000347473,1
extreme_077,Extreme,DLX-OMP,4,3,0.000359197,1
extreme_077,Extreme,DLX-OMP,4,4,0.000301469,1
extreme_077,Extreme,DLX-OMP,4,5,0.000286926,1
extreme_077,Extreme,DLX-OMP,8,1,0.000423491,1
extreme_077,Extreme,DLX-OMP,8,2,0.000234822,1
extreme_077,Extreme,DLX-OMP,8,3,0.000586409,1
extreme_077,Extreme,DLX-OMP,8,4,0.000576435,1
extreme_077,Extreme,DLX-OMP,8,5,0.000322185,1
extreme_077,Extreme,DLX-OMP,16,1,0.001269451,1
extreme_077,Extreme,DLX-OMP,16,2,0.000627949,1
extreme_077,Extreme,DLX-OMP,16,3,0.000614873,1
extreme_077,Extreme,DLX-OMP,16,4,0.000471721,1
extreme_077,Extreme,DLX-OMP,16,5,0.000426788,1
extreme_077,Extreme,OpenMP,4,1,0.125822317,1
extreme_077,Extreme,OpenMP,4,2,0.061822403,1
extreme_077,Extreme,OpenMP,4,3,0.105301386,1
extreme_077,Extreme,OpenMP,4,4,0.059856211,1
extreme_077,Extreme,OpenMP,4,5,0.061224219,1
extreme_077,Extreme,OpenMP,8,1,0.060352168,1
extreme_077,Extreme,OpenMP,8,2,0.105283901,1
extreme_077,Extreme,OpenMP,8,3,0.105466291,1
extreme_077,Extreme,OpenMP,8,4,0.060642383,1
extreme_077,Extreme,OpenMP,8,5,0.105896985,1
extreme_077,Extreme,OpenMP,16,1,0.106979653,1
extreme_077,Extreme,OpenMP,16,2,0.105956841,1
extreme_077,Extreme,OpenMP,16,3,0.105825536,1
extreme_077,Extreme,OpenMP,16,4,0.105874408,1
extreme_077,Extreme,OpenMP,16,5,0.105496055,1
extreme_078,Extreme,Serial,1,1,0.111564176,1
extreme_078,Extreme,Serial,1,2,0.068542693,1
extreme_078,Extreme,Serial,1,3,0.063507830,1
extreme_078,Extreme,Serial,1,4,0.063689977,1
extreme_078,Extreme,Serial,1,5,0.063454486,1
extreme_078,Extreme,Serial-MRV,1,1,0.347448550,1
extreme_078,Extreme,Serial-MRV,1,2,0.297760275,1
extreme_078,Extreme,Serial-MRV,1,3,0.243180917,1
extreme_078,Extreme,Serial-MRV,1,4,0.243990066,1
extreme_078,Extreme,Serial-MRV,1,5,0.243570477,1
extreme_078,Extreme,DLX,1,1,0.000169415,1
extreme_078,Extreme,DLX,1,2,0.000119963,1
extreme_078,Extreme,DLX,1,3,0.000401778,1
extreme_078,Extreme,DLX,1,4,0.000153765,1
extreme_078,Extreme,DLX,1,5,0.000165453,1
extreme_078,Extreme,DLX-OMP,4,1,0.001042437,1
extreme_078,Extreme,DLX-OMP,4,2,0.000281221,1
extreme_078,Extreme,DLX-OMP,4,3,0.000547001,1
extreme_078,Extreme,DLX-OMP,4,4,0.000385504,1
extreme_078,Extreme,DLX-OMP,4,5,0.000536968,1
extreme_078,Extreme,DLX-OMP,8,1,0.000485081,1
extreme_078,Extreme,DLX-OMP,8,2,0.000599269,1
extreme_078,Extreme,DLX-OMP,8,3,0.000577822,1
extreme_078,Extreme,DLX-OMP,8,4,0.000601590,1
extreme_078,Extreme,DLX-OMP,8,5,0.000229289,1
extreme_078,Extreme,DLX-OMP,16,1,0.001418049,1
extreme_078,Extreme,DLX-OMP,16,2,0.000412836,1
extreme_078,Extreme,DLX-OMP,16,3,0.000596983,1
extreme_078,Extreme,DLX-OMP,16,4,0.000269265,1
extreme_078,Extreme,DLX-OMP,16,5,0.000607412,1
extreme_078,Extreme,OpenMP,4,1,0.017182638,1
extreme_078,Extreme,OpenMP,4,2,0.034797054,1
extreme_078,Extreme,OpenMP,4,3,0.016965038,1
extreme_078,Extreme,OpenMP,4,4,0.017087258,1
extreme_078,Extreme,OpenMP,4,5,0.034528446,1
extreme_078,Extreme,OpenMP,8,1,0.010158399,1
extreme_078,Extreme,OpenMP,8,2,0.016879772,1
extreme_078,Extreme,OpenMP,8,3,0.009913858,1
extreme_078,Extreme,OpenMP,8,4,0.007701498,1
extreme_078,Extreme,OpenMP,8,5,0.009961714,1
extreme_078,Extreme,OpenMP,16,1,0.017907372,1
extreme_078,Extreme,OpenMP,16,2,0.010010518,1
extreme_078,Extreme,OpenMP,16,3,0.017068611,1
extreme_078,Extreme,OpenMP,16,4,0.017190781,1
extreme_078,Extreme,OpenMP,16,5,0.017345119,1
extreme_079,Extreme,Serial,1,1,0.255741156,1
extreme_079,Extreme,Serial,1,2,0.172662553,1
extreme_079,Extreme,Serial,1,3,0.172636635,1
extreme_079,Extreme,Serial,1,4,0.171936325,1
extreme_079,Extreme,Serial,1,5,0.172610179,1
extreme_079,Extreme,Serial-MRV,1,1,0.210961666,1
extreme_079,Extreme,Serial-MRV,1,2,0.252751226,1
extreme_079,Extreme,Serial-MRV,1,3,0.211169899,1
extreme_079,Extreme,Serial-MRV,1,4,0.210599410,1
extreme_079,Extreme,Serial-MRV,1,5,0.209439504,1
extreme_079,Extreme,DLX,1,1,0.000135151,1
extreme_079,Extreme,DLX,1,2,0.000143134,1
extreme_079,Extreme,DLX,1,3,0.000118880,1
extreme_079,Extreme,DLX,1,4,0.000118707,1
extreme_079,Extreme,DLX,1,5,0.000118581,1
extreme_079,Extreme,DLX-OMP,4,1,0.000389118,1
extreme_079,Extreme,DLX-OMP,4,2,0.000432608,1
extreme_079,Extreme,DLX-OMP,4,3,0.000288575,1
extreme_079,Extreme,DLX-OMP,4,4,0.000447690,1
extreme_079,Extreme,DLX-OMP,4,5,0.000388428,1
extreme_079,Extreme,DLX-OMP,8,1,0.000516732,1
extreme_079,Extreme,DLX-OMP,8,2,0.000529755,1
extreme_079,Extreme,DLX-OMP,8,3,0.000590694,1
extreme_079,Extreme,DLX-OMP,8,4,0.000231151,1
extreme_079,Extreme,DLX-OMP,8,5,0.000572645,1
extreme_079,Extreme,DLX-OMP,16,1,0.001272734,1
extreme_079,Extreme,DLX-OMP,16,2,0.000592225,1
extreme_079,Extreme,DLX-OMP,16,3,0.000552597,1
extreme_079,Extreme,DLX-OMP,16,4,0.000451515,1
extreme_079,Extreme,DLX-OMP,16,5,0.000420510,1
extreme_079,Extreme,OpenMP,4,1,0.139556443,1
extreme_079,Extreme,OpenMP,4,2,0.241637947,1
extreme_079,Extreme,OpenMP,4,3,0.276470299,1
extreme_079,Extreme,OpenMP,4,4,0.187227173,1
extreme_079,Extreme,OpenMP,4,5,0.298515348,1
extreme_079,Extreme,OpenMP,8,1,0.187739775,1
extreme_079,Extreme,OpenMP,8,2,0.284177504,1
extreme_079,Extreme,OpenMP,8,3,0.269436950,1
extreme_079,Extreme,OpenMP,8,4,0.260973947,1
extreme_079,Extreme,OpenMP,8,5,0.185780588,1
extreme_079,Extreme,OpenMP,16,1,0.188976058,1
extreme_079,Extreme,OpenMP,16,2,0.256348935,1
extreme_079,Extreme,OpenMP,16,3,0.253860537,1
extreme_079,Extreme,OpenMP,16,4,0.251917205,1
extreme_079,Extreme,OpenMP,16,5,0.251188719,1
extreme_080,Extreme,Serial,1,1,0.419691253,1
extreme_080,Extreme,Serial,1,2,0.347779257,1
extreme_080,Extreme,Serial,1,3,0.247452032,1
extreme_080,Extreme,Serial,1,4,0.247270449,1
extreme_080,Extreme,Serial,1,5,0.247405567,1
extreme_080,Extreme,Serial-MRV,1,1,0.226513417,1
extreme_080,Extreme,Serial-MRV,1,2,0.229380128,1
extreme_080,Extreme,Serial-MRV,1,3,0.229017470,1
extreme_080,Extreme,Serial-MRV,1,4,0.232947122,1
extreme_080,Extreme,Serial-MRV,1,5,0.229686073,1
extreme_080,Extreme,DLX,1,1,0.000247874,1
extreme_080,Extreme,DLX,1,2,0.000236472,1
extreme_080,Extreme,DLX,1,3,0.000210822,1
extreme_080,Extreme,DLX,1,4,0.000210045,1
extreme_080,Extreme,DLX,1,5,0.000208797,1
extreme_080,Extreme,DLX-OMP,4,1,0.000516101,1
extreme_080,Extreme,DLX-OMP,4,2,0.000380491,1
extreme_080,Extreme,DLX-OMP,4,3,0.000680124,1
extreme_080,Extreme,DLX-OMP,4,4,0.000661825,1
extreme_080,Extreme,DLX-OMP,4,5,0.000671001,1
extreme_080,Extreme,DLX-OMP,8,1,0.000706027,1
extreme_080,Extreme,DLX-OMP,8,2,0.000804951,1
extreme_080,Extreme,DLX-OMP,8,3,0.000661464,1
extreme_080,Extreme,DLX-OMP,8,4,0.000861424,1
extreme_080,Extreme,DLX-OMP,8,5,0.000639896,1
extreme_080,Extreme,DLX-OMP,16,1,0.002154009,1
extreme_080,Extreme,DLX-OMP,16,2,0.000835364,1
extreme_080,Extreme,DLX-OMP,16,3,0.000828772,1
extreme_080,Extreme,DLX-OMP,16,4,0.000845997,1
extreme_080,Extreme,DLX-OMP,16,5,0.000852472,1
extreme_080,Extreme,OpenMP,4,1,0.066953310,1
extreme_080,Extreme,OpenMP,4,2,0.066992492,1
extreme_080,Extreme,OpenMP,4,3,0.066767866,1
extreme_080,Extreme,OpenMP,4,4,0.067271044,1
extreme_080,Extreme,OpenMP,4,5,0.066995492,1
extreme_080,Extreme,OpenMP,8,1,0.067502367,1
extreme_080,Extreme,OpenMP,8,2,0.066974908,1
extreme_080,Extreme,OpenMP,8,3,0.067326277,1
extreme_080,Extreme,OpenMP,8,4,0.067092577,1
extreme_080,Extreme,OpenMP,8,5,0.067644200,1
extreme_080,Extreme,OpenMP,16,1,0.067881174,1
extreme_080,Extreme,OpenMP,16,2,0.066935239,1
extreme_080,Extreme,OpenMP,16,3,0.067417555,1
extreme_080,Extreme,OpenMP,16,4,0.066981208,1
extreme_080,Extreme,OpenMP,16,5,0.068401974,1
extreme_081,Extreme,Serial,1,1,2.155064231,1
extreme_081,Extreme,Serial,1,2,1.761427860,1
extreme_081,Extreme,Serial,1,3,1.761493172,1
extreme_081,Extreme,Serial,1,4,1.764667491,1
extreme_081,Extreme,Serial,1,5,1.767870940,1
extreme_081,Extreme,Serial-MRV,1,1,0.212184206,1
extreme_081,Extreme,Serial-MRV,1,2,0.212064370,1
extreme_081,Extreme,Serial-MRV,1,3,0.214540183,1
extreme_081,Extreme,Serial-MRV,1,4,0.214616038,1
extreme_081,Extreme,Serial-MRV,1,5,0.215360915,1
extreme_081,Extreme,DLX,1,1,0.000144018,1
extreme_081,Extreme,DLX,1,2,0.000130132,1
extreme_081,Extreme,DLX,1,3,0.000143635,1
extreme_081,Extreme,DLX,1,4,0.000119613,1
extreme_081,Extreme,DLX,1,5,0.000119309,1
extreme_081,Extreme,DLX-OMP,4,1,0.000360544,1
extreme_081,Extreme,DLX-OMP,4,2,0.000341541,1
extreme_081,Extreme,DLX-OMP,4,3,0.000428782,1
extreme_081,Extreme,DLX-OMP,4,4,0.000240003,1
extreme_081,Extreme,DLX-OMP,4,5,0.000415093,1
extreme_081,Extreme,DLX-OMP,8,1,0.000692639,1
extreme_081,Extreme,DLX-OMP,8,2,0.000590626,1
extreme_081,Extreme,DLX-OMP,8,3,0.000572674,1
extreme_081,Extreme,DLX-OMP,8,4,0.000278630,1
extreme_081,Extreme,DLX-OMP,8,5,0.000395525,1
extreme_081,Extreme,DLX-OMP,16,1,0.001465572,1
extreme_081,Extreme,DLX-OMP,16,2,0.000576949,1
extreme_081,Extreme,DLX-OMP,16,3,0.000605984,1
extreme_081,Extreme,DLX-OMP,16,4,0.000622103,1
extreme_081,Extreme,DLX-OMP,16,5,0.000437775,1
extreme_081,Extreme,OpenMP,4,1,0.387021952,1
extreme_081,Extreme,OpenMP,4,2,0.310905072,1
extreme_081,Extreme,OpenMP,4,3,0.306045669,1
extreme_081,Extreme,OpenMP,4,4,0.383210491,1
extreme_081,Extreme,OpenMP,4,5,0.309497542,1
extreme_081,Extreme,OpenMP,8,1,0.263834287,1
extreme_081,Extreme,OpenMP,8,2,0.310780432,1
extreme_081,Extreme,OpenMP,8,3,0.375996369,1
extreme_081,Extreme,OpenMP,8,4,0.310831465,1
extreme_081,Extreme,OpenMP,8,5,0.248038745,1
extreme_081,Extreme,OpenMP,16,1,0.219878863,1
extreme_081,Extreme,OpenMP,16,2,0.218440097,1
extreme_081,Extreme,OpenMP,16,3,0.380187030,1
extreme_081,Extreme,OpenMP,16,4,0.375345855,1
extreme_081,Extreme,OpenMP,16,5,0.377662199,1
extreme_082,Extreme,Serial,1,1,0.059723204,1
extreme_082,Extreme,Serial,1,2,0.059271369,1
extreme_082,Extreme,Serial,1,3,0.059666447,1
extreme_082,Extreme,Serial,1,4,0.059280898,1
extreme_082,Extreme,Serial,1,5,0.059615393,1
extreme_082,Extreme,Serial-MRV,1,1,0.230113075,1
extreme_082,Extreme,Serial-MRV,1,2,0.199088274,1
extreme_082,Extreme,Serial-MRV,1,3,0.196204351,1
extreme_082,Extreme,Serial-MRV,1,4,0.195986944,1
extreme_082,Extreme,Serial-MRV,1,5,0.198115312,1
extreme_082,Extreme,DLX,1,1,0.000189912,1
extreme_082,Extreme,DLX,1,2,0.000138384,1
extreme_082,Extreme,DLX,1,3,0.000144876,1
extreme_082,Extreme,DLX,1,4,0.000125902,1
extreme_082,Extreme,DLX,1,5,0.000126721,1
extreme_082,Extreme,DLX-OMP,4,1,0.000771083,1
extreme_082,Extreme,DLX-OMP,4,2,0.000305115,1
extreme_082,Extreme,DLX-OMP,4,3,0.000289837,1
extreme_082,Extreme,DLX-OMP,4,4,0.000539566,1
extreme_082,Extreme,DLX-OMP,4,5,0.000540552,1
extreme_082,Extreme,DLX-OMP,8,1,0.000558864,1
extreme_082,Extreme,DLX-OMP,8,2,0.000656355,1
extreme_082,Extreme,DLX-OMP,8,3,0.000449011,1
extreme_082,Extreme,DLX-OMP,8,4,0.000615553,1
extreme_082,Extreme,DLX-OMP,8,5,0.000285915,1
extreme_082,Extreme,DLX-OMP,16,1,0.000898860,1
extreme_082,Extreme,DLX-OMP,16,2,0.000568449,1
extreme_082,Extreme,DLX-OMP,16,3,0.000469175,1
extreme_082,Extreme,DLX-OMP,16,4,0.000598918,1
extreme_082,Extreme,DLX-OMP,16,5,0.000623869,1
extreme_082,Extreme,OpenMP,4,1,0.075068517,1
extreme_082,Extreme,OpenMP,4,2,0.033051860,1
extreme_082,Extreme,OpenMP,4,3,0.032611287,1
extreme_082,Extreme,OpenMP,4,4,0.032146916,1
extreme_082,Extreme,OpenMP,4,5,0.031882797,1
extreme_082,Extreme,OpenMP,8,1,0.075407403,1
extreme_082,Extreme,OpenMP,8,2,0.075407873,1
extreme_082,Extreme,OpenMP,8,3,0.075107450,1
extreme_082,Extreme,OpenMP,8,4,0.075928897,1
extreme_082,Extreme,OpenMP,8,5,0.075627974,1
extreme_082,Extreme,OpenMP,16,1,0.075674502,1
extreme_082,Extreme,OpenMP,16,2,0.075767598,1
extreme_082,Extreme,OpenMP,16,3,0.075275280,1
extreme_082,Extreme,OpenMP,16,4,0.075885640,1
extreme_082,Extreme,OpenMP,16,5,0.075667429,1
extreme_083,Extreme,Serial,1,1,0.269686643,1
extreme_083,Extreme,Serial,1,2,0.165385850,1
extreme_083,Extreme,Serial,1,3,0.165190594,1
extreme_083,Extreme,Serial,1,4,0.165539458,1
extreme_083,Extreme,Serial,1,5,0.165248371,1
extreme_083,Extreme,Serial-MRV,1,1,0.431956215,1
extreme_083,Extreme,Serial-MRV,1,2,0.394094216,1
extreme_083,Extreme,Serial-MRV,1,3,0.393861958,1
extreme_083,Extreme,Serial-MRV,1,4,0.392155120,1
extreme_083,Extreme,Serial-MRV,1,5,0.393954770,1
extreme_083,Extreme,DLX,1,1,0.000182645,1
extreme_083,Extreme,DLX,1,2,0.000132701,1
extreme_083,Extreme,DLX,1,3,0.000137709,1
extreme_083,Extreme,DLX,1,4,0.000118303,1
extreme_083,Extreme,DLX,1,5,0.000117772,1
extreme_083,Extreme,DLX-OMP,4,1,0.000554890,1
extreme_083,Extreme,DLX-OMP,4,2,0.000303113,1
extreme_083,Extreme,DLX-OMP,4,3,0.000276964,1
extreme_083,Extreme,DLX-OMP,4,4,0.000540783,1
extreme_083,Extreme,DLX-OMP,4,5,0.000274150,1
extreme_083,Extreme,DLX-OMP,8,1,0.000679141,1
extreme_083,Extreme,DLX-OMP,8,2,0.000591397,1
extreme_083,Extreme,DLX-OMP,8,3,0.000431545,1
extreme_083,Extreme,DLX-OMP,8,4,0.000607370,1
extreme_083,Extreme,DLX-OMP,8,5,0.000419924,1
extreme_083,Extreme,DLX-OMP,16,1,0.001813452,1
extreme_083,Extreme,DLX-OMP,16,2,0.000414164,1
extreme_083,Extreme,DLX-OMP,16,3,0.000588083,1
extreme_083,Extreme,DLX-OMP,16,4,0.000415874,1
extreme_083,Extreme,DLX-OMP,16,5,0.000468138,1
extreme_083,Extreme,OpenMP,4,1,0.011532224,1
extreme_083,Extreme,OpenMP,4,2,0.011188287,1
extreme_083,Extreme,OpenMP,4,3,0.010635813,1
extreme_083,Extreme,OpenMP,4,4,0.023624236,1
extreme_083,Extreme,OpenMP,4,5,0.022772646,1
extreme_083,Extreme,OpenMP,8,1,0.023230719,1
extreme_083,Extreme,OpenMP,8,2,0.023167876,1
extreme_083,Extreme,OpenMP,8,3,0.011071627,1
extreme_083,Extreme,OpenMP,8,4,0.023080756,1
extreme_083,Extreme,OpenMP,8,5,0.023458936,1
extreme_083,Extreme,OpenMP,16,1,0.013869142,1
extreme_083,Extreme,OpenMP,16,2,0.023260965,1
extreme_083,Extreme,OpenMP,16,3,0.013547328,1
extreme_083,Extreme,OpenMP,16,4,0.010968863,1
extreme_083,Extreme,OpenMP,16,5,0.023242027,1
extreme_084,Extreme,Serial,1,1,0.022655661,1
extreme_084,Extreme,Serial,1,2,0.030874176,1
extreme_084,Extreme,Serial,1,3,0.031177967,1
extreme_084,Extreme,Serial,1,4,0.031202785,1
extreme_084,Extreme,Serial,1,5,0.031220375,1
extreme_084,Extreme,Serial-MRV,1,1,0.272930059,1
extreme_084,Extreme,Serial-MRV,1,2,0.269347477,1
extreme_084,Extreme,Serial-MRV,1,3,0.269219162,1
extreme_084,Extreme,Serial-MRV,1,4,0.269890348,1
extreme_084,Extreme,Serial-MRV,1,5,0.269164425,1
extreme_084,Extreme,DLX,1,1,0.000351949,1
extreme_084,Extreme,DLX,1,2,0.000330871,1
extreme_084,Extreme,DLX,1,3,0.000315390,1
extreme_084,Extreme,DLX,1,4,0.000311381,1
extreme_084,Extreme,DLX,1,5,0.000310058,1
extreme_084,Extreme,DLX-OMP,4,1,0.000686103,1
extreme_084,Extreme,DLX-OMP,4,2,0.000931748,1
extreme_084,Extreme,DLX-OMP,4,3,0.000430737,1
extreme_084,Extreme,DLX-OMP,4,4,0.000537188,1
extreme_084,Extreme,DLX-OMP,4,5,0.000904860,1
extreme_084,Extreme,DLX-OMP,8,1,0.001151514,1
extreme_084,Extreme,DLX-OMP,8,2,0.001054482,1
extreme_084,Extreme,DLX-OMP,8,3,0.000910713,1
extreme_084,Extreme,DLX-OMP,8,4,0.001084258,1
extreme_084,Extreme,DLX-OMP,8,5,0.001089691,1
extreme_084,Extreme,DLX-OMP,16,1,0.002535910,1
extreme_084,Extreme,DLX-OMP,16,2,0.001108136,1
extreme_084,Extreme,DLX-OMP,16,3,0.001109267,1
extreme_084,Extreme,DLX-OMP,16,4,0.000955565,1
extreme_084,Extreme,DLX-OMP,16,5,0.000562359,1
extreme_084,Extreme,OpenMP,4,1,0.023137822,1
extreme_084,Extreme,OpenMP,4,2,0.106444290,1
extreme_084,Extreme,OpenMP,4,3,0.081918546,1
extreme_084,Extreme,OpenMP,4,4,0.049317775,1
extreme_084,Extreme,OpenMP,4,5,0.073420214,1
extreme_084,Extreme,OpenMP,8,1,0.027403694,1
extreme_084,Extreme,OpenMP,8,2,0.047198070,1
extreme_084,Extreme,OpenMP,8,3,0.046675133,1
extreme_084,Extreme,OpenMP,8,4,0.026771423,1
extreme_084,Extreme,OpenMP,8,5,0.038637383,1
extreme_084,Extreme,OpenMP,16,1,0.047022100,1
extreme_084,Extreme,OpenMP,16,2,0.026868110,1
extreme_084,Extreme,OpenMP,16,3,0.027024725,1
extreme_084,Extreme,OpenMP,16,4,0.047270788,1
extreme_084,Extreme,OpenMP,16,5,0.047096980,1
extreme_085,Extreme,Serial,1,1,0.022124727,1
extreme_085,Extreme,Serial,1,2,0.022387980,1
extreme_085,Extreme,Serial,1,3,0.022002114,1
extreme_085,Extreme,Serial,1,4,0.022009183,1
extreme_085,Extreme,Serial,1,5,0.021996464,1
extreme_085,Extreme,Serial-MRV,1,1,0.222624897,1
extreme_085,Extreme,Serial-MRV,1,2,0.185980643,1
extreme_085,Extreme,Serial-MRV,1,3,0.185383661,1
extreme_085,Extreme,Serial-MRV,1,4,0.185733784,1
extreme_085,Extreme,Serial-MRV,1,5,0.188015746,1
extreme_085,Extreme,DLX,1,1,0.000216511,1
extreme_085,Extreme,DLX,1,2,0.000215456,1
extreme_085,Extreme,DLX,1,3,0.000187832,1
extreme_085,Extreme,DLX,1,4,0.000191189,1
extreme_085,Extreme,DLX,1,5,0.000187630,1
extreme_085,Extreme,DLX-OMP,4,1,0.000441929,1
extreme_085,Extreme,DLX-OMP,4,2,0.000711696,1
extreme_085,Extreme,DLX-OMP,4,3,0.000278980,1
extreme_085,Extreme,DLX-OMP,4,4,0.000333025,1
extreme_085,Extreme,DLX-OMP,4,5,0.000586480,1
extreme_085,Extreme,DLX-OMP,8,1,0.000859107,1
extreme_085,Extreme,DLX-OMP,8,2,0.000648040,1
extreme_085,Extreme,DLX-OMP,8,3,0.000600175,1
extreme_085,Extreme,DLX-OMP,8,4,0.000784580,1
extreme_085,Extreme,DLX-OMP,8,5,0.000748602,1
extreme_085,Extreme,DLX-OMP,16,1,0.001505885,1
extreme_085,Extreme,DLX-OMP,16,2,0.000605584,1
extreme_085,Extreme,DLX-OMP,16,3,0.000622085,1
extreme_085,Extreme,DLX-OMP,16,4,0.000779547,1
extreme_085,Extreme,DLX-OMP,16,5,0.000369072,1
extreme_085,Extreme,OpenMP,4,1,0.079572883,1
extreme_085,Extreme,OpenMP,4,2,0.036667890,1
extreme_085,Extreme,OpenMP,4,3,0.045257032,1
extreme_085,Extreme,OpenMP,4,4,0.058020206,1
extreme_085,Extreme,OpenMP,4,5,0.040064385,1
extreme_085,Extreme,OpenMP,8,1,0.039844784,1
extreme_085,Extreme,OpenMP,8,2,0.032369875,1
extreme_085,Extreme,OpenMP,8,3,0.070246763,1
extreme_085,Extreme,OpenMP,8,4,0.069833812,1
extreme_085,Extreme,OpenMP,8,5,0.040108608,1
extreme_085,Extreme,OpenMP,16,1,0.070013954,1
extreme_085,Extreme,OpenMP,16,2,0.069655316,1
extreme_085,Extreme,OpenMP,16,3,0.070199832,1
extreme_085,Extreme,OpenMP,16,4,0.069790539,1
extreme_085,Extreme,OpenMP,16,5,0.070301419,1
extreme_086,Extreme,Serial,1,1,0.329838961,1
extreme_086,Extreme,Serial,1,2,0.288288815,1
extreme_086,Extreme,Serial,1,3,0.279232628,1
extreme_086,Extreme,Serial,1,4,0.202002333,1
extreme_086,Extreme,Serial,1,5,0.202637424,1
extreme_086,Extreme,Serial-MRV,1,1,0.338837323,1
extreme_086,Extreme,Serial-MRV,1,2,0.335221498,1
extreme_086,Extreme,Serial-MRV,1,3,0.334593345,1
extreme_086,Extreme,Serial-MRV,1,4,0.334864044,1
extreme_086,Extreme,Serial-MRV,1,5,0.334893770,1
extreme_086,Extreme,DLX,1,1,0.000275288,1
extreme_086,Extreme,DLX,1,2,0.000228654,1
extreme_086,Extreme,DLX,1,3,0.000201629,1
extreme_086,Extreme,DLX,1,4,0.000200399,1
extreme_086,Extreme,DLX,1,5,0.000200083,1
extreme_086,Extreme,DLX-OMP,4,1,0.000579166,1
extreme_086,Extreme,DLX-OMP,4,2,0.000896822,1
extreme_086,Extreme,DLX-OMP,4,3,0.000811040,1
extreme_086,Extreme,DLX-OMP,4,4,0.000613149,1
extreme_086,Extreme,DLX-OMP,4,5,0.000344376,1
extreme_086,Extreme,DLX-OMP,8,1,0.000742725,1
extreme_086,Extreme,DLX-OMP,8,2,0.000396349,1
extreme_086,Extreme,DLX-OMP,8,3,0.000621766,1
extreme_086,Extreme,DLX-OMP,8,4,0.000789178,1
extreme_086,Extreme,DLX-OMP,8,5,0.000828653,1
extreme_086,Extreme,DLX-OMP,16,1,0.001478089,1
extreme_086,Extreme,DLX-OMP,16,2,0.000622725,1
extreme_086,Extreme,DLX-OMP,16,3,0.000653572,1
extreme_086,Extreme,DLX-OMP,16,4,0.000650244,1
extreme_086,Extreme,DLX-OMP,16,5,0.000620295,1
extreme_086,Extreme,OpenMP,4,1,0.062859746,1
extreme_086,Extreme,OpenMP,4,2,0.158228860,1
extreme_086,Extreme,OpenMP,4,3,0.036118062,1
extreme_086,Extreme,OpenMP,4,4,0.102458025,1
extreme_086,Extreme,OpenMP,4,5,0.035686379,1
extreme_086,Extreme,OpenMP,8,1,0.035560485,1
extreme_086,Extreme,OpenMP,8,2,0.062007741,1
extreme_086,Extreme,OpenMP,8,3,0.035549855,1
extreme_086,Extreme,OpenMP,8,4,0.061672221,1
extreme_086,Extreme,OpenMP,8,5,0.035949047,1
extreme_086,Extreme,OpenMP,16,1,0.035461323,1
extreme_086,Extreme,OpenMP,16,2,0.062232432,1
extreme_086,Extreme,OpenMP,16,3,0.035786213,1
extreme_086,Extreme,OpenMP,16,4,0.062673516,1
extreme_086,Extreme,OpenMP,16,5,0.046728803,1
extreme_087,Extreme,Serial,1,1,0.256009606,1
extreme_087,Extreme,Serial,1,2,0.157459154,1
extreme_087,Extreme,Serial,1,3,0.157338468,1
extreme_087,Extreme,Serial,1,4,0.157352227,1
extreme_087,Extreme,Serial,1,5,0.157699383,1
extreme_087,Extreme,Serial-MRV,1,1,0.223051423,1
extreme_087,Extreme,Serial-MRV,1,2,0.175978023,1
extreme_087,Extreme,Serial-MRV,1,3,0.176315483,1
extreme_087,Extreme,Serial-MRV,1,4,0.175681565,1
extreme_087,Extreme,Serial-MRV,1,5,0.175254821,1
extreme_087,Extreme,DLX,1,1,0.000158164,1
extreme_087,Extreme,DLX,1,2,0.000126609,1
extreme_087,Extreme,DLX,1,3,0.000125138,1
extreme_087,Extreme,DLX,1,4,0.000128870,1
extreme_087,Extreme,DLX,1,5,0.000124106,1
extreme_087,Extreme,DLX-OMP,4,1,0.000347157,1
extreme_087,Extreme,DLX-OMP,4,2,0.000690631,1
extreme_087,Extreme,DLX-OMP,4,3,0.000271155,1
extreme_087,Extreme,DLX-OMP,4,4,0.000214960,1
extreme_087,Extreme,DLX-OMP,4,5,0.000244858,1
extreme_087,Extreme,DLX-OMP,8,1,0.000364639,1
extreme_087,Extreme,DLX-OMP,8,2,0.000620759,1
extreme_087,Extreme,DLX-OMP,8,3,0.000566643,1
extreme_087,Extreme,DLX-OMP,8,4,0.000239303,1
extreme_087,Extreme,DLX-OMP,8,5,0.000612029,1
extreme_087,Extreme,DLX-OMP,16,1,0.001088877,1
extreme_087,Extreme,DLX-OMP,16,2,0.000632340,1
extreme_087,Extreme,DLX-OMP,16,3,0.000434655,1
extreme_087,Extreme,DLX-OMP,16,4,0.000601606,1
extreme_087,Extreme,DLX-OMP,16,5,0.000576159,1
extreme_087,Extreme,OpenMP,4,1,0.093960748,1
extreme_087,Extreme,OpenMP,4,2,0.031619131,1
extreme_087,Extreme,OpenMP,4,3,0.012731225,1
extreme_087,Extreme,OpenMP,4,4,0.012782585,1
extreme_087,Extreme,OpenMP,4,5,0.013138058,1
extreme_087,Extreme,OpenMP,8,1,0.031159968,1
extreme_087,Extreme,OpenMP,8,2,0.031010095,1
extreme_087,Extreme,OpenMP,8,3,0.031076568,1
extreme_087,Extreme,OpenMP,8,4,0.017964383,1
extreme_087,Extreme,OpenMP,8,5,0.018191889,1
extreme_087,Extreme,OpenMP,16,1,0.018632869,1
extreme_087,Extreme,OpenMP,16,2,0.031521276,1
extreme_087,Extreme,OpenMP,16,3,0.031191767,1
extreme_087,Extreme,OpenMP,16,4,0.031500780,1
extreme_087,Extreme,OpenMP,16,5,0.031708054,1
extreme_088,Extreme,Serial,1,1,1.557965104,1
extreme_088,Extreme,Serial,1,2,1.211931074,1
extreme_088,Extreme,Serial,1,3,1.212631755,1
extreme_088,Extreme,Serial,1,4,1.212443559,1
extreme_088,Extreme,Serial,1,5,1.214061770,1
extreme_088,Extreme,Serial-MRV,1,1,0.325701633,1
extreme_088,Extreme,Serial-MRV,1,2,0.322841942,1
extreme_088,Extreme,Serial-MRV,1,3,0.322850056,1
extreme_088,Extreme,Serial-MRV,1,4,0.322587760,1
extreme_088,Extreme,Serial-MRV,1,5,0.326520005,1
extreme_088,Extreme,DLX,1,1,0.000211101,1
extreme_088,Extreme,DLX,1,2,0.000137100,1
extreme_088,Extreme,DLX,1,3,0.000146109,1
extreme_088,Extreme,DLX,1,4,0.000125624,1
extreme_088,Extreme,DLX,1,5,0.000125607,1
extreme_088,Extreme,DLX-OMP,4,1,0.000484511,1
extreme_088,Extreme,DLX-OMP,4,2,0.000332247,1
extreme_088,Extreme,DLX-OMP,4,3,0.000322943,1
extreme_088,Extreme,DLX-OMP,4,4,0.001016021,1
extreme_088,Extreme,DLX-OMP,4,5,0.000282068,1
extreme_088,Extreme,DLX-OMP,8,1,0.000669558,1
extreme_088,Extreme,DLX-OMP,8,2,0.000453792,1
extreme_088,Extreme,DLX-OMP,8,3,0.000318309,1
extreme_088,Extreme,DLX-OMP,8,4,0.000414211,1
extreme_088,Extreme,DLX-OMP,8,5,0.000606118,1
extreme_088,Extreme,DLX-OMP,16,1,0.000833004,1
extreme_088,Extreme,DLX-OMP,16,2,0.000288936,1
extreme_088,Extreme,DLX-OMP,16,3,0.000479455,1
extreme_088,Extreme,DLX-OMP,16,4,0.000283947,1
extreme_088,Extreme,DLX-OMP,16,5,0.000625683,1
extreme_088,Extreme,OpenMP,4,1,0.054749317,1
extreme_088,Extreme,OpenMP,4,2,0.055021413,1
extreme_088,Extreme,OpenMP,4,3,0.055535692,1
extreme_088,Extreme,OpenMP,4,4,0.054987276,1
extreme_088,Extreme,OpenMP,4,5,0.054620560,1
extreme_088,Extreme,OpenMP,8,1,0.055233607,1
extreme_088,Extreme,OpenMP,8,2,0.054917766,1
extreme_088,Extreme,OpenMP,8,3,0.055125582,1
extreme_088,Extreme,OpenMP,8,4,0.054876264,1
extreme_088,Extreme,OpenMP,8,5,0.054912951,1
extreme_088,Extreme,OpenMP,16,1,0.055740745,1
extreme_088,Extreme,OpenMP,16,2,0.054865592,1
extreme_088,Extreme,OpenMP,16,3,0.055219437,1
extreme_088,Extreme,OpenMP,16,4,0.054961026,1
extreme_088,Extreme,OpenMP,16,5,0.055306858,1
extreme_089,Extreme,Serial,1,1,0.170947407,1
extreme_089,Extreme,Serial,1,2,0.122422294,1
extreme_089,Extreme,Serial,1,3,0.097441171,1
extreme_089,Extreme,Serial,1,4,0.097417715,1
extreme_089,Extreme,Serial,1,5,0.097261762,1
extreme_089,Extreme,Serial-MRV,1,1,0.359560982,1
extreme_089,Extreme,Serial-MRV,1,2,0.274739989,1
extreme_089,Extreme,Serial-MRV,1,3,0.251006273,1
extreme_089,Extreme,Serial-MRV,1,4,0.252249231,1
extreme_089,Extreme,Serial-MRV,1,5,0.252365745,1
extreme_089,Extreme,DLX,1,1,0.000192774,1
extreme_089,Extreme,DLX,1,2,0.000180999,1
extreme_089,Extreme,DLX,1,3,0.000185204,1
extreme_089,Extreme,DLX,1,4,0.000166890,1
extreme_089,Extreme,DLX,1,5,0.000165732,1
extreme_089,Extreme,DLX-OMP,4,1,0.000437246,1
extreme_089,Extreme,DLX-OMP,4,2,0.000445564,1
extreme_089,Extreme,DLX-OMP,4,3,0.000339552,1
extreme_089,Extreme,DLX-OMP,4,4,0.000551938,1
extreme_089,Extreme,DLX-OMP,4,5,0.000924256,1
extreme_089,Extreme,DLX-OMP,8,1,0.000813194,1
extreme_089,Extreme,DLX-OMP,8,2,0.000534068,1
extreme_089,Extreme,DLX-OMP,8,3,0.000286934,1
extreme_089,Extreme,DLX-OMP,8,4,0.000348979,1
extreme_089,Extreme,DLX-OMP,8,5,0.000735799,1
extreme_089,Extreme,DLX-OMP,16,1,0.002106436,1
extreme_089,Extreme,DLX-OMP,16,2,0.000341411,1
extreme_089,Extreme,DLX-OMP,16,3,0.000338446,1
extreme_089,Extreme,DLX-OMP,16,4,0.000708921,1
extreme_089,Extreme,DLX-OMP,16,5,0.000566906,1
extreme_089,Extreme,OpenMP,4,1,0.147069552,1
extreme_089,Extreme,OpenMP,4,2,0.096601979,1
extreme_089,Extreme,OpenMP,4,3,0.118237700,1
extreme_089,Extreme,OpenMP,4,4,0.153034542,1
extreme_089,Extreme,OpenMP,4,5,0.097693679,1
extreme_089,Extreme,OpenMP,8,1,0.152564128,1
extreme_089,Extreme,OpenMP,8,2,0.097308437,1
extreme_089,Extreme,OpenMP,8,3,0.074387459,1
extreme_089,Extreme,OpenMP,8,4,0.098061229,1
extreme_089,Extreme,OpenMP,8,5,0.168679759,1
extreme_089,Extreme,OpenMP,16,1,0.167483615,1
extreme_089,Extreme,OpenMP,16,2,0.169892433,1
extreme_089,Extreme,OpenMP,16,3,0.131686429,1
extreme_089,Extreme,OpenMP,16,4,0.126628567,1
extreme_089,Extreme,OpenMP,16,5,0.169070134,1
extreme_090,Extreme,Serial,1,1,0.240586629,1
extreme_090,Extreme,Serial,1,2,0.228632494,1
extreme_090,Extreme,Serial,1,3,0.229296422,1
extreme_090,Extreme,Serial,1,4,0.171551262,1
extreme_090,Extreme,Serial,1,5,0.159866196,1
extreme_090,Extreme,Serial-MRV,1,1,0.222099561,1
extreme_090,Extreme,Serial-MRV,1,2,0.221939273,1
extreme_090,Extreme,Serial-MRV,1,3,0.222529805,1
extreme_090,Extreme,Serial-MRV,1,4,0.221999735,1
extreme_090,Extreme,Serial-MRV,1,5,0.221649345,1
extreme_090,Extreme,DLX,1,1,0.000226208,1
extreme_090,Extreme,DLX,1,2,0.000188683,1
extreme_090,Extreme,DLX,1,3,0.000165643,1
extreme_090,Extreme,DLX,1,4,0.000161228,1
extreme_090,Extreme,DLX,1,5,0.000161356,1
extreme_090,Extreme,DLX-OMP,4,1,0.000708296,1
extreme_090,Extreme,DLX-OMP,4,2,0.000377702,1
extreme_090,Extreme,DLX-OMP,4,3,0.000641305,1
extreme_090,Extreme,DLX-OMP,4,4,0.000317670,1
extreme_090,Extreme,DLX-OMP,4,5,0.000323183,1
extreme_090,Extreme,DLX-OMP,8,1,0.001205421,1
extreme_090,Extreme,DLX-OMP,8,2,0.000799492,1
extreme_090,Extreme,DLX-OMP,8,3,0.000443872,1
extreme_090,Extreme,DLX-OMP,8,4,0.000430700,1
extreme_090,Extreme,DLX-OMP,8,5,0.000783918,1
extreme_090,Extreme,DLX-OMP,16,1,0.002070993,1
extreme_090,Extreme,DLX-OMP,16,2,0.000639628,1
extreme_090,Extreme,DLX-OMP,16,3,0.000666302,1
extreme_090,Extreme,DLX-OMP,16,4,0.000762923,1
extreme_090,Extreme,DLX-OMP,16,5,0.000778422,1
extreme_090,Extreme,OpenMP,4,1,0.054106533,1
extreme_090,Extreme,OpenMP,4,2,0.092046778,1
extreme_090,Extreme,OpenMP,4,3,0.083466725,1
extreme_090,Extreme,OpenMP,4,4,0.078893771,1
extreme_090,Extreme,OpenMP,4,5,0.078794401,1
extreme_090,Extreme,OpenMP,8,1,0.053333438,1
extreme_090,Extreme,OpenMP,8,2,0.053110828,1
extreme_090,Extreme,OpenMP,8,3,0.034035828,1
extreme_090,Extreme,OpenMP,8,4,0.053276431,1
extreme_090,Extreme,OpenMP,8,5,0.047867630,1
extreme_090,Extreme,OpenMP,16,1,0.031731545,1
extreme_090,Extreme,OpenMP,16,2,0.032031178,1
extreme_090,Extreme,OpenMP,16,3,0.053927076,1
extreme_090,Extreme,OpenMP,16,4,0.030918397,1
extreme_090,Extreme,OpenMP,16,5,0.053726175,1
extreme_091,Extreme,Serial,1,1,0.329912602,1
extreme_091,Extreme,Serial,1,2,0.259307994,1
extreme_091,Extreme,Serial,1,3,0.259922996,1
extreme_091,Extreme,Serial,1,4,0.228343626,1
extreme_091,Extreme,Serial,1,5,0.181115794,1
extreme_091,Extreme,Serial-MRV,1,1,0.241752198,1
extreme_091,Extreme,Serial-MRV,1,2,0.241224763,1
extreme_091,Extreme,Serial-MRV,1,3,0.243818053,1
extreme_091,Extreme,Serial-MRV,1,4,0.239426717,1
extreme_091,Extreme,Serial-MRV,1,5,0.241841820,1
extreme_091,Extreme,DLX,1,1,0.000178660,1
extreme_091,Extreme,DLX,1,2,0.000174410,1
extreme_091,Extreme,DLX,1,3,0.000169573,1
extreme_091,Extreme,DLX,1,4,0.000168098,1
extreme_091,Extreme,DLX,1,5,0.000168518,1
extreme_091,Extreme,DLX-OMP,4,1,0.000744465,1
extreme_091,Extreme,DLX-OMP,4,2,0.000553989,1
extreme_091,Extreme,DLX-OMP,4,3,0.000384288,1
extreme_091,Extreme,DLX-OMP,4,4,0.000516553,1
extreme_091,Extreme,DLX-OMP,4,5,0.000533830,1
extreme_091,Extreme,DLX-OMP,8,1,0.000647293,1
extreme_091,Extreme,DLX-OMP,8,2,0.000531107,1
extreme_091,Extreme,DLX-OMP,8,3,0.000721268,1
extreme_091,Extreme,DLX-OMP,8,4,0.000524205,1
extreme_091,Extreme,DLX-OMP,8,5,0.000560352,1
extreme_091,Extreme,DLX-OMP,16,1,0.001547692,1
extreme_091,Extreme,DLX-OMP,16,2,0.000720390,1
extreme_091,Extreme,DLX-OMP,16,3,0.000581465,1
extreme_091,Extreme,DLX-OMP,16,4,0.000580304,1
extreme_091,Extreme,DLX-OMP,16,5,0.000694723,1
extreme_091,Extreme,OpenMP,4,1,0.021329573,1
extreme_091,Extreme,OpenMP,4,2,0.020130020,1
extreme_091,Extreme,OpenMP,4,3,0.044560851,1
extreme_091,Extreme,OpenMP,4,4,0.044251991,1
extreme_091,Extreme,OpenMP,4,5,0.012409949,1
extreme_091,Extreme,OpenMP,8,1,0.005838022,1
extreme_091,Extreme,OpenMP,8,2,0.012188672,1
extreme_091,Extreme,OpenMP,8,3,0.012165937,1
extreme_091,Extreme,OpenMP,8,4,0.012133577,1
extreme_091,Extreme,OpenMP,8,5,0.012446525,1
extreme_091,Extreme,OpenMP,16,1,0.012908818,1
extreme_091,Extreme,OpenMP,16,2,0.012176142,1
extreme_091,Extreme,OpenMP,16,3,0.012272111,1
extreme_091,Extreme,OpenMP,16,4,0.012285371,1
extreme_091,Extreme,OpenMP,16,5,0.012279156,1
extreme_092,Extreme,Serial,1,1,0.044567540,1
extreme_092,Extreme,Serial,1,2,0.044335825,1
extreme_092,Extreme,Serial,1,3,0.043948053,1
extreme_092,Extreme,Serial,1,4,0.044046231,1
extreme_092,Extreme,Serial,1,5,0.044057649,1
extreme_092,Extreme,Serial-MRV,1,1,0.268932336,1
extreme_092,Extreme,Serial-MRV,1,2,0.269136318,1
extreme_092,Extreme,Serial-MRV,1,3,0.270040476,1
extreme_092,Extreme,Serial-MRV,1,4,0.269977572,1
extreme_092,Extreme,Serial-MRV,1,5,0.270100292,1
extreme_092,Extreme,DLX,1,1,0.000145063,1
extreme_092,Extreme,DLX,1,2,0.000127158,1
extreme_092,Extreme,DLX,1,3,0.000157009,1
extreme_092,Extreme,DLX,1,4,0.000133642,1
extreme_092,Extreme,DLX,1,5,0.000117153,1
extreme_092,Extreme,DLX-OMP,4,1,0.000354787,1
extreme_092,Extreme,DLX-OMP,4,2,0.000432599,1
extreme_092,Extreme,DLX-OMP,4,3,0.000442419,1
extreme_092,Extreme,DLX-OMP,4,4,0.000282314,1
extreme_092,Extreme,DLX-OMP,4,5,0.000282292,1
extreme_092,Extreme,DLX-OMP,8,1,0.000514976,1
extreme_092,Extreme,DLX-OMP,8,2,0.000415871,1
extreme_092,Extreme,DLX-OMP,8,3,0.000585398,1
extreme_092,Extreme,DLX-OMP,8,4,0.000548757,1
extreme_092,Extreme,DLX-OMP,8,5,0.000574934,1
extreme_092,Extreme,DLX-OMP,16,1,0.001186576,1
extreme_092,Extreme,DLX-OMP,16,2,0.000280111,1
extreme_092,Extreme,DLX-OMP,16,3,0.000611549,1
extreme_092,Extreme,DLX-OMP,16,4,0.000412005,1
extreme_092,Extreme,DLX-OMP,16,5,0.000311272,1
extreme_092,Extreme,OpenMP,4,1,0.095451221,1
extreme_092,Extreme,OpenMP,4,2,0.044225436,1
extreme_092,Extreme,OpenMP,4,3,0.043856484,1
extreme_092,Extreme,OpenMP,4,4,0.071567561,1
extreme_092,Extreme,OpenMP,4,5,0.063666108,1
extreme_092,Extreme,OpenMP,8,1,0.055392704,1
extreme_092,Extreme,OpenMP,8,2,0.054512145,1
extreme_092,Extreme,OpenMP,8,3,0.095605890,1
extreme_092,Extreme,OpenMP,8,4,0.095608754,1
extreme_092,Extreme,OpenMP,8,5,0.095341167,1
extreme_092,Extreme,OpenMP,16,1,0.096780321,1
extreme_092,Extreme,OpenMP,16,2,0.095926893,1
extreme_092,Extreme,OpenMP,16,3,0.095765167,1
extreme_092,Extreme,OpenMP,16,4,0.096098031,1
extreme_092,Extreme,OpenMP,16,5,0.095344064,1
extreme_093,Extreme,Serial,1,1,0.373809405,1
extreme_093,Extreme,Serial,1,2,0.307304619,1
extreme_093,Extreme,Serial,1,3,0.281560245,1
extreme_093,Extreme,Serial,1,4,0.216517156,1
extreme_093,Extreme,Serial,1,5,0.214934210,1
extreme_093,Extreme,Serial-MRV,1,1,0.260471779,1
extreme_093,Extreme,Serial-MRV,1,2,0.257859954,1
extreme_093,Extreme,Serial-MRV,1,3,0.257137940,1
extreme_093,Extreme,Serial-MRV,1,4,0.257042019,1
extreme_093,Extreme,Serial-MRV,1,5,0.257272730,1
extreme_093,Extreme,DLX,1,1,0.000224579,1
extreme_093,Extreme,DLX,1,2,0.000185438,1
extreme_093,Extreme,DLX,1,3,0.000159822,1
extreme_093,Extreme,DLX,1,4,0.000158707,1
extreme_093,Extreme,DLX,1,5,0.000166341,1
extreme_093,Extreme,DLX-OMP,4,1,0.001068272,1
extreme_093,Extreme,DLX-OMP,4,2,0.000721155,1
extreme_093,Extreme,DLX-OMP,4,3,0.000641309,1
extreme_093,Extreme,DLX-OMP,4,4,0.000265572,1
extreme_093,Extreme,DLX-OMP,4,5,0.000510287,1
extreme_093,Extreme,DLX-OMP,8,1,0.000751925,1
extreme_093,Extreme,DLX-OMP,8,2,0.000690729,1
extreme_093,Extreme,DLX-OMP,8,3,0.000526894,1
extreme_093,Extreme,DLX-OMP,8,4,0.000728568,1
extreme_093,Extreme,DLX-OMP,8,5,0.000344729,1
extreme_093,Extreme,DLX-OMP,16,1,0.001326097,1
extreme_093,Extreme,DLX-OMP,16,2,0.000549417,1
extreme_093,Extreme,DLX-OMP,16,3,0.000729751,1
extreme_093,Extreme,DLX-OMP,16,4,0.000519811,1
extreme_093,Extreme,DLX-OMP,16,5,0.000705869,1
extreme_093,Extreme,OpenMP,4,1,0.127406809,1
extreme_093,Extreme,OpenMP,4,2,0.157883244,1
extreme_093,Extreme,OpenMP,4,3,0.139132541,1
extreme_093,Extreme,OpenMP,4,4,0.139660864,1
extreme_093,Extreme,OpenMP,4,5,0.158275485,1
extreme_093,Extreme,OpenMP,8,1,0.139868414,1
extreme_093,Extreme,OpenMP,8,2,0.140044825,1
extreme_093,Extreme,OpenMP,8,3,0.139946001,1
extreme_093,Extreme,OpenMP,8,4,0.108420640,1
extreme_093,Extreme,OpenMP,8,5,0.114849999,1
extreme_093,Extreme,OpenMP,16,1,0.140690546,1
extreme_093,Extreme,OpenMP,16,2,0.133995429,1
extreme_093,Extreme,OpenMP,16,3,0.140432048,1
extreme_093,Extreme,OpenMP,16,4,0.102476703,1
extreme_093,Extreme,OpenMP,16,5,0.140137675,1
extreme_094,Extreme,Serial,1,1,0.062816217,1
extreme_094,Extreme,Serial,1,2,0.062387466,1
extreme_094,Extreme,Serial,1,3,0.061333304,1
extreme_094,Extreme,Serial,1,4,0.035935883,1
extreme_094,Extreme,Serial,1,5,0.035929183,1
extreme_094,Extreme,Serial-MRV,1,1,0.336469715,1
extreme_094,Extreme,Serial-MRV,1,2,0.336138322,1
extreme_094,Extreme,Serial-MRV,1,3,0.257666922,1
extreme_094,Extreme,Serial-MRV,1,4,0.234604198,1
extreme_094,Extreme,Serial-MRV,1,5,0.234613264,1
extreme_094,Extreme,DLX,1,1,0.000230462,1
extreme_094,Extreme,DLX,1,2,0.000236100,1
extreme_094,Extreme,DLX,1,3,0.000206974,1
extreme_094,Extreme,DLX,1,4,0.000205792,1
extreme_094,Extreme,DLX,1,5,0.000205320,1
extreme_094,Extreme,DLX-OMP,4,1,0.000505198,1
extreme_094,Extreme,DLX-OMP,4,2,0.000438901,1
extreme_094,Extreme,DLX-OMP,4,3,0.000426080,1
extreme_094,Extreme,DLX-OMP,4,4,0.000651328,1
extreme_094,Extreme,DLX-OMP,4,5,0.000618602,1
extreme_094,Extreme,DLX-OMP,8,1,0.000452075,1
extreme_094,Extreme,DLX-OMP,8,2,0.000645328,1
extreme_094,Extreme,DLX-OMP,8,3,0.000327962,1
extreme_094,Extreme,DLX-OMP,8,4,0.000818872,1
extreme_094,Extreme,DLX-OMP,8,5,0.000655654,1
extreme_094,Extreme,DLX-OMP,16,1,0.001594656,1
extreme_094,Extreme,DLX-OMP,16,2,0.000836366,1
extreme_094,Extreme,DLX-OMP,16,3,0.000662336,1
extreme_094,Extreme,DLX-OMP,16,4,0.000680569,1
extreme_094,Extreme,DLX-OMP,16,5,0.000632126,1
extreme_094,Extreme,OpenMP,4,1,0.065428648,1
extreme_094,Extreme,OpenMP,4,2,0.006849124,1
extreme_094,Extreme,OpenMP,4,3,0.044568469,1
extreme_094,Extreme,OpenMP,4,4,0.056826868,1
extreme_094,Extreme,OpenMP,4,5,0.039600565,1
extreme_094,Extreme,OpenMP,8,1,0.004201165,1
extreme_094,Extreme,OpenMP,8,2,0.003307296,1
extreme_094,Extreme,OpenMP,8,3,0.006862500,1
extreme_094,Extreme,OpenMP,8,4,0.004147110,1
extreme_094,Extreme,OpenMP,8,5,0.004119188,1
extreme_094,Extreme,OpenMP,16,1,0.004419192,1
extreme_094,Extreme,OpenMP,16,2,0.007109613,1
extreme_094,Extreme,OpenMP,16,3,0.007032863,1
extreme_094,Extreme,OpenMP,16,4,0.007288278,1
extreme_094,Extreme,OpenMP,16,5,0.005166496,1
extreme_095,Extreme,Serial,1,1,0.324874398,1
extreme_095,Extreme,Serial,1,2,0.263495046,1
extreme_095,Extreme,Serial,1,3,0.264247114,1
extreme_095,Extreme,Serial,1,4,0.262062553,1
extreme_095,Extreme,Serial,1,5,0.264262878,1
extreme_095,Extreme,Serial-MRV,1,1,0.379169283,1
extreme_095,Extreme,Serial-MRV,1,2,0.378965216,1
extreme_095,Extreme,Serial-MRV,1,3,0.379566251,1
extreme_095,Extreme,Serial-MRV,1,4,0.380286724,1
extreme_095,Extreme,Serial-MRV,1,5,0.378953157,1
extreme_095,Extreme,DLX,1,1,0.000149517,1
extreme_095,Extreme,DLX,1,2,0.000143226,1
extreme_095,Extreme,DLX,1,3,0.000142168,1
extreme_095,Extreme,DLX,1,4,0.000141636,1
extreme_095,Extreme,DLX,1,5,0.000144204,1
extreme_095,Extreme,DLX-OMP,4,1,0.000390142,1
extreme_095,Extreme,DLX-OMP,4,2,0.000537939,1
extreme_095,Extreme,DLX-OMP,4,3,0.000536073,1
extreme_095,Extreme,DLX-OMP,4,4,0.000460666,1
extreme_095,Extreme,DLX-OMP,4,5,0.000463818,1
extreme_095,Extreme,DLX-OMP,8,1,0.000737963,1
extreme_095,Extreme,DLX-OMP,8,2,0.000454915,1
extreme_095,Extreme,DLX-OMP,8,3,0.000307407,1
extreme_095,Extreme,DLX-OMP,8,4,0.000467307,1
extreme_095,Extreme,DLX-OMP,8,5,0.000627648,1
extreme_095,Extreme,DLX-OMP,16,1,0.000946027,1
extreme_095,Extreme,DLX-OMP,16,2,0.000489551,1
extreme_095,Extreme,DLX-OMP,16,3,0.000662130,1
extreme_095,Extreme,DLX-OMP,16,4,0.000667326,1
extreme_095,Extreme,DLX-OMP,16,5,0.000642139,1
extreme_095,Extreme,OpenMP,4,1,0.008747905,1
extreme_095,Extreme,OpenMP,4,2,0.070782423,1
extreme_095,Extreme,OpenMP,4,3,0.139846816,1
extreme_095,Extreme,OpenMP,4,4,0.074036097,1
extreme_095,Extreme,OpenMP,4,5,0.004932469,1
extreme_095,Extreme,OpenMP,8,1,0.008670882,1
extreme_095,Extreme,OpenMP,8,2,0.008631100,1
extreme_095,Extreme,OpenMP,8,3,0.008621198,1
extreme_095,Extreme,OpenMP,8,4,0.008579778,1
extreme_095,Extreme,OpenMP,8,5,0.008996289,1
extreme_095,Extreme,OpenMP,16,1,0.009816690,1
extreme_095,Extreme,OpenMP,16,2,0.008714310,1
extreme_095,Extreme,OpenMP,16,3,0.005196845,1
extreme_095,Extreme,OpenMP,16,4,0.004636407,1
extreme_095,Extreme,OpenMP,16,5,0.008629282,1
extreme_096,Extreme,Serial,1,1,0.724461351,1
extreme_096,Extreme,Serial,1,2,0.720577833,1
extreme_096,Extreme,Serial,1,3,0.788023461,1
extreme_096,Extreme,Serial,1,4,0.722399910,1
extreme_096,Extreme,Serial,1,5,0.728835549,1
extreme_096,Extreme,Serial-MRV,1,1,0.518785930,1
extreme_096,Extreme,Serial-MRV,1,2,0.518911449,1
extreme_096,Extreme,Serial-MRV,1,3,0.518887166,1
extreme_096,Extreme,Serial-MRV,1,4,0.517520652,1
extreme_096,Extreme,Serial-MRV,1,5,0.521501718,1
extreme_096,Extreme,DLX,1,1,0.000142289,1
extreme_096,Extreme,DLX,1,2,0.000133146,1
extreme_096,Extreme,DLX,1,3,0.000131256,1
extreme_096,Extreme,DLX,1,4,0.000131505,1
extreme_096,Extreme,DLX,1,5,0.000131420,1
extreme_096,Extreme,DLX-OMP,4,1,0.000386042,1
extreme_096,Extreme,DLX-OMP,4,2,0.000487079,1
extreme_096,Extreme,DLX-OMP,4,3,0.000347912,1
extreme_096,Extreme,DLX-OMP,4,4,0.000498512,1
extreme_096,Extreme,DLX-OMP,4,5,0.000447526,1
extreme_096,Extreme,DLX-OMP,8,1,0.000574899,1
extreme_096,Extreme,DLX-OMP,8,2,0.000248169,1
extreme_096,Extreme,DLX-OMP,8,3,0.000621736,1
extreme_096,Extreme,DLX-OMP,8,4,0.000246019,1
extreme_096,Extreme,DLX-OMP,8,5,0.000455281,1
extreme_096,Extreme,DLX-OMP,16,1,0.000710975,1
extreme_096,Extreme,DLX-OMP,16,2,0.000616296,1
extreme_096,Extreme,DLX-OMP,16,3,0.000623088,1
extreme_096,Extreme,DLX-OMP,16,4,0.000599120,1
extreme_096,Extreme,DLX-OMP,16,5,0.000622652,1
extreme_096,Extreme,OpenMP,4,1,0.372508156,1
extreme_096,Extreme,OpenMP,4,2,0.292529450,1
extreme_096,Extreme,OpenMP,4,3,0.245718547,1
extreme_096,Extreme,OpenMP,4,4,0.221336480,1
extreme_096,Extreme,OpenMP,4,5,0.221911804,1
extreme_096,Extreme,OpenMP,8,1,0.220083600,1
extreme_096,Extreme,OpenMP,8,2,0.313515201,1
extreme_096,Extreme,OpenMP,8,3,0.220104233,1
extreme_096,Extreme,OpenMP,8,4,0.298674735,1
extreme_096,Extreme,OpenMP,8,5,0.277862613,1
extreme_096,Extreme,OpenMP,16,1,0.374968554,1
extreme_096,Extreme,OpenMP,16,2,0.321040969,1
extreme_096,Extreme,OpenMP,16,3,0.289562613,1
extreme_096,Extreme,OpenMP,16,4,0.381244129,1
extreme_096,Extreme,OpenMP,16,5,0.323219846,1
extreme_097,Extreme,Serial,1,1,0.281780452,1
extreme_097,Extreme,Serial,1,2,0.207168135,1
extreme_097,Extreme,Serial,1,3,0.207144144,1
extreme_097,Extreme,Serial,1,4,0.180070924,1
extreme_097,Extreme,Serial,1,5,0.144938112,1
extreme_097,Extreme,Serial-MRV,1,1,0.332524632,1
extreme_097,Extreme,Serial-MRV,1,2,0.330531969,1
extreme_097,Extreme,Serial-MRV,1,3,0.330132001,1
extreme_097,Extreme,Serial-MRV,1,4,0.335751853,1
extreme_097,Extreme,Serial-MRV,1,5,0.334054492,1
extreme_097,Extreme,DLX,1,1,0.000184860,1
extreme_097,Extreme,DLX,1,2,0.000127153,1
extreme_097,Extreme,DLX,1,3,0.000137354,1
extreme_097,Extreme,DLX,1,4,0.000116302,1
extreme_097,Extreme,DLX,1,5,0.000116709,1
extreme_097,Extreme,DLX-OMP,4,1,0.000516855,1
extreme_097,Extreme,DLX-OMP,4,2,0.000313153,1
extreme_097,Extreme,DLX-OMP,4,3,0.000252660,1
extreme_097,Extreme,DLX-OMP,4,4,0.000550240,1
extreme_097,Extreme,DLX-OMP,4,5,0.000239199,1
extreme_097,Extreme,DLX-OMP,8,1,0.000383096,1
extreme_097,Extreme,DLX-OMP,8,2,0.000447119,1
extreme_097,Extreme,DLX-OMP,8,3,0.000230939,1
extreme_097,Extreme,DLX-OMP,8,4,0.000431263,1
extreme_097,Extreme,DLX-OMP,8,5,0.000620756,1
extreme_097,Extreme,DLX-OMP,16,1,0.000750550,1
extreme_097,Extreme,DLX-OMP,16,2,0.000420611,1
extreme_097,Extreme,DLX-OMP,16,3,0.000624875,1
extreme_097,Extreme,DLX-OMP,16,4,0.000437712,1
extreme_097,Extreme,DLX-OMP,16,5,0.000528095,1
extreme_097,Extreme,OpenMP,4,1,0.337950873,1
extreme_097,Extreme,OpenMP,4,2,0.534402282,1
extreme_097,Extreme,OpenMP,4,3,0.573010829,1
extreme_097,Extreme,OpenMP,4,4,0.541905156,1
extreme_097,Extreme,OpenMP,4,5,0.577343937,1
extreme_097,Extreme,OpenMP,8,1,0.544538193,1
extreme_097,Extreme,OpenMP,8,2,0.578624695,1
extreme_097,Extreme,OpenMP,8,3,0.544999305,1
extreme_097,Extreme,OpenMP,8,4,0.579125946,1
extreme_097,Extreme,OpenMP,8,5,0.545473058,1
extreme_097,Extreme,OpenMP,16,1,0.585451674,1
extreme_097,Extreme,OpenMP,16,2,0.542617835,1
extreme_097,Extreme,OpenMP,16,3,0.579536538,1
extreme_097,Extreme,OpenMP,16,4,0.543995811,1
extreme_097,Extreme,OpenMP,16,5,0.578726953,1
extreme_098,Extreme,Serial,1,1,0.200294219,1
extreme_098,Extreme,Serial,1,2,0.129766745,1
extreme_098,Extreme,Serial,1,3,0.130448770,1
extreme_098,Extreme,Serial,1,4,0.129638574,1
extreme_098,Extreme,Serial,1,5,0.129676687,1
extreme_098,Extreme,Serial-MRV,1,1,0.227236364,1
extreme_098,Extreme,Serial-MRV,1,2,0.207104483,1
extreme_098,Extreme,Serial-MRV,1,3,0.206089264,1
extreme_098,Extreme,Serial-MRV,1,4,0.206172148,1
extreme_098,Extreme,Serial-MRV,1,5,0.205385542,1
extreme_098,Extreme,DLX,1,1,0.000188924,1
extreme_098,Extreme,DLX,1,2,0.000129581,1
extreme_098,Extreme,DLX,1,3,0.000138306,1
extreme_098,Extreme,DLX,1,4,0.000119788,1
extreme_098,Extreme,DLX,1,5,0.000118883,1
extreme_098,Extreme,DLX-OMP,4,1,0.000770202,1
extreme_098,Extreme,DLX-OMP,4,2,0.000296438,1
extreme_098,Extreme,DLX-OMP,4,3,0.000318424,1
extreme_098,Extreme,DLX-OMP,4,4,0.000251466,1
extreme_098,Extreme,DLX-OMP,4,5,0.000516217,1
extreme_098,Extreme,DLX-OMP,8,1,0.000675860,1
extreme_098,Extreme,DLX-OMP,8,2,0.000554694,1
extreme_098,Extreme,DLX-OMP,8,3,0.000613297,1
extreme_098,Extreme,DLX-OMP,8,4,0.000312072,1
extreme_098,Extreme,DLX-OMP,8,5,0.000395912,1
extreme_098,Extreme,DLX-OMP,16,1,0.001568555,1
extreme_098,Extreme,DLX-OMP,16,2,0.000618554,1
extreme_098,Extreme,DLX-OMP,16,3,0.000276733,1
extreme_098,Extreme,DLX-OMP,16,4,0.000272953,1
extreme_098,Extreme,DLX-OMP,16,5,0.000597264,1
extreme_098,Extreme,OpenMP,4,1,0.011048410,1
extreme_098,Extreme,OpenMP,4,2,0.010686615,1
extreme_098,Extreme,OpenMP,4,3,0.010486924,1
extreme_098,Extreme,OpenMP,4,4,0.058760738,1
extreme_098,Extreme,OpenMP,4,5,0.058560555,1
extreme_098,Extreme,OpenMP,8,1,0.006235742,1
extreme_098,Extreme,OpenMP,8,2,0.010333761,1
extreme_098,Extreme,OpenMP,8,3,0.010300215,1
extreme_098,Extreme,OpenMP,8,4,0.010374582,1
extreme_098,Extreme,OpenMP,8,5,0.010425951,1
extreme_098,Extreme,OpenMP,16,1,0.011201521,1
extreme_098,Extreme,OpenMP,16,2,0.010583746,1
extreme_098,Extreme,OpenMP,16,3,0.010322336,1
extreme_098,Extreme,OpenMP,16,4,0.010645897,1
extreme_098,Extreme,OpenMP,16,5,0.010540912,1
extreme_099,Extreme,Serial,1,1,0.021815082,1
extreme_099,Extreme,Serial,1,2,0.020350721,1
extreme_099,Extreme,Serial,1,3,0.020448626,1
extreme_099,Extreme,Serial,1,4,0.020220669,1
extreme_099,Extreme,Serial,1,5,0.020194377,1
extreme_099,Extreme,Serial-MRV,1,1,0.405818991,1
extreme_099,Extreme,Serial-MRV,1,2,0.404055857,1
extreme_099,Extreme,Serial-MRV,1,3,0.404011162,1
extreme_099,Extreme,Serial-MRV,1,4,0.403929426,1
extreme_099,Extreme,Serial-MRV,1,5,0.405748058,1
extreme_099,Extreme,DLX,1,1,0.000204028,1
extreme_099,Extreme,DLX,1,2,0.000154720,1
extreme_099,Extreme,DLX,1,3,0.000142130,1
extreme_099,Extreme,DLX,1,4,0.000127359,1
extreme_099,Extreme,DLX,1,5,0.000126986,1
extreme_099,Extreme,DLX-OMP,4,1,0.000492095,1
extreme_099,Extreme,DLX-OMP,4,2,0.000888649,1
extreme_099,Extreme,DLX-OMP,4,3,0.000594864,1
extreme_099,Extreme,DLX-OMP,4,4,0.000262472,1
extreme_099,Extreme,DLX-OMP,4,5,0.000307942,1
extreme_099,Extreme,DLX-OMP,8,1,0.000721576,1
extreme_099,Extreme,DLX-OMP,8,2,0.000296445,1
extreme_099,Extreme,DLX-OMP,8,3,0.000801476,1
extreme_099,Extreme,DLX-OMP,8,4,0.000272782,1
extreme_099,Extreme,DLX-OMP,8,5,0.000419645,1
extreme_099,Extreme,DLX-OMP,16,1,0.001379750,1
extreme_099,Extreme,DLX-OMP,16,2,0.000606044,1
extreme_099,Extreme,DLX-OMP,16,3,0.000600696,1
extreme_099,Extreme,DLX-OMP,16,4,0.000463260,1
extreme_099,Extreme,DLX-OMP,16,5,0.000435923,1
extreme_099,Extreme,OpenMP,4,1,0.035370089,1
extreme_099,Extreme,OpenMP,4,2,0.033521083,1
extreme_099,Extreme,OpenMP,4,3,0.033436947,1
extreme_099,Extreme,OpenMP,4,4,0.033810989,1
extreme_099,Extreme,OpenMP,4,5,0.042627918,1
extreme_099,Extreme,OpenMP,8,1,0.030493512,1
extreme_099,Extreme,OpenMP,8,2,0.074134162,1
extreme_099,Extreme,OpenMP,8,3,0.042534755,1
extreme_099,Extreme,OpenMP,8,4,0.073828390,1
extreme_099,Extreme,OpenMP,8,5,0.073580755,1
extreme_099,Extreme,OpenMP,16,1,0.043899105,1
extreme_099,Extreme,OpenMP,16,2,0.074123318,1
extreme_099,Extreme,OpenMP,16,3,0.074313150,1
extreme_099,Extreme,OpenMP,16,4,0.074278520,1
extreme_099,Extreme,OpenMP,16,5,0.074519722,1
extreme_100,Extreme,Serial,1,1,0.028993246,1
extreme_100,Extreme,Serial,1,2,0.029233564,1
extreme_100,Extreme,Serial,1,3,0.028870578,1
extreme_100,Extreme,Serial,1,4,0.028850051,1
extreme_100,Extreme,Serial,1,5,0.028887928,1
extreme_100,Extreme,Serial-MRV,1,1,0.291730328,1
extreme_100,Extreme,Serial-MRV,1,2,0.274431803,1
extreme_100,Extreme,Serial-MRV,1,3,0.249317563,1
extreme_100,Extreme,Serial-MRV,1,4,0.193750988,1
extreme_100,Extreme,Serial-MRV,1,5,0.195399677,1
extreme_100,Extreme,DLX,1,1,0.000165543,1
extreme_100,Extreme,DLX,1,2,0.000150046,1
extreme_100,Extreme,DLX,1,3,0.000155977,1
extreme_100,Extreme,DLX,1,4,0.000137864,1
extreme_100,Extreme,DLX,1,5,0.000141636,1
extreme_100,Extreme,DLX-OMP,4,1,0.000379932,1
extreme_100,Extreme,DLX-OMP,4,2,0.000349270,1
extreme_100,Extreme,DLX-OMP,4,3,0.000319869,1
extreme_100,Extreme,DLX-OMP,4,4,0.000648043,1
extreme_100,Extreme,DLX-OMP,4,5,0.000289816,1
extreme_100,Extreme,DLX-OMP,8,1,0.000734665,1
extreme_100,Extreme,DLX-OMP,8,2,0.000491761,1
extreme_100,Extreme,DLX-OMP,8,3,0.000462840,1
extreme_100,Extreme,DLX-OMP,8,4,0.000488655,1
extreme_100,Extreme,DLX-OMP,8,5,0.000630539,1
extreme_100,Extreme,DLX-OMP,16,1,0.001284092,1
extreme_100,Extreme,DLX-OMP,16,2,0.000638222,1
extreme_100,Extreme,DLX-OMP,16,3,0.000484672,1
extreme_100,Extreme,DLX-OMP,16,4,0.000492607,1
extreme_100,Extreme,DLX-OMP,16,5,0.000606231,1
extreme_100,Extreme,OpenMP,4,1,0.006438872,1
extreme_100,Extreme,OpenMP,4,2,0.006288575,1
extreme_100,Extreme,OpenMP,4,3,0.006333878,1
extreme_100,Extreme,OpenMP,4,4,0.003311035,1
extreme_100,Extreme,OpenMP,4,5,0.003181185,1
extreme_100,Extreme,OpenMP,8,1,0.006364160,1
extreme_100,Extreme,OpenMP,8,2,0.006417945,1
extreme_100,Extreme,OpenMP,8,3,0.006315808,1
extreme_100,Extreme,OpenMP,8,4,0.006453948,1
extreme_100,Extreme,OpenMP,8,5,0.006343045,1
extreme_100,Extreme,OpenMP,16,1,0.006746957,1
extreme_100,Extreme,OpenMP,16,2,0.003757977,1
extreme_100,Extreme,OpenMP,16,3,0.006800475,1
extreme_100,Extreme,OpenMP,16,4,0.006343708,1
extreme_100,Extreme,OpenMP,16,5,0.006449733,1